Copyright 1986-2022 Xilinx, Inc. All Rights Reserved. Copyright 2022-2023 Advanced Micro Devices, Inc. All Rights Reserved.
---------------------------------------------------------------------------------------------------------------------------------------------------------------------------------------------------------------------------
| Tool Version : Vivado v.2023.1 (win64) Build 3865809 Sun May  7 15:05:29 MDT 2023
| Date         : Fri Nov 28 08:55:54 2025
| Host         : DESKTOP-7IUMTM5 running 64-bit major release  (build 9200)
| Command      : report_timing_summary -max_paths 10 -report_unconstrained -file top_module_timing_summary_routed.rpt -pb top_module_timing_summary_routed.pb -rpx top_module_timing_summary_routed.rpx -warn_on_violation
| Design       : top_module
| Device       : 7z020-clg400
| Speed File   : -1  PRODUCTION 1.12 2019-11-22
| Design State : Routed
---------------------------------------------------------------------------------------------------------------------------------------------------------------------------------------------------------------------------

Timing Summary Report

------------------------------------------------------------------------------------------------
| Timer Settings
| --------------
------------------------------------------------------------------------------------------------

  Enable Multi Corner Analysis               :  Yes
  Enable Pessimism Removal                   :  Yes
  Pessimism Removal Resolution               :  Nearest Common Node
  Enable Input Delay Default Clock           :  No
  Enable Preset / Clear Arcs                 :  No
  Disable Flight Delays                      :  No
  Ignore I/O Paths                           :  No
  Timing Early Launch at Borrowing Latches   :  No
  Borrow Time for Max Delay Exceptions       :  Yes
  Merge Timing Exceptions                    :  Yes

  Corner  Analyze    Analyze    
  Name    Max Paths  Min Paths  
  ------  ---------  ---------  
  Slow    Yes        Yes        
  Fast    Yes        Yes        


------------------------------------------------------------------------------------------------
| Report Methodology
| ------------------
------------------------------------------------------------------------------------------------

Rule       Severity  Description                    Violations  
---------  --------  -----------------------------  ----------  
TIMING-18  Warning   Missing input or output delay  6           

Note: This report is based on the most recent report_methodology run and may not be up-to-date. Run report_methodology on the current design for the latest report.



check_timing report

Table of Contents
-----------------
1. checking no_clock (0)
2. checking constant_clock (0)
3. checking pulse_width_clock (0)
4. checking unconstrained_internal_endpoints (0)
5. checking no_input_delay (3)
6. checking no_output_delay (3)
7. checking multiple_clock (0)
8. checking generated_clocks (0)
9. checking loops (0)
10. checking partial_input_delay (0)
11. checking partial_output_delay (0)
12. checking latch_loops (0)

1. checking no_clock (0)
------------------------
 There are 0 register/latch pins with no clock.


2. checking constant_clock (0)
------------------------------
 There are 0 register/latch pins with constant_clock.


3. checking pulse_width_clock (0)
---------------------------------
 There are 0 register/latch pins which need pulse_width check


4. checking unconstrained_internal_endpoints (0)
------------------------------------------------
 There are 0 pins that are not constrained for maximum delay.

 There are 0 pins that are not constrained for maximum delay due to constant clock.


5. checking no_input_delay (3)
------------------------------
 There are 3 input ports with no input delay specified. (HIGH)

 There are 0 input ports with no input delay but user has a false path constraint.


6. checking no_output_delay (3)
-------------------------------
 There are 3 ports with no output delay specified. (HIGH)

 There are 0 ports with no output delay but user has a false path constraint

 There are 0 ports with no output delay but with a timing clock defined on it or propagating through it


7. checking multiple_clock (0)
------------------------------
 There are 0 register/latch pins with multiple clocks.


8. checking generated_clocks (0)
--------------------------------
 There are 0 generated clocks that are not connected to a clock source.


9. checking loops (0)
---------------------
 There are 0 combinational loops in the design.


10. checking partial_input_delay (0)
------------------------------------
 There are 0 input ports with partial input delay specified.


11. checking partial_output_delay (0)
-------------------------------------
 There are 0 ports with partial output delay specified.


12. checking latch_loops (0)
----------------------------
 There are 0 combinational latch loops in the design through latch input



------------------------------------------------------------------------------------------------
| Design Timing Summary
| ---------------------
------------------------------------------------------------------------------------------------

    WNS(ns)      TNS(ns)  TNS Failing Endpoints  TNS Total Endpoints      WHS(ns)      THS(ns)  THS Failing Endpoints  THS Total Endpoints     WPWS(ns)     TPWS(ns)  TPWS Failing Endpoints  TPWS Total Endpoints  
    -------      -------  ---------------------  -------------------      -------      -------  ---------------------  -------------------     --------     --------  ----------------------  --------------------  
     -0.073       -0.159                      3                 1904        0.151        0.000                      0                 1904        3.500        0.000                       0                   267  


Timing constraints are not met.


------------------------------------------------------------------------------------------------
| Clock Summary
| -------------
------------------------------------------------------------------------------------------------

Clock        Waveform(ns)         Period(ns)      Frequency(MHz)
-----        ------------         ----------      --------------
sys_clk_pin  {0.000 4.000}        8.000           125.000         


------------------------------------------------------------------------------------------------
| Intra Clock Table
| -----------------
------------------------------------------------------------------------------------------------

Clock             WNS(ns)      TNS(ns)  TNS Failing Endpoints  TNS Total Endpoints      WHS(ns)      THS(ns)  THS Failing Endpoints  THS Total Endpoints     WPWS(ns)     TPWS(ns)  TPWS Failing Endpoints  TPWS Total Endpoints  
-----             -------      -------  ---------------------  -------------------      -------      -------  ---------------------  -------------------     --------     --------  ----------------------  --------------------  
sys_clk_pin        -0.073       -0.159                      3                 1904        0.151        0.000                      0                 1904        3.500        0.000                       0                   267  


------------------------------------------------------------------------------------------------
| Inter Clock Table
| -----------------
------------------------------------------------------------------------------------------------

From Clock    To Clock          WNS(ns)      TNS(ns)  TNS Failing Endpoints  TNS Total Endpoints      WHS(ns)      THS(ns)  THS Failing Endpoints  THS Total Endpoints  
----------    --------          -------      -------  ---------------------  -------------------      -------      -------  ---------------------  -------------------  


------------------------------------------------------------------------------------------------
| Other Path Groups Table
| -----------------------
------------------------------------------------------------------------------------------------

Path Group    From Clock    To Clock          WNS(ns)      TNS(ns)  TNS Failing Endpoints  TNS Total Endpoints      WHS(ns)      THS(ns)  THS Failing Endpoints  THS Total Endpoints  
----------    ----------    --------          -------      -------  ---------------------  -------------------      -------      -------  ---------------------  -------------------  


------------------------------------------------------------------------------------------------
| User Ignored Path Table
| -----------------------
------------------------------------------------------------------------------------------------

Path Group    From Clock    To Clock    
----------    ----------    --------    


------------------------------------------------------------------------------------------------
| Unconstrained Path Table
| ------------------------
------------------------------------------------------------------------------------------------

Path Group    From Clock    To Clock    
----------    ----------    --------    
(none)        sys_clk_pin                 
(none)                      sys_clk_pin   


------------------------------------------------------------------------------------------------
| Timing Details
| --------------
------------------------------------------------------------------------------------------------


---------------------------------------------------------------------------------------------------
From Clock:  sys_clk_pin
  To Clock:  sys_clk_pin

Setup :            3  Failing Endpoints,  Worst Slack       -0.073ns,  Total Violation       -0.159ns
Hold  :            0  Failing Endpoints,  Worst Slack        0.151ns,  Total Violation        0.000ns
PW    :            0  Failing Endpoints,  Worst Slack        3.500ns,  Total Violation        0.000ns
---------------------------------------------------------------------------------------------------


Max Delay Paths
--------------------------------------------------------------------------------------
Slack (VIOLATED) :        -0.073ns  (required time - arrival time)
  Source:                 uut/counter_x_reg[9]/C
                            (rising edge-triggered cell FDCE clocked by sys_clk_pin  {rise@0.000ns fall@4.000ns period=8.000ns})
  Destination:            uuuut/U0/inst_blk_mem_gen/gnbram.gnativebmg.native_blk_mem_gen/valid.cstr/ramloop[30].ram.r/prim_noinit.ram/DEVICE_7SERIES.NO_BMM_INFO.SDP.SIMPLE_PRIM36.ram/ENARDEN
                            (rising edge-triggered cell RAMB36E1 clocked by sys_clk_pin  {rise@0.000ns fall@4.000ns period=8.000ns})
  Path Group:             sys_clk_pin
  Path Type:              Setup (Max at Slow Process Corner)
  Requirement:            8.000ns  (sys_clk_pin rise@8.000ns - sys_clk_pin rise@0.000ns)
  Data Path Delay:        7.601ns  (logic 3.310ns (43.547%)  route 4.291ns (56.453%))
  Logic Levels:           10  (CARRY4=4 LUT1=1 LUT3=1 LUT5=2 LUT6=2)
  Clock Path Skew:        0.007ns (DCD - SCD + CPR)
    Destination Clock Delay (DCD):    5.418ns = ( 13.418 - 8.000 ) 
    Source Clock Delay      (SCD):    5.735ns
    Clock Pessimism Removal (CPR):    0.323ns
  Clock Uncertainty:      0.035ns  ((TSJ^2 + TIJ^2)^1/2 + DJ) / 2 + PE
    Total System Jitter     (TSJ):    0.071ns
    Total Input Jitter      (TIJ):    0.000ns
    Discrete Jitter          (DJ):    0.000ns
    Phase Error              (PE):    0.000ns

    Location             Delay type                Incr(ns)  Path(ns)    Netlist Resource(s)
  -------------------------------------------------------------------    -------------------
                         (clock sys_clk_pin rise edge)
                                                      0.000     0.000 r  
    H16                                               0.000     0.000 r  clk_125mhz (IN)
                         net (fo=0)                   0.000     0.000    clk_125mhz
    H16                  IBUF (Prop_ibuf_I_O)         1.451     1.451 r  clk_125mhz_IBUF_inst/O
                         net (fo=1, routed)           2.522     3.973    clk_125mhz_IBUF
    BUFGCTRL_X0Y16       BUFG (Prop_bufg_I_O)         0.101     4.074 r  clk_125mhz_IBUF_BUFG_inst/O
                         net (fo=266, routed)         1.661     5.735    uut/clk_125mhz_IBUF_BUFG
    SLICE_X47Y15         FDCE                                         r  uut/counter_x_reg[9]/C
  -------------------------------------------------------------------    -------------------
    SLICE_X47Y15         FDCE (Prop_fdce_C_Q)         0.419     6.154 f  uut/counter_x_reg[9]/Q
                         net (fo=4, routed)           0.318     6.471    uut/counter_x_reg_n_0_[9]
    SLICE_X45Y15         LUT1 (Prop_lut1_I0_O)        0.297     6.768 r  uut/addr_out_carry_i_15/O
                         net (fo=1, routed)           0.000     6.768    uut/addr_out_carry_i_15_n_0
    SLICE_X45Y15         CARRY4 (Prop_carry4_S[2]_CO[3])
                                                      0.398     7.166 r  uut/addr_out_carry_i_11/CO[3]
                         net (fo=1, routed)           0.000     7.166    uut/addr_out_carry_i_11_n_0
    SLICE_X45Y16         CARRY4 (Prop_carry4_CI_O[1])
                                                      0.334     7.500 r  uut/addr_out_carry__0_i_14/O[1]
                         net (fo=1, routed)           0.415     7.916    uut/x_new0[12]
    SLICE_X47Y17         LUT6 (Prop_lut6_I5_O)        0.303     8.219 r  uut/addr_out_carry__0_i_11/O
                         net (fo=1, routed)           0.564     8.782    uut/y_new[12]
    SLICE_X44Y17         LUT5 (Prop_lut5_I4_O)        0.124     8.906 r  uut/addr_out_carry__0_i_7/O
                         net (fo=1, routed)           0.000     8.906    uut/addr_out_carry__0_i_7_n_0
    SLICE_X44Y17         CARRY4 (Prop_carry4_S[1]_CO[3])
                                                      0.550     9.456 r  uut/addr_out_carry__0/CO[3]
                         net (fo=1, routed)           0.000     9.456    uut/addr_out_carry__0_n_0
    SLICE_X44Y18         CARRY4 (Prop_carry4_CI_O[1])
                                                      0.334     9.790 r  uut/addr_out_carry__1/O[1]
                         net (fo=1, routed)           0.292    10.083    uut/addr_out[16]
    SLICE_X47Y18         LUT5 (Prop_lut5_I4_O)        0.303    10.386 r  uut/uuuut_i_2/O
                         net (fo=8, routed)           0.472    10.858    uuuut/U0/inst_blk_mem_gen/gnbram.gnativebmg.native_blk_mem_gen/valid.cstr/ramloop[31].ram.r/prim_noinit.ram/addra[16]
    SLICE_X47Y18         LUT3 (Prop_lut3_I0_O)        0.124    10.982 r  uuuut/U0/inst_blk_mem_gen/gnbram.gnativebmg.native_blk_mem_gen/valid.cstr/ramloop[31].ram.r/prim_noinit.ram/DEVICE_7SERIES.NO_BMM_INFO.SDP.SIMPLE_PRIM36.ram_i_3__1/O
                         net (fo=15, routed)          0.888    11.869    uuuut/U0/inst_blk_mem_gen/gnbram.gnativebmg.native_blk_mem_gen/valid.cstr/ramloop[30].ram.r/prim_noinit.ram/DEVICE_7SERIES.NO_BMM_INFO.SDP.SIMPLE_PRIM36.ram_1
    SLICE_X52Y13         LUT6 (Prop_lut6_I0_O)        0.124    11.993 r  uuuut/U0/inst_blk_mem_gen/gnbram.gnativebmg.native_blk_mem_gen/valid.cstr/ramloop[30].ram.r/prim_noinit.ram/DEVICE_7SERIES.NO_BMM_INFO.SDP.SIMPLE_PRIM36.ram_i_1__39/O
                         net (fo=1, routed)           1.342    13.336    uuuut/U0/inst_blk_mem_gen/gnbram.gnativebmg.native_blk_mem_gen/valid.cstr/ramloop[30].ram.r/prim_noinit.ram/ramloop[30].ram.ram_ena
    RAMB36_X4Y2          RAMB36E1                                     r  uuuut/U0/inst_blk_mem_gen/gnbram.gnativebmg.native_blk_mem_gen/valid.cstr/ramloop[30].ram.r/prim_noinit.ram/DEVICE_7SERIES.NO_BMM_INFO.SDP.SIMPLE_PRIM36.ram/ENARDEN
  -------------------------------------------------------------------    -------------------

                         (clock sys_clk_pin rise edge)
                                                      8.000     8.000 r  
    H16                                               0.000     8.000 r  clk_125mhz (IN)
                         net (fo=0)                   0.000     8.000    clk_125mhz
    H16                  IBUF (Prop_ibuf_I_O)         1.380     9.380 r  clk_125mhz_IBUF_inst/O
                         net (fo=1, routed)           2.293    11.673    clk_125mhz_IBUF
    BUFGCTRL_X0Y16       BUFG (Prop_bufg_I_O)         0.091    11.764 r  clk_125mhz_IBUF_BUFG_inst/O
                         net (fo=266, routed)         1.654    13.418    uuuut/U0/inst_blk_mem_gen/gnbram.gnativebmg.native_blk_mem_gen/valid.cstr/ramloop[30].ram.r/prim_noinit.ram/clka
    RAMB36_X4Y2          RAMB36E1                                     r  uuuut/U0/inst_blk_mem_gen/gnbram.gnativebmg.native_blk_mem_gen/valid.cstr/ramloop[30].ram.r/prim_noinit.ram/DEVICE_7SERIES.NO_BMM_INFO.SDP.SIMPLE_PRIM36.ram/CLKARDCLK
                         clock pessimism              0.323    13.741    
                         clock uncertainty           -0.035    13.706    
    RAMB36_X4Y2          RAMB36E1 (Setup_ramb36e1_CLKARDCLK_ENARDEN)
                                                     -0.443    13.263    uuuut/U0/inst_blk_mem_gen/gnbram.gnativebmg.native_blk_mem_gen/valid.cstr/ramloop[30].ram.r/prim_noinit.ram/DEVICE_7SERIES.NO_BMM_INFO.SDP.SIMPLE_PRIM36.ram
  -------------------------------------------------------------------
                         required time                         13.263    
                         arrival time                         -13.336    
  -------------------------------------------------------------------
                         slack                                 -0.073    

Slack (VIOLATED) :        -0.047ns  (required time - arrival time)
  Source:                 uut/counter_x_reg[9]/C
                            (rising edge-triggered cell FDCE clocked by sys_clk_pin  {rise@0.000ns fall@4.000ns period=8.000ns})
  Destination:            uuuut/U0/inst_blk_mem_gen/gnbram.gnativebmg.native_blk_mem_gen/valid.cstr/ramloop[21].ram.r/prim_noinit.ram/DEVICE_7SERIES.NO_BMM_INFO.SDP.SIMPLE_PRIM36.ram/ENARDEN
                            (rising edge-triggered cell RAMB36E1 clocked by sys_clk_pin  {rise@0.000ns fall@4.000ns period=8.000ns})
  Path Group:             sys_clk_pin
  Path Type:              Setup (Max at Slow Process Corner)
  Requirement:            8.000ns  (sys_clk_pin rise@8.000ns - sys_clk_pin rise@0.000ns)
  Data Path Delay:        7.563ns  (logic 3.310ns (43.765%)  route 4.253ns (56.235%))
  Logic Levels:           10  (CARRY4=4 LUT1=1 LUT3=1 LUT5=2 LUT6=2)
  Clock Path Skew:        -0.005ns (DCD - SCD + CPR)
    Destination Clock Delay (DCD):    5.406ns = ( 13.406 - 8.000 ) 
    Source Clock Delay      (SCD):    5.735ns
    Clock Pessimism Removal (CPR):    0.323ns
  Clock Uncertainty:      0.035ns  ((TSJ^2 + TIJ^2)^1/2 + DJ) / 2 + PE
    Total System Jitter     (TSJ):    0.071ns
    Total Input Jitter      (TIJ):    0.000ns
    Discrete Jitter          (DJ):    0.000ns
    Phase Error              (PE):    0.000ns

    Location             Delay type                Incr(ns)  Path(ns)    Netlist Resource(s)
  -------------------------------------------------------------------    -------------------
                         (clock sys_clk_pin rise edge)
                                                      0.000     0.000 r  
    H16                                               0.000     0.000 r  clk_125mhz (IN)
                         net (fo=0)                   0.000     0.000    clk_125mhz
    H16                  IBUF (Prop_ibuf_I_O)         1.451     1.451 r  clk_125mhz_IBUF_inst/O
                         net (fo=1, routed)           2.522     3.973    clk_125mhz_IBUF
    BUFGCTRL_X0Y16       BUFG (Prop_bufg_I_O)         0.101     4.074 r  clk_125mhz_IBUF_BUFG_inst/O
                         net (fo=266, routed)         1.661     5.735    uut/clk_125mhz_IBUF_BUFG
    SLICE_X47Y15         FDCE                                         r  uut/counter_x_reg[9]/C
  -------------------------------------------------------------------    -------------------
    SLICE_X47Y15         FDCE (Prop_fdce_C_Q)         0.419     6.154 f  uut/counter_x_reg[9]/Q
                         net (fo=4, routed)           0.318     6.471    uut/counter_x_reg_n_0_[9]
    SLICE_X45Y15         LUT1 (Prop_lut1_I0_O)        0.297     6.768 r  uut/addr_out_carry_i_15/O
                         net (fo=1, routed)           0.000     6.768    uut/addr_out_carry_i_15_n_0
    SLICE_X45Y15         CARRY4 (Prop_carry4_S[2]_CO[3])
                                                      0.398     7.166 r  uut/addr_out_carry_i_11/CO[3]
                         net (fo=1, routed)           0.000     7.166    uut/addr_out_carry_i_11_n_0
    SLICE_X45Y16         CARRY4 (Prop_carry4_CI_O[1])
                                                      0.334     7.500 r  uut/addr_out_carry__0_i_14/O[1]
                         net (fo=1, routed)           0.415     7.916    uut/x_new0[12]
    SLICE_X47Y17         LUT6 (Prop_lut6_I5_O)        0.303     8.219 r  uut/addr_out_carry__0_i_11/O
                         net (fo=1, routed)           0.564     8.782    uut/y_new[12]
    SLICE_X44Y17         LUT5 (Prop_lut5_I4_O)        0.124     8.906 r  uut/addr_out_carry__0_i_7/O
                         net (fo=1, routed)           0.000     8.906    uut/addr_out_carry__0_i_7_n_0
    SLICE_X44Y17         CARRY4 (Prop_carry4_S[1]_CO[3])
                                                      0.550     9.456 r  uut/addr_out_carry__0/CO[3]
                         net (fo=1, routed)           0.000     9.456    uut/addr_out_carry__0_n_0
    SLICE_X44Y18         CARRY4 (Prop_carry4_CI_O[1])
                                                      0.334     9.790 r  uut/addr_out_carry__1/O[1]
                         net (fo=1, routed)           0.292    10.083    uut/addr_out[16]
    SLICE_X47Y18         LUT5 (Prop_lut5_I4_O)        0.303    10.386 r  uut/uuuut_i_2/O
                         net (fo=8, routed)           0.472    10.858    uuuut/U0/inst_blk_mem_gen/gnbram.gnativebmg.native_blk_mem_gen/valid.cstr/ramloop[31].ram.r/prim_noinit.ram/addra[16]
    SLICE_X47Y18         LUT3 (Prop_lut3_I0_O)        0.124    10.982 r  uuuut/U0/inst_blk_mem_gen/gnbram.gnativebmg.native_blk_mem_gen/valid.cstr/ramloop[31].ram.r/prim_noinit.ram/DEVICE_7SERIES.NO_BMM_INFO.SDP.SIMPLE_PRIM36.ram_i_3__1/O
                         net (fo=15, routed)          1.851    12.833    uuuut/U0/inst_blk_mem_gen/gnbram.gnativebmg.native_blk_mem_gen/valid.cstr/ramloop[21].ram.r/prim_noinit.ram/DEVICE_7SERIES.NO_BMM_INFO.SDP.SIMPLE_PRIM36.ram_1
    SLICE_X90Y22         LUT6 (Prop_lut6_I0_O)        0.124    12.957 r  uuuut/U0/inst_blk_mem_gen/gnbram.gnativebmg.native_blk_mem_gen/valid.cstr/ramloop[21].ram.r/prim_noinit.ram/DEVICE_7SERIES.NO_BMM_INFO.SDP.SIMPLE_PRIM36.ram_i_1__32/O
                         net (fo=1, routed)           0.341    13.298    uuuut/U0/inst_blk_mem_gen/gnbram.gnativebmg.native_blk_mem_gen/valid.cstr/ramloop[21].ram.r/prim_noinit.ram/ramloop[21].ram.ram_ena
    RAMB36_X4Y4          RAMB36E1                                     r  uuuut/U0/inst_blk_mem_gen/gnbram.gnativebmg.native_blk_mem_gen/valid.cstr/ramloop[21].ram.r/prim_noinit.ram/DEVICE_7SERIES.NO_BMM_INFO.SDP.SIMPLE_PRIM36.ram/ENARDEN
  -------------------------------------------------------------------    -------------------

                         (clock sys_clk_pin rise edge)
                                                      8.000     8.000 r  
    H16                                               0.000     8.000 r  clk_125mhz (IN)
                         net (fo=0)                   0.000     8.000    clk_125mhz
    H16                  IBUF (Prop_ibuf_I_O)         1.380     9.380 r  clk_125mhz_IBUF_inst/O
                         net (fo=1, routed)           2.293    11.673    clk_125mhz_IBUF
    BUFGCTRL_X0Y16       BUFG (Prop_bufg_I_O)         0.091    11.764 r  clk_125mhz_IBUF_BUFG_inst/O
                         net (fo=266, routed)         1.642    13.406    uuuut/U0/inst_blk_mem_gen/gnbram.gnativebmg.native_blk_mem_gen/valid.cstr/ramloop[21].ram.r/prim_noinit.ram/clka
    RAMB36_X4Y4          RAMB36E1                                     r  uuuut/U0/inst_blk_mem_gen/gnbram.gnativebmg.native_blk_mem_gen/valid.cstr/ramloop[21].ram.r/prim_noinit.ram/DEVICE_7SERIES.NO_BMM_INFO.SDP.SIMPLE_PRIM36.ram/CLKARDCLK
                         clock pessimism              0.323    13.729    
                         clock uncertainty           -0.035    13.694    
    RAMB36_X4Y4          RAMB36E1 (Setup_ramb36e1_CLKARDCLK_ENARDEN)
                                                     -0.443    13.251    uuuut/U0/inst_blk_mem_gen/gnbram.gnativebmg.native_blk_mem_gen/valid.cstr/ramloop[21].ram.r/prim_noinit.ram/DEVICE_7SERIES.NO_BMM_INFO.SDP.SIMPLE_PRIM36.ram
  -------------------------------------------------------------------
                         required time                         13.251    
                         arrival time                         -13.298    
  -------------------------------------------------------------------
                         slack                                 -0.047    

Slack (VIOLATED) :        -0.039ns  (required time - arrival time)
  Source:                 uut/counter_x_reg[9]/C
                            (rising edge-triggered cell FDCE clocked by sys_clk_pin  {rise@0.000ns fall@4.000ns period=8.000ns})
  Destination:            uuuut/U0/inst_blk_mem_gen/gnbram.gnativebmg.native_blk_mem_gen/valid.cstr/ramloop[6].ram.r/prim_noinit.ram/DEVICE_7SERIES.NO_BMM_INFO.SDP.SIMPLE_PRIM36.ram/ENARDEN
                            (rising edge-triggered cell RAMB36E1 clocked by sys_clk_pin  {rise@0.000ns fall@4.000ns period=8.000ns})
  Path Group:             sys_clk_pin
  Path Type:              Setup (Max at Slow Process Corner)
  Requirement:            8.000ns  (sys_clk_pin rise@8.000ns - sys_clk_pin rise@0.000ns)
  Data Path Delay:        7.629ns  (logic 3.194ns (41.866%)  route 4.435ns (58.134%))
  Logic Levels:           10  (CARRY4=4 LUT1=1 LUT2=1 LUT5=2 LUT6=2)
  Clock Path Skew:        0.068ns (DCD - SCD + CPR)
    Destination Clock Delay (DCD):    5.379ns = ( 13.379 - 8.000 ) 
    Source Clock Delay      (SCD):    5.735ns
    Clock Pessimism Removal (CPR):    0.424ns
  Clock Uncertainty:      0.035ns  ((TSJ^2 + TIJ^2)^1/2 + DJ) / 2 + PE
    Total System Jitter     (TSJ):    0.071ns
    Total Input Jitter      (TIJ):    0.000ns
    Discrete Jitter          (DJ):    0.000ns
    Phase Error              (PE):    0.000ns

    Location             Delay type                Incr(ns)  Path(ns)    Netlist Resource(s)
  -------------------------------------------------------------------    -------------------
                         (clock sys_clk_pin rise edge)
                                                      0.000     0.000 r  
    H16                                               0.000     0.000 r  clk_125mhz (IN)
                         net (fo=0)                   0.000     0.000    clk_125mhz
    H16                  IBUF (Prop_ibuf_I_O)         1.451     1.451 r  clk_125mhz_IBUF_inst/O
                         net (fo=1, routed)           2.522     3.973    clk_125mhz_IBUF
    BUFGCTRL_X0Y16       BUFG (Prop_bufg_I_O)         0.101     4.074 r  clk_125mhz_IBUF_BUFG_inst/O
                         net (fo=266, routed)         1.661     5.735    uut/clk_125mhz_IBUF_BUFG
    SLICE_X47Y15         FDCE                                         r  uut/counter_x_reg[9]/C
  -------------------------------------------------------------------    -------------------
    SLICE_X47Y15         FDCE (Prop_fdce_C_Q)         0.419     6.154 f  uut/counter_x_reg[9]/Q
                         net (fo=4, routed)           0.318     6.471    uut/counter_x_reg_n_0_[9]
    SLICE_X45Y15         LUT1 (Prop_lut1_I0_O)        0.297     6.768 r  uut/addr_out_carry_i_15/O
                         net (fo=1, routed)           0.000     6.768    uut/addr_out_carry_i_15_n_0
    SLICE_X45Y15         CARRY4 (Prop_carry4_S[2]_CO[3])
                                                      0.398     7.166 r  uut/addr_out_carry_i_11/CO[3]
                         net (fo=1, routed)           0.000     7.166    uut/addr_out_carry_i_11_n_0
    SLICE_X45Y16         CARRY4 (Prop_carry4_CI_O[1])
                                                      0.334     7.500 r  uut/addr_out_carry__0_i_14/O[1]
                         net (fo=1, routed)           0.415     7.916    uut/x_new0[12]
    SLICE_X47Y17         LUT6 (Prop_lut6_I5_O)        0.303     8.219 r  uut/addr_out_carry__0_i_11/O
                         net (fo=1, routed)           0.564     8.782    uut/y_new[12]
    SLICE_X44Y17         LUT5 (Prop_lut5_I4_O)        0.124     8.906 r  uut/addr_out_carry__0_i_7/O
                         net (fo=1, routed)           0.000     8.906    uut/addr_out_carry__0_i_7_n_0
    SLICE_X44Y17         CARRY4 (Prop_carry4_S[1]_CO[3])
                                                      0.550     9.456 r  uut/addr_out_carry__0/CO[3]
                         net (fo=1, routed)           0.000     9.456    uut/addr_out_carry__0_n_0
    SLICE_X44Y18         CARRY4 (Prop_carry4_CI_O[0])
                                                      0.222     9.678 f  uut/addr_out_carry__1/O[0]
                         net (fo=1, routed)           0.301     9.979    uut/addr_out[15]
    SLICE_X49Y18         LUT5 (Prop_lut5_I4_O)        0.299    10.278 f  uut/uuuut_i_3/O
                         net (fo=31, routed)          1.663    11.942    uuuut/U0/inst_blk_mem_gen/gnbram.gnativebmg.native_blk_mem_gen/valid.cstr/ramloop[15].ram.r/prim_noinit.ram/addra[15]
    SLICE_X17Y12         LUT2 (Prop_lut2_I1_O)        0.124    12.066 f  uuuut/U0/inst_blk_mem_gen/gnbram.gnativebmg.native_blk_mem_gen/valid.cstr/ramloop[15].ram.r/prim_noinit.ram/DEVICE_7SERIES.NO_BMM_INFO.SDP.SIMPLE_PRIM36.ram_i_3__0_comp/O
                         net (fo=1, routed)           0.433    12.499    uuuut/U0/inst_blk_mem_gen/gnbram.gnativebmg.native_blk_mem_gen/valid.cstr/ramloop[6].ram.r/prim_noinit.ram/addra_17_sn_1_repN_alias
    SLICE_X17Y12         LUT6 (Prop_lut6_I4_O)        0.124    12.623 r  uuuut/U0/inst_blk_mem_gen/gnbram.gnativebmg.native_blk_mem_gen/valid.cstr/ramloop[6].ram.r/prim_noinit.ram/DEVICE_7SERIES.NO_BMM_INFO.SDP.SIMPLE_PRIM36.ram_i_1__24_comp/O
                         net (fo=1, routed)           0.741    13.364    uuuut/U0/inst_blk_mem_gen/gnbram.gnativebmg.native_blk_mem_gen/valid.cstr/ramloop[6].ram.r/prim_noinit.ram/ramloop[6].ram.ram_ena
    RAMB36_X0Y1          RAMB36E1                                     r  uuuut/U0/inst_blk_mem_gen/gnbram.gnativebmg.native_blk_mem_gen/valid.cstr/ramloop[6].ram.r/prim_noinit.ram/DEVICE_7SERIES.NO_BMM_INFO.SDP.SIMPLE_PRIM36.ram/ENARDEN
  -------------------------------------------------------------------    -------------------

                         (clock sys_clk_pin rise edge)
                                                      8.000     8.000 r  
    H16                                               0.000     8.000 r  clk_125mhz (IN)
                         net (fo=0)                   0.000     8.000    clk_125mhz
    H16                  IBUF (Prop_ibuf_I_O)         1.380     9.380 r  clk_125mhz_IBUF_inst/O
                         net (fo=1, routed)           2.293    11.673    clk_125mhz_IBUF
    BUFGCTRL_X0Y16       BUFG (Prop_bufg_I_O)         0.091    11.764 r  clk_125mhz_IBUF_BUFG_inst/O
                         net (fo=266, routed)         1.615    13.379    uuuut/U0/inst_blk_mem_gen/gnbram.gnativebmg.native_blk_mem_gen/valid.cstr/ramloop[6].ram.r/prim_noinit.ram/clka
    RAMB36_X0Y1          RAMB36E1                                     r  uuuut/U0/inst_blk_mem_gen/gnbram.gnativebmg.native_blk_mem_gen/valid.cstr/ramloop[6].ram.r/prim_noinit.ram/DEVICE_7SERIES.NO_BMM_INFO.SDP.SIMPLE_PRIM36.ram/CLKARDCLK
                         clock pessimism              0.424    13.803    
                         clock uncertainty           -0.035    13.768    
    RAMB36_X0Y1          RAMB36E1 (Setup_ramb36e1_CLKARDCLK_ENARDEN)
                                                     -0.443    13.325    uuuut/U0/inst_blk_mem_gen/gnbram.gnativebmg.native_blk_mem_gen/valid.cstr/ramloop[6].ram.r/prim_noinit.ram/DEVICE_7SERIES.NO_BMM_INFO.SDP.SIMPLE_PRIM36.ram
  -------------------------------------------------------------------
                         required time                         13.325    
                         arrival time                         -13.364    
  -------------------------------------------------------------------
                         slack                                 -0.039    

Slack (MET) :             0.000ns  (required time - arrival time)
  Source:                 uut/counter_x_reg[9]/C
                            (rising edge-triggered cell FDCE clocked by sys_clk_pin  {rise@0.000ns fall@4.000ns period=8.000ns})
  Destination:            uuuut/U0/inst_blk_mem_gen/gnbram.gnativebmg.native_blk_mem_gen/valid.cstr/ramloop[5].ram.r/prim_noinit.ram/DEVICE_7SERIES.NO_BMM_INFO.SDP.SIMPLE_PRIM36.ram/ENARDEN
                            (rising edge-triggered cell RAMB36E1 clocked by sys_clk_pin  {rise@0.000ns fall@4.000ns period=8.000ns})
  Path Group:             sys_clk_pin
  Path Type:              Setup (Max at Slow Process Corner)
  Requirement:            8.000ns  (sys_clk_pin rise@8.000ns - sys_clk_pin rise@0.000ns)
  Data Path Delay:        7.575ns  (logic 3.310ns (43.698%)  route 4.265ns (56.302%))
  Logic Levels:           10  (CARRY4=4 LUT1=1 LUT3=1 LUT5=2 LUT6=2)
  Clock Path Skew:        0.053ns (DCD - SCD + CPR)
    Destination Clock Delay (DCD):    5.364ns = ( 13.364 - 8.000 ) 
    Source Clock Delay      (SCD):    5.735ns
    Clock Pessimism Removal (CPR):    0.424ns
  Clock Uncertainty:      0.035ns  ((TSJ^2 + TIJ^2)^1/2 + DJ) / 2 + PE
    Total System Jitter     (TSJ):    0.071ns
    Total Input Jitter      (TIJ):    0.000ns
    Discrete Jitter          (DJ):    0.000ns
    Phase Error              (PE):    0.000ns

    Location             Delay type                Incr(ns)  Path(ns)    Netlist Resource(s)
  -------------------------------------------------------------------    -------------------
                         (clock sys_clk_pin rise edge)
                                                      0.000     0.000 r  
    H16                                               0.000     0.000 r  clk_125mhz (IN)
                         net (fo=0)                   0.000     0.000    clk_125mhz
    H16                  IBUF (Prop_ibuf_I_O)         1.451     1.451 r  clk_125mhz_IBUF_inst/O
                         net (fo=1, routed)           2.522     3.973    clk_125mhz_IBUF
    BUFGCTRL_X0Y16       BUFG (Prop_bufg_I_O)         0.101     4.074 r  clk_125mhz_IBUF_BUFG_inst/O
                         net (fo=266, routed)         1.661     5.735    uut/clk_125mhz_IBUF_BUFG
    SLICE_X47Y15         FDCE                                         r  uut/counter_x_reg[9]/C
  -------------------------------------------------------------------    -------------------
    SLICE_X47Y15         FDCE (Prop_fdce_C_Q)         0.419     6.154 f  uut/counter_x_reg[9]/Q
                         net (fo=4, routed)           0.318     6.471    uut/counter_x_reg_n_0_[9]
    SLICE_X45Y15         LUT1 (Prop_lut1_I0_O)        0.297     6.768 r  uut/addr_out_carry_i_15/O
                         net (fo=1, routed)           0.000     6.768    uut/addr_out_carry_i_15_n_0
    SLICE_X45Y15         CARRY4 (Prop_carry4_S[2]_CO[3])
                                                      0.398     7.166 r  uut/addr_out_carry_i_11/CO[3]
                         net (fo=1, routed)           0.000     7.166    uut/addr_out_carry_i_11_n_0
    SLICE_X45Y16         CARRY4 (Prop_carry4_CI_O[1])
                                                      0.334     7.500 r  uut/addr_out_carry__0_i_14/O[1]
                         net (fo=1, routed)           0.415     7.916    uut/x_new0[12]
    SLICE_X47Y17         LUT6 (Prop_lut6_I5_O)        0.303     8.219 r  uut/addr_out_carry__0_i_11/O
                         net (fo=1, routed)           0.564     8.782    uut/y_new[12]
    SLICE_X44Y17         LUT5 (Prop_lut5_I4_O)        0.124     8.906 r  uut/addr_out_carry__0_i_7/O
                         net (fo=1, routed)           0.000     8.906    uut/addr_out_carry__0_i_7_n_0
    SLICE_X44Y17         CARRY4 (Prop_carry4_S[1]_CO[3])
                                                      0.550     9.456 r  uut/addr_out_carry__0/CO[3]
                         net (fo=1, routed)           0.000     9.456    uut/addr_out_carry__0_n_0
    SLICE_X44Y18         CARRY4 (Prop_carry4_CI_O[1])
                                                      0.334     9.790 f  uut/addr_out_carry__1/O[1]
                         net (fo=1, routed)           0.292    10.083    uut/addr_out[16]
    SLICE_X47Y18         LUT5 (Prop_lut5_I4_O)        0.303    10.386 f  uut/uuuut_i_2/O
                         net (fo=8, routed)           0.550    10.936    uuuut/U0/inst_blk_mem_gen/gnbram.gnativebmg.native_blk_mem_gen/valid.cstr/ramloop[15].ram.r/prim_noinit.ram/addra[16]
    SLICE_X40Y18         LUT3 (Prop_lut3_I0_O)        0.124    11.060 r  uuuut/U0/inst_blk_mem_gen/gnbram.gnativebmg.native_blk_mem_gen/valid.cstr/ramloop[15].ram.r/prim_noinit.ram/DEVICE_7SERIES.NO_BMM_INFO.SDP.SIMPLE_PRIM36.ram_i_4/O
                         net (fo=14, routed)          1.785    12.844    uuuut/U0/inst_blk_mem_gen/gnbram.gnativebmg.native_blk_mem_gen/valid.cstr/ramloop[5].ram.r/prim_noinit.ram/DEVICE_7SERIES.NO_BMM_INFO.SDP.SIMPLE_PRIM36.ram_2
    SLICE_X8Y22          LUT6 (Prop_lut6_I1_O)        0.124    12.968 r  uuuut/U0/inst_blk_mem_gen/gnbram.gnativebmg.native_blk_mem_gen/valid.cstr/ramloop[5].ram.r/prim_noinit.ram/DEVICE_7SERIES.NO_BMM_INFO.SDP.SIMPLE_PRIM36.ram_i_1__23/O
                         net (fo=1, routed)           0.341    13.309    uuuut/U0/inst_blk_mem_gen/gnbram.gnativebmg.native_blk_mem_gen/valid.cstr/ramloop[5].ram.r/prim_noinit.ram/ramloop[5].ram.ram_ena
    RAMB36_X0Y4          RAMB36E1                                     r  uuuut/U0/inst_blk_mem_gen/gnbram.gnativebmg.native_blk_mem_gen/valid.cstr/ramloop[5].ram.r/prim_noinit.ram/DEVICE_7SERIES.NO_BMM_INFO.SDP.SIMPLE_PRIM36.ram/ENARDEN
  -------------------------------------------------------------------    -------------------

                         (clock sys_clk_pin rise edge)
                                                      8.000     8.000 r  
    H16                                               0.000     8.000 r  clk_125mhz (IN)
                         net (fo=0)                   0.000     8.000    clk_125mhz
    H16                  IBUF (Prop_ibuf_I_O)         1.380     9.380 r  clk_125mhz_IBUF_inst/O
                         net (fo=1, routed)           2.293    11.673    clk_125mhz_IBUF
    BUFGCTRL_X0Y16       BUFG (Prop_bufg_I_O)         0.091    11.764 r  clk_125mhz_IBUF_BUFG_inst/O
                         net (fo=266, routed)         1.600    13.364    uuuut/U0/inst_blk_mem_gen/gnbram.gnativebmg.native_blk_mem_gen/valid.cstr/ramloop[5].ram.r/prim_noinit.ram/clka
    RAMB36_X0Y4          RAMB36E1                                     r  uuuut/U0/inst_blk_mem_gen/gnbram.gnativebmg.native_blk_mem_gen/valid.cstr/ramloop[5].ram.r/prim_noinit.ram/DEVICE_7SERIES.NO_BMM_INFO.SDP.SIMPLE_PRIM36.ram/CLKARDCLK
                         clock pessimism              0.424    13.788    
                         clock uncertainty           -0.035    13.753    
    RAMB36_X0Y4          RAMB36E1 (Setup_ramb36e1_CLKARDCLK_ENARDEN)
                                                     -0.443    13.310    uuuut/U0/inst_blk_mem_gen/gnbram.gnativebmg.native_blk_mem_gen/valid.cstr/ramloop[5].ram.r/prim_noinit.ram/DEVICE_7SERIES.NO_BMM_INFO.SDP.SIMPLE_PRIM36.ram
  -------------------------------------------------------------------
                         required time                         13.310    
                         arrival time                         -13.309    
  -------------------------------------------------------------------
                         slack                                  0.000    

Slack (MET) :             0.027ns  (required time - arrival time)
  Source:                 uut/counter_x_reg[9]/C
                            (rising edge-triggered cell FDCE clocked by sys_clk_pin  {rise@0.000ns fall@4.000ns period=8.000ns})
  Destination:            uuuut/U0/inst_blk_mem_gen/gnbram.gnativebmg.native_blk_mem_gen/valid.cstr/ramloop[16].ram.r/prim_noinit.ram/DEVICE_7SERIES.NO_BMM_INFO.SDP.SIMPLE_PRIM36.ram/ENARDEN
                            (rising edge-triggered cell RAMB36E1 clocked by sys_clk_pin  {rise@0.000ns fall@4.000ns period=8.000ns})
  Path Group:             sys_clk_pin
  Path Type:              Setup (Max at Slow Process Corner)
  Requirement:            8.000ns  (sys_clk_pin rise@8.000ns - sys_clk_pin rise@0.000ns)
  Data Path Delay:        7.506ns  (logic 3.069ns (40.885%)  route 4.437ns (59.115%))
  Logic Levels:           9  (CARRY4=3 LUT1=1 LUT3=1 LUT4=1 LUT5=2 LUT6=1)
  Clock Path Skew:        0.012ns (DCD - SCD + CPR)
    Destination Clock Delay (DCD):    5.423ns = ( 13.423 - 8.000 ) 
    Source Clock Delay      (SCD):    5.735ns
    Clock Pessimism Removal (CPR):    0.323ns
  Clock Uncertainty:      0.035ns  ((TSJ^2 + TIJ^2)^1/2 + DJ) / 2 + PE
    Total System Jitter     (TSJ):    0.071ns
    Total Input Jitter      (TIJ):    0.000ns
    Discrete Jitter          (DJ):    0.000ns
    Phase Error              (PE):    0.000ns

    Location             Delay type                Incr(ns)  Path(ns)    Netlist Resource(s)
  -------------------------------------------------------------------    -------------------
                         (clock sys_clk_pin rise edge)
                                                      0.000     0.000 r  
    H16                                               0.000     0.000 r  clk_125mhz (IN)
                         net (fo=0)                   0.000     0.000    clk_125mhz
    H16                  IBUF (Prop_ibuf_I_O)         1.451     1.451 r  clk_125mhz_IBUF_inst/O
                         net (fo=1, routed)           2.522     3.973    clk_125mhz_IBUF
    BUFGCTRL_X0Y16       BUFG (Prop_bufg_I_O)         0.101     4.074 r  clk_125mhz_IBUF_BUFG_inst/O
                         net (fo=266, routed)         1.661     5.735    uut/clk_125mhz_IBUF_BUFG
    SLICE_X47Y15         FDCE                                         r  uut/counter_x_reg[9]/C
  -------------------------------------------------------------------    -------------------
    SLICE_X47Y15         FDCE (Prop_fdce_C_Q)         0.419     6.154 f  uut/counter_x_reg[9]/Q
                         net (fo=4, routed)           0.318     6.471    uut/counter_x_reg_n_0_[9]
    SLICE_X45Y15         LUT1 (Prop_lut1_I0_O)        0.297     6.768 r  uut/addr_out_carry_i_15/O
                         net (fo=1, routed)           0.000     6.768    uut/addr_out_carry_i_15_n_0
    SLICE_X45Y15         CARRY4 (Prop_carry4_S[2]_CO[3])
                                                      0.398     7.166 r  uut/addr_out_carry_i_11/CO[3]
                         net (fo=1, routed)           0.000     7.166    uut/addr_out_carry_i_11_n_0
    SLICE_X45Y16         CARRY4 (Prop_carry4_CI_O[1])
                                                      0.334     7.500 r  uut/addr_out_carry__0_i_14/O[1]
                         net (fo=1, routed)           0.415     7.916    uut/x_new0[12]
    SLICE_X47Y17         LUT6 (Prop_lut6_I5_O)        0.303     8.219 r  uut/addr_out_carry__0_i_11/O
                         net (fo=1, routed)           0.564     8.782    uut/y_new[12]
    SLICE_X44Y17         LUT5 (Prop_lut5_I4_O)        0.124     8.906 r  uut/addr_out_carry__0_i_7/O
                         net (fo=1, routed)           0.000     8.906    uut/addr_out_carry__0_i_7_n_0
    SLICE_X44Y17         CARRY4 (Prop_carry4_S[1]_O[3])
                                                      0.640     9.546 f  uut/addr_out_carry__0/O[3]
                         net (fo=1, routed)           0.309     9.855    uut/addr_out[14]
    SLICE_X44Y15         LUT5 (Prop_lut5_I4_O)        0.306    10.161 f  uut/uuuut_i_4/O
                         net (fo=31, routed)          1.973    12.134    uuuut/U0/inst_blk_mem_gen/gnbram.gnativebmg.native_blk_mem_gen/valid.cstr/ramloop[0].ram.r/prim_noinit.ram/addra[14]
    SLICE_X91Y9          LUT4 (Prop_lut4_I1_O)        0.124    12.258 r  uuuut/U0/inst_blk_mem_gen/gnbram.gnativebmg.native_blk_mem_gen/valid.cstr/ramloop[0].ram.r/prim_noinit.ram/DEVICE_7SERIES.NO_BMM_INFO.SDP.SIMPLE_PRIM36.ram_i_3/O
                         net (fo=2, routed)           0.518    12.776    uuuut/U0/inst_blk_mem_gen/gnbram.gnativebmg.native_blk_mem_gen/valid.cstr/ramloop[16].ram.r/prim_noinit.ram/DEVICE_7SERIES.NO_BMM_INFO.SDP.SIMPLE_PRIM36.ram_1
    SLICE_X90Y2          LUT3 (Prop_lut3_I2_O)        0.124    12.900 r  uuuut/U0/inst_blk_mem_gen/gnbram.gnativebmg.native_blk_mem_gen/valid.cstr/ramloop[16].ram.r/prim_noinit.ram/DEVICE_7SERIES.NO_BMM_INFO.SDP.SIMPLE_PRIM36.ram_i_1__61/O
                         net (fo=1, routed)           0.341    13.241    uuuut/U0/inst_blk_mem_gen/gnbram.gnativebmg.native_blk_mem_gen/valid.cstr/ramloop[16].ram.r/prim_noinit.ram/ramloop[16].ram.ram_ena
    RAMB36_X4Y0          RAMB36E1                                     r  uuuut/U0/inst_blk_mem_gen/gnbram.gnativebmg.native_blk_mem_gen/valid.cstr/ramloop[16].ram.r/prim_noinit.ram/DEVICE_7SERIES.NO_BMM_INFO.SDP.SIMPLE_PRIM36.ram/ENARDEN
  -------------------------------------------------------------------    -------------------

                         (clock sys_clk_pin rise edge)
                                                      8.000     8.000 r  
    H16                                               0.000     8.000 r  clk_125mhz (IN)
                         net (fo=0)                   0.000     8.000    clk_125mhz
    H16                  IBUF (Prop_ibuf_I_O)         1.380     9.380 r  clk_125mhz_IBUF_inst/O
                         net (fo=1, routed)           2.293    11.673    clk_125mhz_IBUF
    BUFGCTRL_X0Y16       BUFG (Prop_bufg_I_O)         0.091    11.764 r  clk_125mhz_IBUF_BUFG_inst/O
                         net (fo=266, routed)         1.659    13.423    uuuut/U0/inst_blk_mem_gen/gnbram.gnativebmg.native_blk_mem_gen/valid.cstr/ramloop[16].ram.r/prim_noinit.ram/clka
    RAMB36_X4Y0          RAMB36E1                                     r  uuuut/U0/inst_blk_mem_gen/gnbram.gnativebmg.native_blk_mem_gen/valid.cstr/ramloop[16].ram.r/prim_noinit.ram/DEVICE_7SERIES.NO_BMM_INFO.SDP.SIMPLE_PRIM36.ram/CLKARDCLK
                         clock pessimism              0.323    13.746    
                         clock uncertainty           -0.035    13.711    
    RAMB36_X4Y0          RAMB36E1 (Setup_ramb36e1_CLKARDCLK_ENARDEN)
                                                     -0.443    13.268    uuuut/U0/inst_blk_mem_gen/gnbram.gnativebmg.native_blk_mem_gen/valid.cstr/ramloop[16].ram.r/prim_noinit.ram/DEVICE_7SERIES.NO_BMM_INFO.SDP.SIMPLE_PRIM36.ram
  -------------------------------------------------------------------
                         required time                         13.268    
                         arrival time                         -13.241    
  -------------------------------------------------------------------
                         slack                                  0.027    

Slack (MET) :             0.101ns  (required time - arrival time)
  Source:                 uut/counter_x_reg[9]/C
                            (rising edge-triggered cell FDCE clocked by sys_clk_pin  {rise@0.000ns fall@4.000ns period=8.000ns})
  Destination:            uuuut/U0/inst_blk_mem_gen/gnbram.gnativebmg.native_blk_mem_gen/valid.cstr/ramloop[11].ram.r/prim_noinit.ram/DEVICE_7SERIES.NO_BMM_INFO.SDP.SIMPLE_PRIM36.ram/ENARDEN
                            (rising edge-triggered cell RAMB36E1 clocked by sys_clk_pin  {rise@0.000ns fall@4.000ns period=8.000ns})
  Path Group:             sys_clk_pin
  Path Type:              Setup (Max at Slow Process Corner)
  Requirement:            8.000ns  (sys_clk_pin rise@8.000ns - sys_clk_pin rise@0.000ns)
  Data Path Delay:        7.480ns  (logic 2.881ns (38.518%)  route 4.599ns (61.482%))
  Logic Levels:           8  (CARRY4=3 LUT1=1 LUT5=2 LUT6=2)
  Clock Path Skew:        0.059ns (DCD - SCD + CPR)
    Destination Clock Delay (DCD):    5.370ns = ( 13.370 - 8.000 ) 
    Source Clock Delay      (SCD):    5.735ns
    Clock Pessimism Removal (CPR):    0.424ns
  Clock Uncertainty:      0.035ns  ((TSJ^2 + TIJ^2)^1/2 + DJ) / 2 + PE
    Total System Jitter     (TSJ):    0.071ns
    Total Input Jitter      (TIJ):    0.000ns
    Discrete Jitter          (DJ):    0.000ns
    Phase Error              (PE):    0.000ns

    Location             Delay type                Incr(ns)  Path(ns)    Netlist Resource(s)
  -------------------------------------------------------------------    -------------------
                         (clock sys_clk_pin rise edge)
                                                      0.000     0.000 r  
    H16                                               0.000     0.000 r  clk_125mhz (IN)
                         net (fo=0)                   0.000     0.000    clk_125mhz
    H16                  IBUF (Prop_ibuf_I_O)         1.451     1.451 r  clk_125mhz_IBUF_inst/O
                         net (fo=1, routed)           2.522     3.973    clk_125mhz_IBUF
    BUFGCTRL_X0Y16       BUFG (Prop_bufg_I_O)         0.101     4.074 r  clk_125mhz_IBUF_BUFG_inst/O
                         net (fo=266, routed)         1.661     5.735    uut/clk_125mhz_IBUF_BUFG
    SLICE_X47Y15         FDCE                                         r  uut/counter_x_reg[9]/C
  -------------------------------------------------------------------    -------------------
    SLICE_X47Y15         FDCE (Prop_fdce_C_Q)         0.419     6.154 f  uut/counter_x_reg[9]/Q
                         net (fo=4, routed)           0.318     6.471    uut/counter_x_reg_n_0_[9]
    SLICE_X45Y15         LUT1 (Prop_lut1_I0_O)        0.297     6.768 r  uut/addr_out_carry_i_15/O
                         net (fo=1, routed)           0.000     6.768    uut/addr_out_carry_i_15_n_0
    SLICE_X45Y15         CARRY4 (Prop_carry4_S[2]_CO[3])
                                                      0.398     7.166 r  uut/addr_out_carry_i_11/CO[3]
                         net (fo=1, routed)           0.000     7.166    uut/addr_out_carry_i_11_n_0
    SLICE_X45Y16         CARRY4 (Prop_carry4_CI_O[1])
                                                      0.334     7.500 r  uut/addr_out_carry__0_i_14/O[1]
                         net (fo=1, routed)           0.415     7.916    uut/x_new0[12]
    SLICE_X47Y17         LUT6 (Prop_lut6_I5_O)        0.303     8.219 r  uut/addr_out_carry__0_i_11/O
                         net (fo=1, routed)           0.564     8.782    uut/y_new[12]
    SLICE_X44Y17         LUT5 (Prop_lut5_I4_O)        0.124     8.906 r  uut/addr_out_carry__0_i_7/O
                         net (fo=1, routed)           0.000     8.906    uut/addr_out_carry__0_i_7_n_0
    SLICE_X44Y17         CARRY4 (Prop_carry4_S[1]_O[2])
                                                      0.580     9.486 r  uut/addr_out_carry__0/O[2]
                         net (fo=1, routed)           0.434     9.921    uut/addr_out[13]
    SLICE_X49Y16         LUT5 (Prop_lut5_I4_O)        0.302    10.223 r  uut/uuuut_i_5/O
                         net (fo=31, routed)          2.277    12.500    uuuut/U0/inst_blk_mem_gen/gnbram.gnativebmg.native_blk_mem_gen/valid.cstr/ramloop[11].ram.r/prim_noinit.ram/addra[13]
    SLICE_X13Y17         LUT6 (Prop_lut6_I4_O)        0.124    12.624 r  uuuut/U0/inst_blk_mem_gen/gnbram.gnativebmg.native_blk_mem_gen/valid.cstr/ramloop[11].ram.r/prim_noinit.ram/DEVICE_7SERIES.NO_BMM_INFO.SDP.SIMPLE_PRIM36.ram_i_1__28/O
                         net (fo=1, routed)           0.591    13.214    uuuut/U0/inst_blk_mem_gen/gnbram.gnativebmg.native_blk_mem_gen/valid.cstr/ramloop[11].ram.r/prim_noinit.ram/ramloop[11].ram.ram_ena
    RAMB36_X0Y3          RAMB36E1                                     r  uuuut/U0/inst_blk_mem_gen/gnbram.gnativebmg.native_blk_mem_gen/valid.cstr/ramloop[11].ram.r/prim_noinit.ram/DEVICE_7SERIES.NO_BMM_INFO.SDP.SIMPLE_PRIM36.ram/ENARDEN
  -------------------------------------------------------------------    -------------------

                         (clock sys_clk_pin rise edge)
                                                      8.000     8.000 r  
    H16                                               0.000     8.000 r  clk_125mhz (IN)
                         net (fo=0)                   0.000     8.000    clk_125mhz
    H16                  IBUF (Prop_ibuf_I_O)         1.380     9.380 r  clk_125mhz_IBUF_inst/O
                         net (fo=1, routed)           2.293    11.673    clk_125mhz_IBUF
    BUFGCTRL_X0Y16       BUFG (Prop_bufg_I_O)         0.091    11.764 r  clk_125mhz_IBUF_BUFG_inst/O
                         net (fo=266, routed)         1.606    13.370    uuuut/U0/inst_blk_mem_gen/gnbram.gnativebmg.native_blk_mem_gen/valid.cstr/ramloop[11].ram.r/prim_noinit.ram/clka
    RAMB36_X0Y3          RAMB36E1                                     r  uuuut/U0/inst_blk_mem_gen/gnbram.gnativebmg.native_blk_mem_gen/valid.cstr/ramloop[11].ram.r/prim_noinit.ram/DEVICE_7SERIES.NO_BMM_INFO.SDP.SIMPLE_PRIM36.ram/CLKARDCLK
                         clock pessimism              0.424    13.794    
                         clock uncertainty           -0.035    13.759    
    RAMB36_X0Y3          RAMB36E1 (Setup_ramb36e1_CLKARDCLK_ENARDEN)
                                                     -0.443    13.316    uuuut/U0/inst_blk_mem_gen/gnbram.gnativebmg.native_blk_mem_gen/valid.cstr/ramloop[11].ram.r/prim_noinit.ram/DEVICE_7SERIES.NO_BMM_INFO.SDP.SIMPLE_PRIM36.ram
  -------------------------------------------------------------------
                         required time                         13.316    
                         arrival time                         -13.214    
  -------------------------------------------------------------------
                         slack                                  0.101    

Slack (MET) :             0.121ns  (required time - arrival time)
  Source:                 uut/counter_x_reg[9]/C
                            (rising edge-triggered cell FDCE clocked by sys_clk_pin  {rise@0.000ns fall@4.000ns period=8.000ns})
  Destination:            uuuut/U0/inst_blk_mem_gen/gnbram.gnativebmg.native_blk_mem_gen/valid.cstr/ramloop[0].ram.r/prim_noinit.ram/DEVICE_7SERIES.NO_BMM_INFO.SDP.SIMPLE_PRIM36.ram/ENARDEN
                            (rising edge-triggered cell RAMB36E1 clocked by sys_clk_pin  {rise@0.000ns fall@4.000ns period=8.000ns})
  Path Group:             sys_clk_pin
  Path Type:              Setup (Max at Slow Process Corner)
  Requirement:            8.000ns  (sys_clk_pin rise@8.000ns - sys_clk_pin rise@0.000ns)
  Data Path Delay:        7.410ns  (logic 3.069ns (41.417%)  route 4.341ns (58.583%))
  Logic Levels:           9  (CARRY4=3 LUT1=1 LUT3=1 LUT4=1 LUT5=2 LUT6=1)
  Clock Path Skew:        0.010ns (DCD - SCD + CPR)
    Destination Clock Delay (DCD):    5.421ns = ( 13.421 - 8.000 ) 
    Source Clock Delay      (SCD):    5.735ns
    Clock Pessimism Removal (CPR):    0.323ns
  Clock Uncertainty:      0.035ns  ((TSJ^2 + TIJ^2)^1/2 + DJ) / 2 + PE
    Total System Jitter     (TSJ):    0.071ns
    Total Input Jitter      (TIJ):    0.000ns
    Discrete Jitter          (DJ):    0.000ns
    Phase Error              (PE):    0.000ns

    Location             Delay type                Incr(ns)  Path(ns)    Netlist Resource(s)
  -------------------------------------------------------------------    -------------------
                         (clock sys_clk_pin rise edge)
                                                      0.000     0.000 r  
    H16                                               0.000     0.000 r  clk_125mhz (IN)
                         net (fo=0)                   0.000     0.000    clk_125mhz
    H16                  IBUF (Prop_ibuf_I_O)         1.451     1.451 r  clk_125mhz_IBUF_inst/O
                         net (fo=1, routed)           2.522     3.973    clk_125mhz_IBUF
    BUFGCTRL_X0Y16       BUFG (Prop_bufg_I_O)         0.101     4.074 r  clk_125mhz_IBUF_BUFG_inst/O
                         net (fo=266, routed)         1.661     5.735    uut/clk_125mhz_IBUF_BUFG
    SLICE_X47Y15         FDCE                                         r  uut/counter_x_reg[9]/C
  -------------------------------------------------------------------    -------------------
    SLICE_X47Y15         FDCE (Prop_fdce_C_Q)         0.419     6.154 f  uut/counter_x_reg[9]/Q
                         net (fo=4, routed)           0.318     6.471    uut/counter_x_reg_n_0_[9]
    SLICE_X45Y15         LUT1 (Prop_lut1_I0_O)        0.297     6.768 r  uut/addr_out_carry_i_15/O
                         net (fo=1, routed)           0.000     6.768    uut/addr_out_carry_i_15_n_0
    SLICE_X45Y15         CARRY4 (Prop_carry4_S[2]_CO[3])
                                                      0.398     7.166 r  uut/addr_out_carry_i_11/CO[3]
                         net (fo=1, routed)           0.000     7.166    uut/addr_out_carry_i_11_n_0
    SLICE_X45Y16         CARRY4 (Prop_carry4_CI_O[1])
                                                      0.334     7.500 r  uut/addr_out_carry__0_i_14/O[1]
                         net (fo=1, routed)           0.415     7.916    uut/x_new0[12]
    SLICE_X47Y17         LUT6 (Prop_lut6_I5_O)        0.303     8.219 r  uut/addr_out_carry__0_i_11/O
                         net (fo=1, routed)           0.564     8.782    uut/y_new[12]
    SLICE_X44Y17         LUT5 (Prop_lut5_I4_O)        0.124     8.906 r  uut/addr_out_carry__0_i_7/O
                         net (fo=1, routed)           0.000     8.906    uut/addr_out_carry__0_i_7_n_0
    SLICE_X44Y17         CARRY4 (Prop_carry4_S[1]_O[3])
                                                      0.640     9.546 f  uut/addr_out_carry__0/O[3]
                         net (fo=1, routed)           0.309     9.855    uut/addr_out[14]
    SLICE_X44Y15         LUT5 (Prop_lut5_I4_O)        0.306    10.161 f  uut/uuuut_i_4/O
                         net (fo=31, routed)          1.973    12.134    uuuut/U0/inst_blk_mem_gen/gnbram.gnativebmg.native_blk_mem_gen/valid.cstr/ramloop[0].ram.r/prim_noinit.ram/addra[14]
    SLICE_X91Y9          LUT4 (Prop_lut4_I1_O)        0.124    12.258 r  uuuut/U0/inst_blk_mem_gen/gnbram.gnativebmg.native_blk_mem_gen/valid.cstr/ramloop[0].ram.r/prim_noinit.ram/DEVICE_7SERIES.NO_BMM_INFO.SDP.SIMPLE_PRIM36.ram_i_3/O
                         net (fo=2, routed)           0.278    12.536    uuuut/U0/inst_blk_mem_gen/gnbram.gnativebmg.native_blk_mem_gen/valid.cstr/ramloop[0].ram.r/prim_noinit.ram/addra_15_sn_1
    SLICE_X91Y9          LUT3 (Prop_lut3_I2_O)        0.124    12.660 r  uuuut/U0/inst_blk_mem_gen/gnbram.gnativebmg.native_blk_mem_gen/valid.cstr/ramloop[0].ram.r/prim_noinit.ram/DEVICE_7SERIES.NO_BMM_INFO.SDP.SIMPLE_PRIM36.ram_i_1__62/O
                         net (fo=1, routed)           0.485    13.145    uuuut/U0/inst_blk_mem_gen/gnbram.gnativebmg.native_blk_mem_gen/valid.cstr/ramloop[0].ram.r/prim_noinit.ram/ramloop[0].ram.ram_ena
    RAMB36_X4Y1          RAMB36E1                                     r  uuuut/U0/inst_blk_mem_gen/gnbram.gnativebmg.native_blk_mem_gen/valid.cstr/ramloop[0].ram.r/prim_noinit.ram/DEVICE_7SERIES.NO_BMM_INFO.SDP.SIMPLE_PRIM36.ram/ENARDEN
  -------------------------------------------------------------------    -------------------

                         (clock sys_clk_pin rise edge)
                                                      8.000     8.000 r  
    H16                                               0.000     8.000 r  clk_125mhz (IN)
                         net (fo=0)                   0.000     8.000    clk_125mhz
    H16                  IBUF (Prop_ibuf_I_O)         1.380     9.380 r  clk_125mhz_IBUF_inst/O
                         net (fo=1, routed)           2.293    11.673    clk_125mhz_IBUF
    BUFGCTRL_X0Y16       BUFG (Prop_bufg_I_O)         0.091    11.764 r  clk_125mhz_IBUF_BUFG_inst/O
                         net (fo=266, routed)         1.657    13.421    uuuut/U0/inst_blk_mem_gen/gnbram.gnativebmg.native_blk_mem_gen/valid.cstr/ramloop[0].ram.r/prim_noinit.ram/clka
    RAMB36_X4Y1          RAMB36E1                                     r  uuuut/U0/inst_blk_mem_gen/gnbram.gnativebmg.native_blk_mem_gen/valid.cstr/ramloop[0].ram.r/prim_noinit.ram/DEVICE_7SERIES.NO_BMM_INFO.SDP.SIMPLE_PRIM36.ram/CLKARDCLK
                         clock pessimism              0.323    13.744    
                         clock uncertainty           -0.035    13.709    
    RAMB36_X4Y1          RAMB36E1 (Setup_ramb36e1_CLKARDCLK_ENARDEN)
                                                     -0.443    13.266    uuuut/U0/inst_blk_mem_gen/gnbram.gnativebmg.native_blk_mem_gen/valid.cstr/ramloop[0].ram.r/prim_noinit.ram/DEVICE_7SERIES.NO_BMM_INFO.SDP.SIMPLE_PRIM36.ram
  -------------------------------------------------------------------
                         required time                         13.266    
                         arrival time                         -13.145    
  -------------------------------------------------------------------
                         slack                                  0.121    

Slack (MET) :             0.125ns  (required time - arrival time)
  Source:                 uut/counter_x_reg[9]/C
                            (rising edge-triggered cell FDCE clocked by sys_clk_pin  {rise@0.000ns fall@4.000ns period=8.000ns})
  Destination:            uuuut/U0/inst_blk_mem_gen/gnbram.gnativebmg.native_blk_mem_gen/valid.cstr/ramloop[17].ram.r/prim_noinit.ram/DEVICE_7SERIES.NO_BMM_INFO.SDP.SIMPLE_PRIM36.ram/ENARDEN
                            (rising edge-triggered cell RAMB36E1 clocked by sys_clk_pin  {rise@0.000ns fall@4.000ns period=8.000ns})
  Path Group:             sys_clk_pin
  Path Type:              Setup (Max at Slow Process Corner)
  Requirement:            8.000ns  (sys_clk_pin rise@8.000ns - sys_clk_pin rise@0.000ns)
  Data Path Delay:        7.397ns  (logic 3.310ns (44.748%)  route 4.087ns (55.252%))
  Logic Levels:           10  (CARRY4=4 LUT1=1 LUT3=1 LUT5=2 LUT6=2)
  Clock Path Skew:        0.001ns (DCD - SCD + CPR)
    Destination Clock Delay (DCD):    5.412ns = ( 13.412 - 8.000 ) 
    Source Clock Delay      (SCD):    5.735ns
    Clock Pessimism Removal (CPR):    0.323ns
  Clock Uncertainty:      0.035ns  ((TSJ^2 + TIJ^2)^1/2 + DJ) / 2 + PE
    Total System Jitter     (TSJ):    0.071ns
    Total Input Jitter      (TIJ):    0.000ns
    Discrete Jitter          (DJ):    0.000ns
    Phase Error              (PE):    0.000ns

    Location             Delay type                Incr(ns)  Path(ns)    Netlist Resource(s)
  -------------------------------------------------------------------    -------------------
                         (clock sys_clk_pin rise edge)
                                                      0.000     0.000 r  
    H16                                               0.000     0.000 r  clk_125mhz (IN)
                         net (fo=0)                   0.000     0.000    clk_125mhz
    H16                  IBUF (Prop_ibuf_I_O)         1.451     1.451 r  clk_125mhz_IBUF_inst/O
                         net (fo=1, routed)           2.522     3.973    clk_125mhz_IBUF
    BUFGCTRL_X0Y16       BUFG (Prop_bufg_I_O)         0.101     4.074 r  clk_125mhz_IBUF_BUFG_inst/O
                         net (fo=266, routed)         1.661     5.735    uut/clk_125mhz_IBUF_BUFG
    SLICE_X47Y15         FDCE                                         r  uut/counter_x_reg[9]/C
  -------------------------------------------------------------------    -------------------
    SLICE_X47Y15         FDCE (Prop_fdce_C_Q)         0.419     6.154 f  uut/counter_x_reg[9]/Q
                         net (fo=4, routed)           0.318     6.471    uut/counter_x_reg_n_0_[9]
    SLICE_X45Y15         LUT1 (Prop_lut1_I0_O)        0.297     6.768 r  uut/addr_out_carry_i_15/O
                         net (fo=1, routed)           0.000     6.768    uut/addr_out_carry_i_15_n_0
    SLICE_X45Y15         CARRY4 (Prop_carry4_S[2]_CO[3])
                                                      0.398     7.166 r  uut/addr_out_carry_i_11/CO[3]
                         net (fo=1, routed)           0.000     7.166    uut/addr_out_carry_i_11_n_0
    SLICE_X45Y16         CARRY4 (Prop_carry4_CI_O[1])
                                                      0.334     7.500 r  uut/addr_out_carry__0_i_14/O[1]
                         net (fo=1, routed)           0.415     7.916    uut/x_new0[12]
    SLICE_X47Y17         LUT6 (Prop_lut6_I5_O)        0.303     8.219 r  uut/addr_out_carry__0_i_11/O
                         net (fo=1, routed)           0.564     8.782    uut/y_new[12]
    SLICE_X44Y17         LUT5 (Prop_lut5_I4_O)        0.124     8.906 r  uut/addr_out_carry__0_i_7/O
                         net (fo=1, routed)           0.000     8.906    uut/addr_out_carry__0_i_7_n_0
    SLICE_X44Y17         CARRY4 (Prop_carry4_S[1]_CO[3])
                                                      0.550     9.456 r  uut/addr_out_carry__0/CO[3]
                         net (fo=1, routed)           0.000     9.456    uut/addr_out_carry__0_n_0
    SLICE_X44Y18         CARRY4 (Prop_carry4_CI_O[1])
                                                      0.334     9.790 r  uut/addr_out_carry__1/O[1]
                         net (fo=1, routed)           0.292    10.083    uut/addr_out[16]
    SLICE_X47Y18         LUT5 (Prop_lut5_I4_O)        0.303    10.386 r  uut/uuuut_i_2/O
                         net (fo=8, routed)           0.472    10.858    uuuut/U0/inst_blk_mem_gen/gnbram.gnativebmg.native_blk_mem_gen/valid.cstr/ramloop[31].ram.r/prim_noinit.ram/addra[16]
    SLICE_X47Y18         LUT3 (Prop_lut3_I0_O)        0.124    10.982 r  uuuut/U0/inst_blk_mem_gen/gnbram.gnativebmg.native_blk_mem_gen/valid.cstr/ramloop[31].ram.r/prim_noinit.ram/DEVICE_7SERIES.NO_BMM_INFO.SDP.SIMPLE_PRIM36.ram_i_3__1/O
                         net (fo=15, routed)          0.824    11.806    uuuut/U0/inst_blk_mem_gen/gnbram.gnativebmg.native_blk_mem_gen/valid.cstr/ramloop[17].ram.r/prim_noinit.ram/DEVICE_7SERIES.NO_BMM_INFO.SDP.SIMPLE_PRIM36.ram_1
    SLICE_X52Y16         LUT6 (Prop_lut6_I0_O)        0.124    11.930 r  uuuut/U0/inst_blk_mem_gen/gnbram.gnativebmg.native_blk_mem_gen/valid.cstr/ramloop[17].ram.r/prim_noinit.ram/DEVICE_7SERIES.NO_BMM_INFO.SDP.SIMPLE_PRIM36.ram_i_1__12/O
                         net (fo=1, routed)           1.201    13.132    uuuut/U0/inst_blk_mem_gen/gnbram.gnativebmg.native_blk_mem_gen/valid.cstr/ramloop[17].ram.r/prim_noinit.ram/ramloop[17].ram.ram_ena
    RAMB36_X4Y3          RAMB36E1                                     r  uuuut/U0/inst_blk_mem_gen/gnbram.gnativebmg.native_blk_mem_gen/valid.cstr/ramloop[17].ram.r/prim_noinit.ram/DEVICE_7SERIES.NO_BMM_INFO.SDP.SIMPLE_PRIM36.ram/ENARDEN
  -------------------------------------------------------------------    -------------------

                         (clock sys_clk_pin rise edge)
                                                      8.000     8.000 r  
    H16                                               0.000     8.000 r  clk_125mhz (IN)
                         net (fo=0)                   0.000     8.000    clk_125mhz
    H16                  IBUF (Prop_ibuf_I_O)         1.380     9.380 r  clk_125mhz_IBUF_inst/O
                         net (fo=1, routed)           2.293    11.673    clk_125mhz_IBUF
    BUFGCTRL_X0Y16       BUFG (Prop_bufg_I_O)         0.091    11.764 r  clk_125mhz_IBUF_BUFG_inst/O
                         net (fo=266, routed)         1.648    13.412    uuuut/U0/inst_blk_mem_gen/gnbram.gnativebmg.native_blk_mem_gen/valid.cstr/ramloop[17].ram.r/prim_noinit.ram/clka
    RAMB36_X4Y3          RAMB36E1                                     r  uuuut/U0/inst_blk_mem_gen/gnbram.gnativebmg.native_blk_mem_gen/valid.cstr/ramloop[17].ram.r/prim_noinit.ram/DEVICE_7SERIES.NO_BMM_INFO.SDP.SIMPLE_PRIM36.ram/CLKARDCLK
                         clock pessimism              0.323    13.735    
                         clock uncertainty           -0.035    13.700    
    RAMB36_X4Y3          RAMB36E1 (Setup_ramb36e1_CLKARDCLK_ENARDEN)
                                                     -0.443    13.257    uuuut/U0/inst_blk_mem_gen/gnbram.gnativebmg.native_blk_mem_gen/valid.cstr/ramloop[17].ram.r/prim_noinit.ram/DEVICE_7SERIES.NO_BMM_INFO.SDP.SIMPLE_PRIM36.ram
  -------------------------------------------------------------------
                         required time                         13.257    
                         arrival time                         -13.132    
  -------------------------------------------------------------------
                         slack                                  0.125    

Slack (MET) :             0.146ns  (required time - arrival time)
  Source:                 uut/counter_x_reg[9]/C
                            (rising edge-triggered cell FDCE clocked by sys_clk_pin  {rise@0.000ns fall@4.000ns period=8.000ns})
  Destination:            uuuut/U0/inst_blk_mem_gen/gnbram.gnativebmg.native_blk_mem_gen/valid.cstr/ramloop[4].ram.r/prim_noinit.ram/DEVICE_7SERIES.NO_BMM_INFO.SDP.SIMPLE_PRIM36.ram/ENARDEN
                            (rising edge-triggered cell RAMB36E1 clocked by sys_clk_pin  {rise@0.000ns fall@4.000ns period=8.000ns})
  Path Group:             sys_clk_pin
  Path Type:              Setup (Max at Slow Process Corner)
  Requirement:            8.000ns  (sys_clk_pin rise@8.000ns - sys_clk_pin rise@0.000ns)
  Data Path Delay:        7.362ns  (logic 3.310ns (44.962%)  route 4.052ns (55.038%))
  Logic Levels:           10  (CARRY4=4 LUT1=1 LUT3=1 LUT5=2 LUT6=2)
  Clock Path Skew:        -0.014ns (DCD - SCD + CPR)
    Destination Clock Delay (DCD):    5.297ns = ( 13.297 - 8.000 ) 
    Source Clock Delay      (SCD):    5.735ns
    Clock Pessimism Removal (CPR):    0.424ns
  Clock Uncertainty:      0.035ns  ((TSJ^2 + TIJ^2)^1/2 + DJ) / 2 + PE
    Total System Jitter     (TSJ):    0.071ns
    Total Input Jitter      (TIJ):    0.000ns
    Discrete Jitter          (DJ):    0.000ns
    Phase Error              (PE):    0.000ns

    Location             Delay type                Incr(ns)  Path(ns)    Netlist Resource(s)
  -------------------------------------------------------------------    -------------------
                         (clock sys_clk_pin rise edge)
                                                      0.000     0.000 r  
    H16                                               0.000     0.000 r  clk_125mhz (IN)
                         net (fo=0)                   0.000     0.000    clk_125mhz
    H16                  IBUF (Prop_ibuf_I_O)         1.451     1.451 r  clk_125mhz_IBUF_inst/O
                         net (fo=1, routed)           2.522     3.973    clk_125mhz_IBUF
    BUFGCTRL_X0Y16       BUFG (Prop_bufg_I_O)         0.101     4.074 r  clk_125mhz_IBUF_BUFG_inst/O
                         net (fo=266, routed)         1.661     5.735    uut/clk_125mhz_IBUF_BUFG
    SLICE_X47Y15         FDCE                                         r  uut/counter_x_reg[9]/C
  -------------------------------------------------------------------    -------------------
    SLICE_X47Y15         FDCE (Prop_fdce_C_Q)         0.419     6.154 f  uut/counter_x_reg[9]/Q
                         net (fo=4, routed)           0.318     6.471    uut/counter_x_reg_n_0_[9]
    SLICE_X45Y15         LUT1 (Prop_lut1_I0_O)        0.297     6.768 r  uut/addr_out_carry_i_15/O
                         net (fo=1, routed)           0.000     6.768    uut/addr_out_carry_i_15_n_0
    SLICE_X45Y15         CARRY4 (Prop_carry4_S[2]_CO[3])
                                                      0.398     7.166 r  uut/addr_out_carry_i_11/CO[3]
                         net (fo=1, routed)           0.000     7.166    uut/addr_out_carry_i_11_n_0
    SLICE_X45Y16         CARRY4 (Prop_carry4_CI_O[1])
                                                      0.334     7.500 r  uut/addr_out_carry__0_i_14/O[1]
                         net (fo=1, routed)           0.415     7.916    uut/x_new0[12]
    SLICE_X47Y17         LUT6 (Prop_lut6_I5_O)        0.303     8.219 r  uut/addr_out_carry__0_i_11/O
                         net (fo=1, routed)           0.564     8.782    uut/y_new[12]
    SLICE_X44Y17         LUT5 (Prop_lut5_I4_O)        0.124     8.906 r  uut/addr_out_carry__0_i_7/O
                         net (fo=1, routed)           0.000     8.906    uut/addr_out_carry__0_i_7_n_0
    SLICE_X44Y17         CARRY4 (Prop_carry4_S[1]_CO[3])
                                                      0.550     9.456 r  uut/addr_out_carry__0/CO[3]
                         net (fo=1, routed)           0.000     9.456    uut/addr_out_carry__0_n_0
    SLICE_X44Y18         CARRY4 (Prop_carry4_CI_O[1])
                                                      0.334     9.790 f  uut/addr_out_carry__1/O[1]
                         net (fo=1, routed)           0.292    10.083    uut/addr_out[16]
    SLICE_X47Y18         LUT5 (Prop_lut5_I4_O)        0.303    10.386 f  uut/uuuut_i_2/O
                         net (fo=8, routed)           1.548    11.934    uuuut/U0/inst_blk_mem_gen/gnbram.gnativebmg.native_blk_mem_gen/valid.cstr/ramloop[15].ram.r/prim_noinit.ram/addra[16]
    SLICE_X33Y46         LUT3 (Prop_lut3_I0_O)        0.124    12.058 r  uuuut/U0/inst_blk_mem_gen/gnbram.gnativebmg.native_blk_mem_gen/valid.cstr/ramloop[15].ram.r/prim_noinit.ram/DEVICE_7SERIES.NO_BMM_INFO.SDP.SIMPLE_PRIM36.ram_i_4_replica/O
                         net (fo=1, routed)           0.573    12.631    uuuut/U0/inst_blk_mem_gen/gnbram.gnativebmg.native_blk_mem_gen/valid.cstr/ramloop[4].ram.r/prim_noinit.ram/addra[17]_0_repN_alias
    SLICE_X33Y47         LUT6 (Prop_lut6_I1_O)        0.124    12.755 r  uuuut/U0/inst_blk_mem_gen/gnbram.gnativebmg.native_blk_mem_gen/valid.cstr/ramloop[4].ram.r/prim_noinit.ram/DEVICE_7SERIES.NO_BMM_INFO.SDP.SIMPLE_PRIM36.ram_i_1/O
                         net (fo=1, routed)           0.341    13.096    uuuut/U0/inst_blk_mem_gen/gnbram.gnativebmg.native_blk_mem_gen/valid.cstr/ramloop[4].ram.r/prim_noinit.ram/ramloop[4].ram.ram_ena
    RAMB36_X2Y9          RAMB36E1                                     r  uuuut/U0/inst_blk_mem_gen/gnbram.gnativebmg.native_blk_mem_gen/valid.cstr/ramloop[4].ram.r/prim_noinit.ram/DEVICE_7SERIES.NO_BMM_INFO.SDP.SIMPLE_PRIM36.ram/ENARDEN
  -------------------------------------------------------------------    -------------------

                         (clock sys_clk_pin rise edge)
                                                      8.000     8.000 r  
    H16                                               0.000     8.000 r  clk_125mhz (IN)
                         net (fo=0)                   0.000     8.000    clk_125mhz
    H16                  IBUF (Prop_ibuf_I_O)         1.380     9.380 r  clk_125mhz_IBUF_inst/O
                         net (fo=1, routed)           2.293    11.673    clk_125mhz_IBUF
    BUFGCTRL_X0Y16       BUFG (Prop_bufg_I_O)         0.091    11.764 r  clk_125mhz_IBUF_BUFG_inst/O
                         net (fo=266, routed)         1.533    13.297    uuuut/U0/inst_blk_mem_gen/gnbram.gnativebmg.native_blk_mem_gen/valid.cstr/ramloop[4].ram.r/prim_noinit.ram/clka
    RAMB36_X2Y9          RAMB36E1                                     r  uuuut/U0/inst_blk_mem_gen/gnbram.gnativebmg.native_blk_mem_gen/valid.cstr/ramloop[4].ram.r/prim_noinit.ram/DEVICE_7SERIES.NO_BMM_INFO.SDP.SIMPLE_PRIM36.ram/CLKARDCLK
                         clock pessimism              0.424    13.721    
                         clock uncertainty           -0.035    13.686    
    RAMB36_X2Y9          RAMB36E1 (Setup_ramb36e1_CLKARDCLK_ENARDEN)
                                                     -0.443    13.243    uuuut/U0/inst_blk_mem_gen/gnbram.gnativebmg.native_blk_mem_gen/valid.cstr/ramloop[4].ram.r/prim_noinit.ram/DEVICE_7SERIES.NO_BMM_INFO.SDP.SIMPLE_PRIM36.ram
  -------------------------------------------------------------------
                         required time                         13.243    
                         arrival time                         -13.096    
  -------------------------------------------------------------------
                         slack                                  0.146    

Slack (MET) :             0.162ns  (required time - arrival time)
  Source:                 uut/counter_x_reg[9]/C
                            (rising edge-triggered cell FDCE clocked by sys_clk_pin  {rise@0.000ns fall@4.000ns period=8.000ns})
  Destination:            uuuut/U0/inst_blk_mem_gen/gnbram.gnativebmg.native_blk_mem_gen/valid.cstr/ramloop[15].ram.r/prim_noinit.ram/DEVICE_7SERIES.NO_BMM_INFO.SDP.SIMPLE_PRIM36.ram/ENARDEN
                            (rising edge-triggered cell RAMB36E1 clocked by sys_clk_pin  {rise@0.000ns fall@4.000ns period=8.000ns})
  Path Group:             sys_clk_pin
  Path Type:              Setup (Max at Slow Process Corner)
  Requirement:            8.000ns  (sys_clk_pin rise@8.000ns - sys_clk_pin rise@0.000ns)
  Data Path Delay:        7.418ns  (logic 3.310ns (44.618%)  route 4.108ns (55.382%))
  Logic Levels:           10  (CARRY4=4 LUT1=1 LUT3=1 LUT5=2 LUT6=2)
  Clock Path Skew:        0.059ns (DCD - SCD + CPR)
    Destination Clock Delay (DCD):    5.370ns = ( 13.370 - 8.000 ) 
    Source Clock Delay      (SCD):    5.735ns
    Clock Pessimism Removal (CPR):    0.424ns
  Clock Uncertainty:      0.035ns  ((TSJ^2 + TIJ^2)^1/2 + DJ) / 2 + PE
    Total System Jitter     (TSJ):    0.071ns
    Total Input Jitter      (TIJ):    0.000ns
    Discrete Jitter          (DJ):    0.000ns
    Phase Error              (PE):    0.000ns

    Location             Delay type                Incr(ns)  Path(ns)    Netlist Resource(s)
  -------------------------------------------------------------------    -------------------
                         (clock sys_clk_pin rise edge)
                                                      0.000     0.000 r  
    H16                                               0.000     0.000 r  clk_125mhz (IN)
                         net (fo=0)                   0.000     0.000    clk_125mhz
    H16                  IBUF (Prop_ibuf_I_O)         1.451     1.451 r  clk_125mhz_IBUF_inst/O
                         net (fo=1, routed)           2.522     3.973    clk_125mhz_IBUF
    BUFGCTRL_X0Y16       BUFG (Prop_bufg_I_O)         0.101     4.074 r  clk_125mhz_IBUF_BUFG_inst/O
                         net (fo=266, routed)         1.661     5.735    uut/clk_125mhz_IBUF_BUFG
    SLICE_X47Y15         FDCE                                         r  uut/counter_x_reg[9]/C
  -------------------------------------------------------------------    -------------------
    SLICE_X47Y15         FDCE (Prop_fdce_C_Q)         0.419     6.154 f  uut/counter_x_reg[9]/Q
                         net (fo=4, routed)           0.318     6.471    uut/counter_x_reg_n_0_[9]
    SLICE_X45Y15         LUT1 (Prop_lut1_I0_O)        0.297     6.768 r  uut/addr_out_carry_i_15/O
                         net (fo=1, routed)           0.000     6.768    uut/addr_out_carry_i_15_n_0
    SLICE_X45Y15         CARRY4 (Prop_carry4_S[2]_CO[3])
                                                      0.398     7.166 r  uut/addr_out_carry_i_11/CO[3]
                         net (fo=1, routed)           0.000     7.166    uut/addr_out_carry_i_11_n_0
    SLICE_X45Y16         CARRY4 (Prop_carry4_CI_O[1])
                                                      0.334     7.500 r  uut/addr_out_carry__0_i_14/O[1]
                         net (fo=1, routed)           0.415     7.916    uut/x_new0[12]
    SLICE_X47Y17         LUT6 (Prop_lut6_I5_O)        0.303     8.219 r  uut/addr_out_carry__0_i_11/O
                         net (fo=1, routed)           0.564     8.782    uut/y_new[12]
    SLICE_X44Y17         LUT5 (Prop_lut5_I4_O)        0.124     8.906 r  uut/addr_out_carry__0_i_7/O
                         net (fo=1, routed)           0.000     8.906    uut/addr_out_carry__0_i_7_n_0
    SLICE_X44Y17         CARRY4 (Prop_carry4_S[1]_CO[3])
                                                      0.550     9.456 r  uut/addr_out_carry__0/CO[3]
                         net (fo=1, routed)           0.000     9.456    uut/addr_out_carry__0_n_0
    SLICE_X44Y18         CARRY4 (Prop_carry4_CI_O[1])
                                                      0.334     9.790 f  uut/addr_out_carry__1/O[1]
                         net (fo=1, routed)           0.292    10.083    uut/addr_out[16]
    SLICE_X47Y18         LUT5 (Prop_lut5_I4_O)        0.303    10.386 f  uut/uuuut_i_2/O
                         net (fo=8, routed)           0.351    10.737    uuuut/U0/inst_blk_mem_gen/gnbram.gnativebmg.native_blk_mem_gen/valid.cstr/ramloop[15].ram.r/prim_noinit.ram/addra[16]
    SLICE_X47Y17         LUT3 (Prop_lut3_I0_O)        0.124    10.861 r  uuuut/U0/inst_blk_mem_gen/gnbram.gnativebmg.native_blk_mem_gen/valid.cstr/ramloop[15].ram.r/prim_noinit.ram/DEVICE_7SERIES.NO_BMM_INFO.SDP.SIMPLE_PRIM36.ram_i_3__0/O
                         net (fo=14, routed)          1.827    12.688    uuuut/U0/inst_blk_mem_gen/gnbram.gnativebmg.native_blk_mem_gen/valid.cstr/ramloop[15].ram.r/prim_noinit.ram/addra_17_sn_1
    SLICE_X9Y27          LUT6 (Prop_lut6_I0_O)        0.124    12.812 r  uuuut/U0/inst_blk_mem_gen/gnbram.gnativebmg.native_blk_mem_gen/valid.cstr/ramloop[15].ram.r/prim_noinit.ram/DEVICE_7SERIES.NO_BMM_INFO.SDP.SIMPLE_PRIM36.ram_i_1__31/O
                         net (fo=1, routed)           0.341    13.153    uuuut/U0/inst_blk_mem_gen/gnbram.gnativebmg.native_blk_mem_gen/valid.cstr/ramloop[15].ram.r/prim_noinit.ram/ramloop[15].ram.ram_ena
    RAMB36_X0Y5          RAMB36E1                                     r  uuuut/U0/inst_blk_mem_gen/gnbram.gnativebmg.native_blk_mem_gen/valid.cstr/ramloop[15].ram.r/prim_noinit.ram/DEVICE_7SERIES.NO_BMM_INFO.SDP.SIMPLE_PRIM36.ram/ENARDEN
  -------------------------------------------------------------------    -------------------

                         (clock sys_clk_pin rise edge)
                                                      8.000     8.000 r  
    H16                                               0.000     8.000 r  clk_125mhz (IN)
                         net (fo=0)                   0.000     8.000    clk_125mhz
    H16                  IBUF (Prop_ibuf_I_O)         1.380     9.380 r  clk_125mhz_IBUF_inst/O
                         net (fo=1, routed)           2.293    11.673    clk_125mhz_IBUF
    BUFGCTRL_X0Y16       BUFG (Prop_bufg_I_O)         0.091    11.764 r  clk_125mhz_IBUF_BUFG_inst/O
                         net (fo=266, routed)         1.606    13.370    uuuut/U0/inst_blk_mem_gen/gnbram.gnativebmg.native_blk_mem_gen/valid.cstr/ramloop[15].ram.r/prim_noinit.ram/clka
    RAMB36_X0Y5          RAMB36E1                                     r  uuuut/U0/inst_blk_mem_gen/gnbram.gnativebmg.native_blk_mem_gen/valid.cstr/ramloop[15].ram.r/prim_noinit.ram/DEVICE_7SERIES.NO_BMM_INFO.SDP.SIMPLE_PRIM36.ram/CLKARDCLK
                         clock pessimism              0.424    13.794    
                         clock uncertainty           -0.035    13.759    
    RAMB36_X0Y5          RAMB36E1 (Setup_ramb36e1_CLKARDCLK_ENARDEN)
                                                     -0.443    13.316    uuuut/U0/inst_blk_mem_gen/gnbram.gnativebmg.native_blk_mem_gen/valid.cstr/ramloop[15].ram.r/prim_noinit.ram/DEVICE_7SERIES.NO_BMM_INFO.SDP.SIMPLE_PRIM36.ram
  -------------------------------------------------------------------
                         required time                         13.316    
                         arrival time                         -13.153    
  -------------------------------------------------------------------
                         slack                                  0.162    





Min Delay Paths
--------------------------------------------------------------------------------------
Slack (MET) :             0.151ns  (arrival time - required time)
  Source:                 uut/FSM_onehot_state_reg[0]/C
                            (rising edge-triggered cell FDPE clocked by sys_clk_pin  {rise@0.000ns fall@4.000ns period=8.000ns})
  Destination:            uut/FSM_onehot_state_reg[1]/D
                            (rising edge-triggered cell FDCE clocked by sys_clk_pin  {rise@0.000ns fall@4.000ns period=8.000ns})
  Path Group:             sys_clk_pin
  Path Type:              Hold (Min at Fast Process Corner)
  Requirement:            0.000ns  (sys_clk_pin rise@0.000ns - sys_clk_pin rise@0.000ns)
  Data Path Delay:        0.284ns  (logic 0.186ns (65.445%)  route 0.098ns (34.555%))
  Logic Levels:           1  (LUT4=1)
  Clock Path Skew:        0.013ns (DCD - SCD - CPR)
    Destination Clock Delay (DCD):    2.169ns
    Source Clock Delay      (SCD):    1.646ns
    Clock Pessimism Removal (CPR):    0.510ns

    Location             Delay type                Incr(ns)  Path(ns)    Netlist Resource(s)
  -------------------------------------------------------------------    -------------------
                         (clock sys_clk_pin rise edge)
                                                      0.000     0.000 r  
    H16                                               0.000     0.000 r  clk_125mhz (IN)
                         net (fo=0)                   0.000     0.000    clk_125mhz
    H16                  IBUF (Prop_ibuf_I_O)         0.219     0.219 r  clk_125mhz_IBUF_inst/O
                         net (fo=1, routed)           0.842     1.060    clk_125mhz_IBUF
    BUFGCTRL_X0Y16       BUFG (Prop_bufg_I_O)         0.026     1.086 r  clk_125mhz_IBUF_BUFG_inst/O
                         net (fo=266, routed)         0.560     1.646    uut/clk_125mhz_IBUF_BUFG
    SLICE_X43Y39         FDPE                                         r  uut/FSM_onehot_state_reg[0]/C
  -------------------------------------------------------------------    -------------------
    SLICE_X43Y39         FDPE (Prop_fdpe_C_Q)         0.141     1.787 r  uut/FSM_onehot_state_reg[0]/Q
                         net (fo=2, routed)           0.098     1.885    uut/FSM_onehot_state_reg_n_0_[0]
    SLICE_X42Y39         LUT4 (Prop_lut4_I3_O)        0.045     1.930 r  uut/FSM_onehot_state[1]_i_1/O
                         net (fo=1, routed)           0.000     1.930    uut/FSM_onehot_state[1]_i_1_n_0
    SLICE_X42Y39         FDCE                                         r  uut/FSM_onehot_state_reg[1]/D
  -------------------------------------------------------------------    -------------------

                         (clock sys_clk_pin rise edge)
                                                      0.000     0.000 r  
    H16                                               0.000     0.000 r  clk_125mhz (IN)
                         net (fo=0)                   0.000     0.000    clk_125mhz
    H16                  IBUF (Prop_ibuf_I_O)         0.406     0.406 r  clk_125mhz_IBUF_inst/O
                         net (fo=1, routed)           0.907     1.313    clk_125mhz_IBUF
    BUFGCTRL_X0Y16       BUFG (Prop_bufg_I_O)         0.029     1.342 r  clk_125mhz_IBUF_BUFG_inst/O
                         net (fo=266, routed)         0.827     2.169    uut/clk_125mhz_IBUF_BUFG
    SLICE_X42Y39         FDCE                                         r  uut/FSM_onehot_state_reg[1]/C
                         clock pessimism             -0.510     1.659    
    SLICE_X42Y39         FDCE (Hold_fdce_C_D)         0.120     1.779    uut/FSM_onehot_state_reg[1]
  -------------------------------------------------------------------
                         required time                         -1.779    
                         arrival time                           1.930    
  -------------------------------------------------------------------
                         slack                                  0.151    

Slack (MET) :             0.154ns  (arrival time - required time)
  Source:                 tx/ticks_counter_reg[5]/C
                            (rising edge-triggered cell FDCE clocked by sys_clk_pin  {rise@0.000ns fall@4.000ns period=8.000ns})
  Destination:            tx/ticks_counter_reg[0]/D
                            (rising edge-triggered cell FDCE clocked by sys_clk_pin  {rise@0.000ns fall@4.000ns period=8.000ns})
  Path Group:             sys_clk_pin
  Path Type:              Hold (Min at Fast Process Corner)
  Requirement:            0.000ns  (sys_clk_pin rise@0.000ns - sys_clk_pin rise@0.000ns)
  Data Path Delay:        0.287ns  (logic 0.186ns (64.917%)  route 0.101ns (35.083%))
  Logic Levels:           1  (LUT6=1)
  Clock Path Skew:        0.013ns (DCD - SCD - CPR)
    Destination Clock Delay (DCD):    2.172ns
    Source Clock Delay      (SCD):    1.649ns
    Clock Pessimism Removal (CPR):    0.510ns

    Location             Delay type                Incr(ns)  Path(ns)    Netlist Resource(s)
  -------------------------------------------------------------------    -------------------
                         (clock sys_clk_pin rise edge)
                                                      0.000     0.000 r  
    H16                                               0.000     0.000 r  clk_125mhz (IN)
                         net (fo=0)                   0.000     0.000    clk_125mhz
    H16                  IBUF (Prop_ibuf_I_O)         0.219     0.219 r  clk_125mhz_IBUF_inst/O
                         net (fo=1, routed)           0.842     1.060    clk_125mhz_IBUF
    BUFGCTRL_X0Y16       BUFG (Prop_bufg_I_O)         0.026     1.086 r  clk_125mhz_IBUF_BUFG_inst/O
                         net (fo=266, routed)         0.563     1.649    tx/clk_125mhz_IBUF_BUFG
    SLICE_X39Y49         FDCE                                         r  tx/ticks_counter_reg[5]/C
  -------------------------------------------------------------------    -------------------
    SLICE_X39Y49         FDCE (Prop_fdce_C_Q)         0.141     1.790 f  tx/ticks_counter_reg[5]/Q
                         net (fo=5, routed)           0.101     1.891    tx/ticks_counter_reg[5]
    SLICE_X38Y49         LUT6 (Prop_lut6_I3_O)        0.045     1.936 r  tx/ticks_counter[0]_i_1/O
                         net (fo=1, routed)           0.000     1.936    tx/p_0_in__0[0]
    SLICE_X38Y49         FDCE                                         r  tx/ticks_counter_reg[0]/D
  -------------------------------------------------------------------    -------------------

                         (clock sys_clk_pin rise edge)
                                                      0.000     0.000 r  
    H16                                               0.000     0.000 r  clk_125mhz (IN)
                         net (fo=0)                   0.000     0.000    clk_125mhz
    H16                  IBUF (Prop_ibuf_I_O)         0.406     0.406 r  clk_125mhz_IBUF_inst/O
                         net (fo=1, routed)           0.907     1.313    clk_125mhz_IBUF
    BUFGCTRL_X0Y16       BUFG (Prop_bufg_I_O)         0.029     1.342 r  clk_125mhz_IBUF_BUFG_inst/O
                         net (fo=266, routed)         0.830     2.172    tx/clk_125mhz_IBUF_BUFG
    SLICE_X38Y49         FDCE                                         r  tx/ticks_counter_reg[0]/C
                         clock pessimism             -0.510     1.662    
    SLICE_X38Y49         FDCE (Hold_fdce_C_D)         0.120     1.782    tx/ticks_counter_reg[0]
  -------------------------------------------------------------------
                         required time                         -1.782    
                         arrival time                           1.936    
  -------------------------------------------------------------------
                         slack                                  0.154    

Slack (MET) :             0.164ns  (arrival time - required time)
  Source:                 tx/ticks_counter_reg[5]/C
                            (rising edge-triggered cell FDCE clocked by sys_clk_pin  {rise@0.000ns fall@4.000ns period=8.000ns})
  Destination:            tx/ticks_counter_reg[10]/D
                            (rising edge-triggered cell FDCE clocked by sys_clk_pin  {rise@0.000ns fall@4.000ns period=8.000ns})
  Path Group:             sys_clk_pin
  Path Type:              Hold (Min at Fast Process Corner)
  Requirement:            0.000ns  (sys_clk_pin rise@0.000ns - sys_clk_pin rise@0.000ns)
  Data Path Delay:        0.546ns  (logic 0.231ns (42.302%)  route 0.315ns (57.698%))
  Logic Levels:           2  (LUT6=2)
  Clock Path Skew:        0.262ns (DCD - SCD - CPR)
    Destination Clock Delay (DCD):    2.167ns
    Source Clock Delay      (SCD):    1.649ns
    Clock Pessimism Removal (CPR):    0.256ns

    Location             Delay type                Incr(ns)  Path(ns)    Netlist Resource(s)
  -------------------------------------------------------------------    -------------------
                         (clock sys_clk_pin rise edge)
                                                      0.000     0.000 r  
    H16                                               0.000     0.000 r  clk_125mhz (IN)
                         net (fo=0)                   0.000     0.000    clk_125mhz
    H16                  IBUF (Prop_ibuf_I_O)         0.219     0.219 r  clk_125mhz_IBUF_inst/O
                         net (fo=1, routed)           0.842     1.060    clk_125mhz_IBUF
    BUFGCTRL_X0Y16       BUFG (Prop_bufg_I_O)         0.026     1.086 r  clk_125mhz_IBUF_BUFG_inst/O
                         net (fo=266, routed)         0.563     1.649    tx/clk_125mhz_IBUF_BUFG
    SLICE_X39Y49         FDCE                                         r  tx/ticks_counter_reg[5]/C
  -------------------------------------------------------------------    -------------------
    SLICE_X39Y49         FDCE (Prop_fdce_C_Q)         0.141     1.790 f  tx/ticks_counter_reg[5]/Q
                         net (fo=5, routed)           0.099     1.889    tx/ticks_counter_reg[5]
    SLICE_X38Y49         LUT6 (Prop_lut6_I3_O)        0.045     1.934 r  tx/currentState[4]_i_2/O
                         net (fo=15, routed)          0.217     2.150    tx/currentState[4]_i_2_n_0
    SLICE_X38Y50         LUT6 (Prop_lut6_I0_O)        0.045     2.195 r  tx/ticks_counter[10]_i_2/O
                         net (fo=1, routed)           0.000     2.195    tx/p_0_in__0[10]
    SLICE_X38Y50         FDCE                                         r  tx/ticks_counter_reg[10]/D
  -------------------------------------------------------------------    -------------------

                         (clock sys_clk_pin rise edge)
                                                      0.000     0.000 r  
    H16                                               0.000     0.000 r  clk_125mhz (IN)
                         net (fo=0)                   0.000     0.000    clk_125mhz
    H16                  IBUF (Prop_ibuf_I_O)         0.406     0.406 r  clk_125mhz_IBUF_inst/O
                         net (fo=1, routed)           0.907     1.313    clk_125mhz_IBUF
    BUFGCTRL_X0Y16       BUFG (Prop_bufg_I_O)         0.029     1.342 r  clk_125mhz_IBUF_BUFG_inst/O
                         net (fo=266, routed)         0.825     2.167    tx/clk_125mhz_IBUF_BUFG
    SLICE_X38Y50         FDCE                                         r  tx/ticks_counter_reg[10]/C
                         clock pessimism             -0.256     1.911    
    SLICE_X38Y50         FDCE (Hold_fdce_C_D)         0.120     2.031    tx/ticks_counter_reg[10]
  -------------------------------------------------------------------
                         required time                         -2.031    
                         arrival time                           2.195    
  -------------------------------------------------------------------
                         slack                                  0.164    

Slack (MET) :             0.169ns  (arrival time - required time)
  Source:                 tx/ticks_counter_reg[4]/C
                            (rising edge-triggered cell FDCE clocked by sys_clk_pin  {rise@0.000ns fall@4.000ns period=8.000ns})
  Destination:            tx/ticks_counter_reg[6]/D
                            (rising edge-triggered cell FDCE clocked by sys_clk_pin  {rise@0.000ns fall@4.000ns period=8.000ns})
  Path Group:             sys_clk_pin
  Path Type:              Hold (Min at Fast Process Corner)
  Requirement:            0.000ns  (sys_clk_pin rise@0.000ns - sys_clk_pin rise@0.000ns)
  Data Path Delay:        0.552ns  (logic 0.231ns (41.840%)  route 0.321ns (58.160%))
  Logic Levels:           2  (LUT3=1 LUT6=1)
  Clock Path Skew:        0.262ns (DCD - SCD - CPR)
    Destination Clock Delay (DCD):    2.167ns
    Source Clock Delay      (SCD):    1.649ns
    Clock Pessimism Removal (CPR):    0.256ns

    Location             Delay type                Incr(ns)  Path(ns)    Netlist Resource(s)
  -------------------------------------------------------------------    -------------------
                         (clock sys_clk_pin rise edge)
                                                      0.000     0.000 r  
    H16                                               0.000     0.000 r  clk_125mhz (IN)
                         net (fo=0)                   0.000     0.000    clk_125mhz
    H16                  IBUF (Prop_ibuf_I_O)         0.219     0.219 r  clk_125mhz_IBUF_inst/O
                         net (fo=1, routed)           0.842     1.060    clk_125mhz_IBUF
    BUFGCTRL_X0Y16       BUFG (Prop_bufg_I_O)         0.026     1.086 r  clk_125mhz_IBUF_BUFG_inst/O
                         net (fo=266, routed)         0.563     1.649    tx/clk_125mhz_IBUF_BUFG
    SLICE_X39Y49         FDCE                                         r  tx/ticks_counter_reg[4]/C
  -------------------------------------------------------------------    -------------------
    SLICE_X39Y49         FDCE (Prop_fdce_C_Q)         0.141     1.790 r  tx/ticks_counter_reg[4]/Q
                         net (fo=6, routed)           0.096     1.886    tx/ticks_counter_reg[4]
    SLICE_X38Y49         LUT6 (Prop_lut6_I5_O)        0.045     1.931 r  tx/ticks_counter[6]_i_2/O
                         net (fo=1, routed)           0.225     2.156    tx/ticks_counter[6]_i_2_n_0
    SLICE_X38Y50         LUT3 (Prop_lut3_I2_O)        0.045     2.201 r  tx/ticks_counter[6]_i_1/O
                         net (fo=1, routed)           0.000     2.201    tx/p_0_in__0[6]
    SLICE_X38Y50         FDCE                                         r  tx/ticks_counter_reg[6]/D
  -------------------------------------------------------------------    -------------------

                         (clock sys_clk_pin rise edge)
                                                      0.000     0.000 r  
    H16                                               0.000     0.000 r  clk_125mhz (IN)
                         net (fo=0)                   0.000     0.000    clk_125mhz
    H16                  IBUF (Prop_ibuf_I_O)         0.406     0.406 r  clk_125mhz_IBUF_inst/O
                         net (fo=1, routed)           0.907     1.313    clk_125mhz_IBUF
    BUFGCTRL_X0Y16       BUFG (Prop_bufg_I_O)         0.029     1.342 r  clk_125mhz_IBUF_BUFG_inst/O
                         net (fo=266, routed)         0.825     2.167    tx/clk_125mhz_IBUF_BUFG
    SLICE_X38Y50         FDCE                                         r  tx/ticks_counter_reg[6]/C
                         clock pessimism             -0.256     1.911    
    SLICE_X38Y50         FDCE (Hold_fdce_C_D)         0.121     2.032    tx/ticks_counter_reg[6]
  -------------------------------------------------------------------
                         required time                         -2.032    
                         arrival time                           2.201    
  -------------------------------------------------------------------
                         slack                                  0.169    

Slack (MET) :             0.181ns  (arrival time - required time)
  Source:                 tx_counter_reg[10]/C
                            (rising edge-triggered cell FDCE clocked by sys_clk_pin  {rise@0.000ns fall@4.000ns period=8.000ns})
  Destination:            uuuut/U0/inst_blk_mem_gen/gnbram.gnativebmg.native_blk_mem_gen/valid.cstr/ramloop[25].ram.r/prim_noinit.ram/DEVICE_7SERIES.NO_BMM_INFO.SDP.SIMPLE_PRIM36.ram/ADDRBWRADDR[13]
                            (rising edge-triggered cell RAMB36E1 clocked by sys_clk_pin  {rise@0.000ns fall@4.000ns period=8.000ns})
  Path Group:             sys_clk_pin
  Path Type:              Hold (Min at Fast Process Corner)
  Requirement:            0.000ns  (sys_clk_pin rise@0.000ns - sys_clk_pin rise@0.000ns)
  Data Path Delay:        0.438ns  (logic 0.141ns (32.156%)  route 0.297ns (67.844%))
  Logic Levels:           0  
  Clock Path Skew:        0.074ns (DCD - SCD - CPR)
    Destination Clock Delay (DCD):    2.206ns
    Source Clock Delay      (SCD):    1.642ns
    Clock Pessimism Removal (CPR):    0.489ns

    Location             Delay type                Incr(ns)  Path(ns)    Netlist Resource(s)
  -------------------------------------------------------------------    -------------------
                         (clock sys_clk_pin rise edge)
                                                      0.000     0.000 r  
    H16                                               0.000     0.000 r  clk_125mhz (IN)
                         net (fo=0)                   0.000     0.000    clk_125mhz
    H16                  IBUF (Prop_ibuf_I_O)         0.219     0.219 r  clk_125mhz_IBUF_inst/O
                         net (fo=1, routed)           0.842     1.060    clk_125mhz_IBUF
    BUFGCTRL_X0Y16       BUFG (Prop_bufg_I_O)         0.026     1.086 r  clk_125mhz_IBUF_BUFG_inst/O
                         net (fo=266, routed)         0.556     1.642    clk_125mhz_IBUF_BUFG
    SLICE_X41Y32         FDCE                                         r  tx_counter_reg[10]/C
  -------------------------------------------------------------------    -------------------
    SLICE_X41Y32         FDCE (Prop_fdce_C_Q)         0.141     1.783 r  tx_counter_reg[10]/Q
                         net (fo=35, routed)          0.297     2.081    uuuut/U0/inst_blk_mem_gen/gnbram.gnativebmg.native_blk_mem_gen/valid.cstr/ramloop[25].ram.r/prim_noinit.ram/addrb[10]
    RAMB36_X2Y6          RAMB36E1                                     r  uuuut/U0/inst_blk_mem_gen/gnbram.gnativebmg.native_blk_mem_gen/valid.cstr/ramloop[25].ram.r/prim_noinit.ram/DEVICE_7SERIES.NO_BMM_INFO.SDP.SIMPLE_PRIM36.ram/ADDRBWRADDR[13]
  -------------------------------------------------------------------    -------------------

                         (clock sys_clk_pin rise edge)
                                                      0.000     0.000 r  
    H16                                               0.000     0.000 r  clk_125mhz (IN)
                         net (fo=0)                   0.000     0.000    clk_125mhz
    H16                  IBUF (Prop_ibuf_I_O)         0.406     0.406 r  clk_125mhz_IBUF_inst/O
                         net (fo=1, routed)           0.907     1.313    clk_125mhz_IBUF
    BUFGCTRL_X0Y16       BUFG (Prop_bufg_I_O)         0.029     1.342 r  clk_125mhz_IBUF_BUFG_inst/O
                         net (fo=266, routed)         0.863     2.206    uuuut/U0/inst_blk_mem_gen/gnbram.gnativebmg.native_blk_mem_gen/valid.cstr/ramloop[25].ram.r/prim_noinit.ram/clkb
    RAMB36_X2Y6          RAMB36E1                                     r  uuuut/U0/inst_blk_mem_gen/gnbram.gnativebmg.native_blk_mem_gen/valid.cstr/ramloop[25].ram.r/prim_noinit.ram/DEVICE_7SERIES.NO_BMM_INFO.SDP.SIMPLE_PRIM36.ram/CLKBWRCLK
                         clock pessimism             -0.489     1.717    
    RAMB36_X2Y6          RAMB36E1 (Hold_ramb36e1_CLKBWRCLK_ADDRBWRADDR[13])
                                                      0.183     1.900    uuuut/U0/inst_blk_mem_gen/gnbram.gnativebmg.native_blk_mem_gen/valid.cstr/ramloop[25].ram.r/prim_noinit.ram/DEVICE_7SERIES.NO_BMM_INFO.SDP.SIMPLE_PRIM36.ram
  -------------------------------------------------------------------
                         required time                         -1.900    
                         arrival time                           2.081    
  -------------------------------------------------------------------
                         slack                                  0.181    

Slack (MET) :             0.199ns  (arrival time - required time)
  Source:                 uuut/U0/inst_blk_mem_gen/gnbram.gnativebmg.native_blk_mem_gen/valid.cstr/has_mux_b.B/no_softecc_sel_reg.ce_pri.sel_pipe_reg[1]/C
                            (rising edge-triggered cell FDRE clocked by sys_clk_pin  {rise@0.000ns fall@4.000ns period=8.000ns})
  Destination:            uuut/U0/inst_blk_mem_gen/gnbram.gnativebmg.native_blk_mem_gen/valid.cstr/has_mux_b.B/no_softecc_norm_sel2.has_mem_regs.WITHOUT_ECC_PIPE.ce_pri.sel_pipe_d1_reg[1]/D
                            (rising edge-triggered cell FDRE clocked by sys_clk_pin  {rise@0.000ns fall@4.000ns period=8.000ns})
  Path Group:             sys_clk_pin
  Path Type:              Hold (Min at Fast Process Corner)
  Requirement:            0.000ns  (sys_clk_pin rise@0.000ns - sys_clk_pin rise@0.000ns)
  Data Path Delay:        0.282ns  (logic 0.164ns (58.227%)  route 0.118ns (41.773%))
  Logic Levels:           0  
  Clock Path Skew:        0.013ns (DCD - SCD - CPR)
    Destination Clock Delay (DCD):    2.188ns
    Source Clock Delay      (SCD):    1.663ns
    Clock Pessimism Removal (CPR):    0.512ns

    Location             Delay type                Incr(ns)  Path(ns)    Netlist Resource(s)
  -------------------------------------------------------------------    -------------------
                         (clock sys_clk_pin rise edge)
                                                      0.000     0.000 r  
    H16                                               0.000     0.000 r  clk_125mhz (IN)
                         net (fo=0)                   0.000     0.000    clk_125mhz
    H16                  IBUF (Prop_ibuf_I_O)         0.219     0.219 r  clk_125mhz_IBUF_inst/O
                         net (fo=1, routed)           0.842     1.060    clk_125mhz_IBUF
    BUFGCTRL_X0Y16       BUFG (Prop_bufg_I_O)         0.026     1.086 r  clk_125mhz_IBUF_BUFG_inst/O
                         net (fo=266, routed)         0.577     1.663    uuut/U0/inst_blk_mem_gen/gnbram.gnativebmg.native_blk_mem_gen/valid.cstr/has_mux_b.B/clkb
    SLICE_X54Y50         FDRE                                         r  uuut/U0/inst_blk_mem_gen/gnbram.gnativebmg.native_blk_mem_gen/valid.cstr/has_mux_b.B/no_softecc_sel_reg.ce_pri.sel_pipe_reg[1]/C
  -------------------------------------------------------------------    -------------------
    SLICE_X54Y50         FDRE (Prop_fdre_C_Q)         0.164     1.827 r  uuut/U0/inst_blk_mem_gen/gnbram.gnativebmg.native_blk_mem_gen/valid.cstr/has_mux_b.B/no_softecc_sel_reg.ce_pri.sel_pipe_reg[1]/Q
                         net (fo=1, routed)           0.118     1.945    uuut/U0/inst_blk_mem_gen/gnbram.gnativebmg.native_blk_mem_gen/valid.cstr/has_mux_b.B/no_softecc_sel_reg.ce_pri.sel_pipe_reg_n_0_[1]
    SLICE_X55Y50         FDRE                                         r  uuut/U0/inst_blk_mem_gen/gnbram.gnativebmg.native_blk_mem_gen/valid.cstr/has_mux_b.B/no_softecc_norm_sel2.has_mem_regs.WITHOUT_ECC_PIPE.ce_pri.sel_pipe_d1_reg[1]/D
  -------------------------------------------------------------------    -------------------

                         (clock sys_clk_pin rise edge)
                                                      0.000     0.000 r  
    H16                                               0.000     0.000 r  clk_125mhz (IN)
                         net (fo=0)                   0.000     0.000    clk_125mhz
    H16                  IBUF (Prop_ibuf_I_O)         0.406     0.406 r  clk_125mhz_IBUF_inst/O
                         net (fo=1, routed)           0.907     1.313    clk_125mhz_IBUF
    BUFGCTRL_X0Y16       BUFG (Prop_bufg_I_O)         0.029     1.342 r  clk_125mhz_IBUF_BUFG_inst/O
                         net (fo=266, routed)         0.846     2.188    uuut/U0/inst_blk_mem_gen/gnbram.gnativebmg.native_blk_mem_gen/valid.cstr/has_mux_b.B/clkb
    SLICE_X55Y50         FDRE                                         r  uuut/U0/inst_blk_mem_gen/gnbram.gnativebmg.native_blk_mem_gen/valid.cstr/has_mux_b.B/no_softecc_norm_sel2.has_mem_regs.WITHOUT_ECC_PIPE.ce_pri.sel_pipe_d1_reg[1]/C
                         clock pessimism             -0.512     1.676    
    SLICE_X55Y50         FDRE (Hold_fdre_C_D)         0.070     1.746    uuut/U0/inst_blk_mem_gen/gnbram.gnativebmg.native_blk_mem_gen/valid.cstr/has_mux_b.B/no_softecc_norm_sel2.has_mem_regs.WITHOUT_ECC_PIPE.ce_pri.sel_pipe_d1_reg[1]
  -------------------------------------------------------------------
                         required time                         -1.746    
                         arrival time                           1.945    
  -------------------------------------------------------------------
                         slack                                  0.199    

Slack (MET) :             0.200ns  (arrival time - required time)
  Source:                 uuuut/U0/inst_blk_mem_gen/gnbram.gnativebmg.native_blk_mem_gen/valid.cstr/has_mux_b.B/no_softecc_sel_reg.ce_pri.sel_pipe_reg[2]/C
                            (rising edge-triggered cell FDRE clocked by sys_clk_pin  {rise@0.000ns fall@4.000ns period=8.000ns})
  Destination:            uuuut/U0/inst_blk_mem_gen/gnbram.gnativebmg.native_blk_mem_gen/valid.cstr/has_mux_b.B/no_softecc_norm_sel2.has_mem_regs.WITHOUT_ECC_PIPE.ce_pri.sel_pipe_d1_reg[2]/D
                            (rising edge-triggered cell FDRE clocked by sys_clk_pin  {rise@0.000ns fall@4.000ns period=8.000ns})
  Path Group:             sys_clk_pin
  Path Type:              Hold (Min at Fast Process Corner)
  Requirement:            0.000ns  (sys_clk_pin rise@0.000ns - sys_clk_pin rise@0.000ns)
  Data Path Delay:        0.276ns  (logic 0.164ns (59.419%)  route 0.112ns (40.581%))
  Logic Levels:           0  
  Clock Path Skew:        0.017ns (DCD - SCD - CPR)
    Destination Clock Delay (DCD):    2.171ns
    Source Clock Delay      (SCD):    1.648ns
    Clock Pessimism Removal (CPR):    0.506ns

    Location             Delay type                Incr(ns)  Path(ns)    Netlist Resource(s)
  -------------------------------------------------------------------    -------------------
                         (clock sys_clk_pin rise edge)
                                                      0.000     0.000 r  
    H16                                               0.000     0.000 r  clk_125mhz (IN)
                         net (fo=0)                   0.000     0.000    clk_125mhz
    H16                  IBUF (Prop_ibuf_I_O)         0.219     0.219 r  clk_125mhz_IBUF_inst/O
                         net (fo=1, routed)           0.842     1.060    clk_125mhz_IBUF
    BUFGCTRL_X0Y16       BUFG (Prop_bufg_I_O)         0.026     1.086 r  clk_125mhz_IBUF_BUFG_inst/O
                         net (fo=266, routed)         0.562     1.648    uuuut/U0/inst_blk_mem_gen/gnbram.gnativebmg.native_blk_mem_gen/valid.cstr/has_mux_b.B/clkb
    SLICE_X32Y39         FDRE                                         r  uuuut/U0/inst_blk_mem_gen/gnbram.gnativebmg.native_blk_mem_gen/valid.cstr/has_mux_b.B/no_softecc_sel_reg.ce_pri.sel_pipe_reg[2]/C
  -------------------------------------------------------------------    -------------------
    SLICE_X32Y39         FDRE (Prop_fdre_C_Q)         0.164     1.812 r  uuuut/U0/inst_blk_mem_gen/gnbram.gnativebmg.native_blk_mem_gen/valid.cstr/has_mux_b.B/no_softecc_sel_reg.ce_pri.sel_pipe_reg[2]/Q
                         net (fo=1, routed)           0.112     1.924    uuuut/U0/inst_blk_mem_gen/gnbram.gnativebmg.native_blk_mem_gen/valid.cstr/has_mux_b.B/no_softecc_sel_reg.ce_pri.sel_pipe_reg_n_0_[2]
    SLICE_X32Y40         FDRE                                         r  uuuut/U0/inst_blk_mem_gen/gnbram.gnativebmg.native_blk_mem_gen/valid.cstr/has_mux_b.B/no_softecc_norm_sel2.has_mem_regs.WITHOUT_ECC_PIPE.ce_pri.sel_pipe_d1_reg[2]/D
  -------------------------------------------------------------------    -------------------

                         (clock sys_clk_pin rise edge)
                                                      0.000     0.000 r  
    H16                                               0.000     0.000 r  clk_125mhz (IN)
                         net (fo=0)                   0.000     0.000    clk_125mhz
    H16                  IBUF (Prop_ibuf_I_O)         0.406     0.406 r  clk_125mhz_IBUF_inst/O
                         net (fo=1, routed)           0.907     1.313    clk_125mhz_IBUF
    BUFGCTRL_X0Y16       BUFG (Prop_bufg_I_O)         0.029     1.342 r  clk_125mhz_IBUF_BUFG_inst/O
                         net (fo=266, routed)         0.829     2.171    uuuut/U0/inst_blk_mem_gen/gnbram.gnativebmg.native_blk_mem_gen/valid.cstr/has_mux_b.B/clkb
    SLICE_X32Y40         FDRE                                         r  uuuut/U0/inst_blk_mem_gen/gnbram.gnativebmg.native_blk_mem_gen/valid.cstr/has_mux_b.B/no_softecc_norm_sel2.has_mem_regs.WITHOUT_ECC_PIPE.ce_pri.sel_pipe_d1_reg[2]/C
                         clock pessimism             -0.506     1.665    
    SLICE_X32Y40         FDRE (Hold_fdre_C_D)         0.059     1.724    uuuut/U0/inst_blk_mem_gen/gnbram.gnativebmg.native_blk_mem_gen/valid.cstr/has_mux_b.B/no_softecc_norm_sel2.has_mem_regs.WITHOUT_ECC_PIPE.ce_pri.sel_pipe_d1_reg[2]
  -------------------------------------------------------------------
                         required time                         -1.724    
                         arrival time                           1.924    
  -------------------------------------------------------------------
                         slack                                  0.200    

Slack (MET) :             0.202ns  (arrival time - required time)
  Source:                 tx_counter_reg[3]/C
                            (rising edge-triggered cell FDCE clocked by sys_clk_pin  {rise@0.000ns fall@4.000ns period=8.000ns})
  Destination:            uuuut/U0/inst_blk_mem_gen/gnbram.gnativebmg.native_blk_mem_gen/valid.cstr/ramloop[23].ram.r/prim_noinit.ram/DEVICE_7SERIES.NO_BMM_INFO.SDP.SIMPLE_PRIM36.ram/ADDRBWRADDR[6]
                            (rising edge-triggered cell RAMB36E1 clocked by sys_clk_pin  {rise@0.000ns fall@4.000ns period=8.000ns})
  Path Group:             sys_clk_pin
  Path Type:              Hold (Min at Fast Process Corner)
  Requirement:            0.000ns  (sys_clk_pin rise@0.000ns - sys_clk_pin rise@0.000ns)
  Data Path Delay:        0.650ns  (logic 0.128ns (19.697%)  route 0.522ns (80.303%))
  Logic Levels:           0  
  Clock Path Skew:        0.319ns (DCD - SCD - CPR)
    Destination Clock Delay (DCD):    2.220ns
    Source Clock Delay      (SCD):    1.640ns
    Clock Pessimism Removal (CPR):    0.261ns

    Location             Delay type                Incr(ns)  Path(ns)    Netlist Resource(s)
  -------------------------------------------------------------------    -------------------
                         (clock sys_clk_pin rise edge)
                                                      0.000     0.000 r  
    H16                                               0.000     0.000 r  clk_125mhz (IN)
                         net (fo=0)                   0.000     0.000    clk_125mhz
    H16                  IBUF (Prop_ibuf_I_O)         0.219     0.219 r  clk_125mhz_IBUF_inst/O
                         net (fo=1, routed)           0.842     1.060    clk_125mhz_IBUF
    BUFGCTRL_X0Y16       BUFG (Prop_bufg_I_O)         0.026     1.086 r  clk_125mhz_IBUF_BUFG_inst/O
                         net (fo=266, routed)         0.554     1.640    clk_125mhz_IBUF_BUFG
    SLICE_X41Y30         FDCE                                         r  tx_counter_reg[3]/C
  -------------------------------------------------------------------    -------------------
    SLICE_X41Y30         FDCE (Prop_fdce_C_Q)         0.128     1.768 r  tx_counter_reg[3]/Q
                         net (fo=35, routed)          0.522     2.290    uuuut/U0/inst_blk_mem_gen/gnbram.gnativebmg.native_blk_mem_gen/valid.cstr/ramloop[23].ram.r/prim_noinit.ram/addrb[3]
    RAMB36_X3Y5          RAMB36E1                                     r  uuuut/U0/inst_blk_mem_gen/gnbram.gnativebmg.native_blk_mem_gen/valid.cstr/ramloop[23].ram.r/prim_noinit.ram/DEVICE_7SERIES.NO_BMM_INFO.SDP.SIMPLE_PRIM36.ram/ADDRBWRADDR[6]
  -------------------------------------------------------------------    -------------------

                         (clock sys_clk_pin rise edge)
                                                      0.000     0.000 r  
    H16                                               0.000     0.000 r  clk_125mhz (IN)
                         net (fo=0)                   0.000     0.000    clk_125mhz
    H16                  IBUF (Prop_ibuf_I_O)         0.406     0.406 r  clk_125mhz_IBUF_inst/O
                         net (fo=1, routed)           0.907     1.313    clk_125mhz_IBUF
    BUFGCTRL_X0Y16       BUFG (Prop_bufg_I_O)         0.029     1.342 r  clk_125mhz_IBUF_BUFG_inst/O
                         net (fo=266, routed)         0.877     2.220    uuuut/U0/inst_blk_mem_gen/gnbram.gnativebmg.native_blk_mem_gen/valid.cstr/ramloop[23].ram.r/prim_noinit.ram/clkb
    RAMB36_X3Y5          RAMB36E1                                     r  uuuut/U0/inst_blk_mem_gen/gnbram.gnativebmg.native_blk_mem_gen/valid.cstr/ramloop[23].ram.r/prim_noinit.ram/DEVICE_7SERIES.NO_BMM_INFO.SDP.SIMPLE_PRIM36.ram/CLKBWRCLK
                         clock pessimism             -0.261     1.959    
    RAMB36_X3Y5          RAMB36E1 (Hold_ramb36e1_CLKBWRCLK_ADDRBWRADDR[6])
                                                      0.129     2.088    uuuut/U0/inst_blk_mem_gen/gnbram.gnativebmg.native_blk_mem_gen/valid.cstr/ramloop[23].ram.r/prim_noinit.ram/DEVICE_7SERIES.NO_BMM_INFO.SDP.SIMPLE_PRIM36.ram
  -------------------------------------------------------------------
                         required time                         -2.088    
                         arrival time                           2.290    
  -------------------------------------------------------------------
                         slack                                  0.202    

Slack (MET) :             0.207ns  (arrival time - required time)
  Source:                 tx_counter_reg[4]/C
                            (rising edge-triggered cell FDCE clocked by sys_clk_pin  {rise@0.000ns fall@4.000ns period=8.000ns})
  Destination:            uuuut/U0/inst_blk_mem_gen/gnbram.gnativebmg.native_blk_mem_gen/valid.cstr/ramloop[18].ram.r/prim_noinit.ram/DEVICE_7SERIES.NO_BMM_INFO.SDP.SIMPLE_PRIM36.ram/ADDRBWRADDR[7]
                            (rising edge-triggered cell RAMB36E1 clocked by sys_clk_pin  {rise@0.000ns fall@4.000ns period=8.000ns})
  Path Group:             sys_clk_pin
  Path Type:              Hold (Min at Fast Process Corner)
  Requirement:            0.000ns  (sys_clk_pin rise@0.000ns - sys_clk_pin rise@0.000ns)
  Data Path Delay:        0.662ns  (logic 0.128ns (19.340%)  route 0.534ns (80.660%))
  Logic Levels:           0  
  Clock Path Skew:        0.325ns (DCD - SCD - CPR)
    Destination Clock Delay (DCD):    2.226ns
    Source Clock Delay      (SCD):    1.640ns
    Clock Pessimism Removal (CPR):    0.261ns

    Location             Delay type                Incr(ns)  Path(ns)    Netlist Resource(s)
  -------------------------------------------------------------------    -------------------
                         (clock sys_clk_pin rise edge)
                                                      0.000     0.000 r  
    H16                                               0.000     0.000 r  clk_125mhz (IN)
                         net (fo=0)                   0.000     0.000    clk_125mhz
    H16                  IBUF (Prop_ibuf_I_O)         0.219     0.219 r  clk_125mhz_IBUF_inst/O
                         net (fo=1, routed)           0.842     1.060    clk_125mhz_IBUF
    BUFGCTRL_X0Y16       BUFG (Prop_bufg_I_O)         0.026     1.086 r  clk_125mhz_IBUF_BUFG_inst/O
                         net (fo=266, routed)         0.554     1.640    clk_125mhz_IBUF_BUFG
    SLICE_X41Y30         FDCE                                         r  tx_counter_reg[4]/C
  -------------------------------------------------------------------    -------------------
    SLICE_X41Y30         FDCE (Prop_fdce_C_Q)         0.128     1.768 r  tx_counter_reg[4]/Q
                         net (fo=35, routed)          0.534     2.302    uuuut/U0/inst_blk_mem_gen/gnbram.gnativebmg.native_blk_mem_gen/valid.cstr/ramloop[18].ram.r/prim_noinit.ram/addrb[4]
    RAMB36_X3Y6          RAMB36E1                                     r  uuuut/U0/inst_blk_mem_gen/gnbram.gnativebmg.native_blk_mem_gen/valid.cstr/ramloop[18].ram.r/prim_noinit.ram/DEVICE_7SERIES.NO_BMM_INFO.SDP.SIMPLE_PRIM36.ram/ADDRBWRADDR[7]
  -------------------------------------------------------------------    -------------------

                         (clock sys_clk_pin rise edge)
                                                      0.000     0.000 r  
    H16                                               0.000     0.000 r  clk_125mhz (IN)
                         net (fo=0)                   0.000     0.000    clk_125mhz
    H16                  IBUF (Prop_ibuf_I_O)         0.406     0.406 r  clk_125mhz_IBUF_inst/O
                         net (fo=1, routed)           0.907     1.313    clk_125mhz_IBUF
    BUFGCTRL_X0Y16       BUFG (Prop_bufg_I_O)         0.029     1.342 r  clk_125mhz_IBUF_BUFG_inst/O
                         net (fo=266, routed)         0.883     2.226    uuuut/U0/inst_blk_mem_gen/gnbram.gnativebmg.native_blk_mem_gen/valid.cstr/ramloop[18].ram.r/prim_noinit.ram/clkb
    RAMB36_X3Y6          RAMB36E1                                     r  uuuut/U0/inst_blk_mem_gen/gnbram.gnativebmg.native_blk_mem_gen/valid.cstr/ramloop[18].ram.r/prim_noinit.ram/DEVICE_7SERIES.NO_BMM_INFO.SDP.SIMPLE_PRIM36.ram/CLKBWRCLK
                         clock pessimism             -0.261     1.965    
    RAMB36_X3Y6          RAMB36E1 (Hold_ramb36e1_CLKBWRCLK_ADDRBWRADDR[7])
                                                      0.130     2.095    uuuut/U0/inst_blk_mem_gen/gnbram.gnativebmg.native_blk_mem_gen/valid.cstr/ramloop[18].ram.r/prim_noinit.ram/DEVICE_7SERIES.NO_BMM_INFO.SDP.SIMPLE_PRIM36.ram
  -------------------------------------------------------------------
                         required time                         -2.095    
                         arrival time                           2.302    
  -------------------------------------------------------------------
                         slack                                  0.207    

Slack (MET) :             0.214ns  (arrival time - required time)
  Source:                 FSM_sequential_state_reg[0]/C
                            (rising edge-triggered cell FDCE clocked by sys_clk_pin  {rise@0.000ns fall@4.000ns period=8.000ns})
  Destination:            tx_dv_reg/D
                            (rising edge-triggered cell FDCE clocked by sys_clk_pin  {rise@0.000ns fall@4.000ns period=8.000ns})
  Path Group:             sys_clk_pin
  Path Type:              Hold (Min at Fast Process Corner)
  Requirement:            0.000ns  (sys_clk_pin rise@0.000ns - sys_clk_pin rise@0.000ns)
  Data Path Delay:        0.334ns  (logic 0.190ns (56.842%)  route 0.144ns (43.158%))
  Logic Levels:           1  (LUT3=1)
  Clock Path Skew:        0.013ns (DCD - SCD - CPR)
    Destination Clock Delay (DCD):    2.166ns
    Source Clock Delay      (SCD):    1.644ns
    Clock Pessimism Removal (CPR):    0.509ns

    Location             Delay type                Incr(ns)  Path(ns)    Netlist Resource(s)
  -------------------------------------------------------------------    -------------------
                         (clock sys_clk_pin rise edge)
                                                      0.000     0.000 r  
    H16                                               0.000     0.000 r  clk_125mhz (IN)
                         net (fo=0)                   0.000     0.000    clk_125mhz
    H16                  IBUF (Prop_ibuf_I_O)         0.219     0.219 r  clk_125mhz_IBUF_inst/O
                         net (fo=1, routed)           0.842     1.060    clk_125mhz_IBUF
    BUFGCTRL_X0Y16       BUFG (Prop_bufg_I_O)         0.026     1.086 r  clk_125mhz_IBUF_BUFG_inst/O
                         net (fo=266, routed)         0.558     1.644    clk_125mhz_IBUF_BUFG
    SLICE_X40Y36         FDCE                                         r  FSM_sequential_state_reg[0]/C
  -------------------------------------------------------------------    -------------------
    SLICE_X40Y36         FDCE (Prop_fdce_C_Q)         0.141     1.785 r  FSM_sequential_state_reg[0]/Q
                         net (fo=10, routed)          0.144     1.929    state__0[0]
    SLICE_X41Y36         LUT3 (Prop_lut3_I1_O)        0.049     1.978 r  tx_dv_i_1/O
                         net (fo=1, routed)           0.000     1.978    tx_dv
    SLICE_X41Y36         FDCE                                         r  tx_dv_reg/D
  -------------------------------------------------------------------    -------------------

                         (clock sys_clk_pin rise edge)
                                                      0.000     0.000 r  
    H16                                               0.000     0.000 r  clk_125mhz (IN)
                         net (fo=0)                   0.000     0.000    clk_125mhz
    H16                  IBUF (Prop_ibuf_I_O)         0.406     0.406 r  clk_125mhz_IBUF_inst/O
                         net (fo=1, routed)           0.907     1.313    clk_125mhz_IBUF
    BUFGCTRL_X0Y16       BUFG (Prop_bufg_I_O)         0.029     1.342 r  clk_125mhz_IBUF_BUFG_inst/O
                         net (fo=266, routed)         0.824     2.166    clk_125mhz_IBUF_BUFG
    SLICE_X41Y36         FDCE                                         r  tx_dv_reg/C
                         clock pessimism             -0.509     1.657    
    SLICE_X41Y36         FDCE (Hold_fdce_C_D)         0.107     1.764    tx_dv_reg
  -------------------------------------------------------------------
                         required time                         -1.764    
                         arrival time                           1.978    
  -------------------------------------------------------------------
                         slack                                  0.214    





Pulse Width Checks
--------------------------------------------------------------------------------------
Clock Name:         sys_clk_pin
Waveform(ns):       { 0.000 4.000 }
Period(ns):         8.000
Sources:            { clk_125mhz }

Check Type        Corner  Lib Pin             Reference Pin  Required(ns)  Actual(ns)  Slack(ns)  Location      Pin
Min Period        n/a     RAMB36E1/CLKARDCLK  n/a            2.576         8.000       5.424      RAMB36_X5Y5   uuut/U0/inst_blk_mem_gen/gnbram.gnativebmg.native_blk_mem_gen/valid.cstr/ramloop[0].ram.r/prim_init.ram/DEVICE_7SERIES.NO_BMM_INFO.SDP.SIMPLE_PRIM36.ram/CLKARDCLK
Min Period        n/a     RAMB36E1/CLKBWRCLK  n/a            2.576         8.000       5.424      RAMB36_X5Y5   uuut/U0/inst_blk_mem_gen/gnbram.gnativebmg.native_blk_mem_gen/valid.cstr/ramloop[0].ram.r/prim_init.ram/DEVICE_7SERIES.NO_BMM_INFO.SDP.SIMPLE_PRIM36.ram/CLKBWRCLK
Min Period        n/a     RAMB36E1/CLKARDCLK  n/a            2.576         8.000       5.424      RAMB36_X2Y10  uuut/U0/inst_blk_mem_gen/gnbram.gnativebmg.native_blk_mem_gen/valid.cstr/ramloop[10].ram.r/prim_init.ram/DEVICE_7SERIES.NO_BMM_INFO.SDP.SIMPLE_PRIM36.ram/CLKARDCLK
Min Period        n/a     RAMB36E1/CLKBWRCLK  n/a            2.576         8.000       5.424      RAMB36_X2Y10  uuut/U0/inst_blk_mem_gen/gnbram.gnativebmg.native_blk_mem_gen/valid.cstr/ramloop[10].ram.r/prim_init.ram/DEVICE_7SERIES.NO_BMM_INFO.SDP.SIMPLE_PRIM36.ram/CLKBWRCLK
Min Period        n/a     RAMB36E1/CLKARDCLK  n/a            2.576         8.000       5.424      RAMB36_X2Y12  uuut/U0/inst_blk_mem_gen/gnbram.gnativebmg.native_blk_mem_gen/valid.cstr/ramloop[11].ram.r/prim_init.ram/DEVICE_7SERIES.NO_BMM_INFO.SDP.SIMPLE_PRIM36.ram/CLKARDCLK
Min Period        n/a     RAMB36E1/CLKBWRCLK  n/a            2.576         8.000       5.424      RAMB36_X2Y12  uuut/U0/inst_blk_mem_gen/gnbram.gnativebmg.native_blk_mem_gen/valid.cstr/ramloop[11].ram.r/prim_init.ram/DEVICE_7SERIES.NO_BMM_INFO.SDP.SIMPLE_PRIM36.ram/CLKBWRCLK
Min Period        n/a     RAMB36E1/CLKARDCLK  n/a            2.576         8.000       5.424      RAMB36_X2Y11  uuut/U0/inst_blk_mem_gen/gnbram.gnativebmg.native_blk_mem_gen/valid.cstr/ramloop[12].ram.r/prim_init.ram/DEVICE_7SERIES.NO_BMM_INFO.SDP.SIMPLE_PRIM36.ram/CLKARDCLK
Min Period        n/a     RAMB36E1/CLKBWRCLK  n/a            2.576         8.000       5.424      RAMB36_X2Y11  uuut/U0/inst_blk_mem_gen/gnbram.gnativebmg.native_blk_mem_gen/valid.cstr/ramloop[12].ram.r/prim_init.ram/DEVICE_7SERIES.NO_BMM_INFO.SDP.SIMPLE_PRIM36.ram/CLKBWRCLK
Min Period        n/a     RAMB36E1/CLKARDCLK  n/a            2.576         8.000       5.424      RAMB36_X0Y7   uuut/U0/inst_blk_mem_gen/gnbram.gnativebmg.native_blk_mem_gen/valid.cstr/ramloop[13].ram.r/prim_init.ram/DEVICE_7SERIES.NO_BMM_INFO.SDP.SIMPLE_PRIM36.ram/CLKARDCLK
Min Period        n/a     RAMB36E1/CLKBWRCLK  n/a            2.576         8.000       5.424      RAMB36_X0Y7   uuut/U0/inst_blk_mem_gen/gnbram.gnativebmg.native_blk_mem_gen/valid.cstr/ramloop[13].ram.r/prim_init.ram/DEVICE_7SERIES.NO_BMM_INFO.SDP.SIMPLE_PRIM36.ram/CLKBWRCLK
Low Pulse Width   Slow    FDCE/C              n/a            0.500         4.000       3.500      SLICE_X40Y36  FSM_sequential_state_reg[0]/C
Low Pulse Width   Fast    FDCE/C              n/a            0.500         4.000       3.500      SLICE_X40Y36  FSM_sequential_state_reg[0]/C
Low Pulse Width   Slow    FDCE/C              n/a            0.500         4.000       3.500      SLICE_X40Y36  FSM_sequential_state_reg[1]/C
Low Pulse Width   Fast    FDCE/C              n/a            0.500         4.000       3.500      SLICE_X40Y36  FSM_sequential_state_reg[1]/C
Low Pulse Width   Slow    FDCE/C              n/a            0.500         4.000       3.500      SLICE_X40Y36  FSM_sequential_state_reg[2]/C
Low Pulse Width   Fast    FDCE/C              n/a            0.500         4.000       3.500      SLICE_X40Y36  FSM_sequential_state_reg[2]/C
Low Pulse Width   Slow    FDCE/C              n/a            0.500         4.000       3.500      SLICE_X41Y36  rd_en_B_uart_reg/C
Low Pulse Width   Fast    FDCE/C              n/a            0.500         4.000       3.500      SLICE_X41Y36  rd_en_B_uart_reg/C
Low Pulse Width   Slow    FDCE/C              n/a            0.500         4.000       3.500      SLICE_X41Y36  rotate_start_reg/C
Low Pulse Width   Fast    FDCE/C              n/a            0.500         4.000       3.500      SLICE_X41Y36  rotate_start_reg/C
High Pulse Width  Slow    FDCE/C              n/a            0.500         4.000       3.500      SLICE_X40Y36  FSM_sequential_state_reg[0]/C
High Pulse Width  Fast    FDCE/C              n/a            0.500         4.000       3.500      SLICE_X40Y36  FSM_sequential_state_reg[0]/C
High Pulse Width  Slow    FDCE/C              n/a            0.500         4.000       3.500      SLICE_X40Y36  FSM_sequential_state_reg[1]/C
High Pulse Width  Fast    FDCE/C              n/a            0.500         4.000       3.500      SLICE_X40Y36  FSM_sequential_state_reg[1]/C
High Pulse Width  Slow    FDCE/C              n/a            0.500         4.000       3.500      SLICE_X40Y36  FSM_sequential_state_reg[2]/C
High Pulse Width  Fast    FDCE/C              n/a            0.500         4.000       3.500      SLICE_X40Y36  FSM_sequential_state_reg[2]/C
High Pulse Width  Slow    FDCE/C              n/a            0.500         4.000       3.500      SLICE_X41Y36  rd_en_B_uart_reg/C
High Pulse Width  Fast    FDCE/C              n/a            0.500         4.000       3.500      SLICE_X41Y36  rd_en_B_uart_reg/C
High Pulse Width  Slow    FDCE/C              n/a            0.500         4.000       3.500      SLICE_X41Y36  rotate_start_reg/C
High Pulse Width  Fast    FDCE/C              n/a            0.500         4.000       3.500      SLICE_X41Y36  rotate_start_reg/C



--------------------------------------------------------------------------------------
Path Group:  (none)
From Clock:  sys_clk_pin
  To Clock:  

Max Delay             3 Endpoints
Min Delay             3 Endpoints
--------------------------------------------------------------------------------------


Max Delay Paths
--------------------------------------------------------------------------------------
Slack:                    inf
  Source:                 FSM_sequential_state_reg[2]/C
                            (rising edge-triggered cell FDCE clocked by sys_clk_pin  {rise@0.000ns fall@4.000ns period=8.000ns})
  Destination:            LD0
                            (output port)
  Path Group:             (none)
  Path Type:              Max at Slow Process Corner
  Data Path Delay:        11.367ns  (logic 4.338ns (38.161%)  route 7.029ns (61.839%))
  Logic Levels:           2  (LUT3=1 OBUF=1)
  Clock Uncertainty:      0.025ns  ((TSJ^2 + TIJ^2)^1/2 + DJ) / 2 + PE
    Total System Jitter     (TSJ):    0.050ns
    Total Input Jitter      (TIJ):    0.000ns
    Discrete Jitter          (DJ):    0.000ns
    Phase Error              (PE):    0.000ns

    Location             Delay type                Incr(ns)  Path(ns)    Netlist Resource(s)
  -------------------------------------------------------------------    -------------------
                         (clock sys_clk_pin rise edge)
                                                      0.000     0.000 r  
    H16                                               0.000     0.000 r  clk_125mhz (IN)
                         net (fo=0)                   0.000     0.000    clk_125mhz
    H16                  IBUF (Prop_ibuf_I_O)         1.451     1.451 r  clk_125mhz_IBUF_inst/O
                         net (fo=1, routed)           2.522     3.973    clk_125mhz_IBUF
    BUFGCTRL_X0Y16       BUFG (Prop_bufg_I_O)         0.101     4.074 r  clk_125mhz_IBUF_BUFG_inst/O
                         net (fo=266, routed)         1.663     5.737    clk_125mhz_IBUF_BUFG
    SLICE_X40Y36         FDCE                                         r  FSM_sequential_state_reg[2]/C
  -------------------------------------------------------------------    -------------------
    SLICE_X40Y36         FDCE (Prop_fdce_C_Q)         0.456     6.193 r  FSM_sequential_state_reg[2]/Q
                         net (fo=27, routed)          1.612     7.805    state__0[2]
    SLICE_X41Y36         LUT3 (Prop_lut3_I2_O)        0.150     7.955 r  LD0_OBUF_inst_i_1/O
                         net (fo=1, routed)           5.417    13.372    LD0_OBUF
    R14                  OBUF (Prop_obuf_I_O)         3.732    17.104 r  LD0_OBUF_inst/O
                         net (fo=0)                   0.000    17.104    LD0
    R14                                                               r  LD0 (OUT)
  -------------------------------------------------------------------    -------------------

Slack:                    inf
  Source:                 tx/currentState_reg[4]/C
                            (rising edge-triggered cell FDCE clocked by sys_clk_pin  {rise@0.000ns fall@4.000ns period=8.000ns})
  Destination:            uart_tx
                            (output port)
  Path Group:             (none)
  Path Type:              Max at Slow Process Corner
  Data Path Delay:        10.268ns  (logic 4.412ns (42.970%)  route 5.856ns (57.030%))
  Logic Levels:           3  (LUT2=1 LUT6=1 OBUF=1)
  Clock Uncertainty:      0.025ns  ((TSJ^2 + TIJ^2)^1/2 + DJ) / 2 + PE
    Total System Jitter     (TSJ):    0.050ns
    Total Input Jitter      (TIJ):    0.000ns
    Discrete Jitter          (DJ):    0.000ns
    Phase Error              (PE):    0.000ns

    Location             Delay type                Incr(ns)  Path(ns)    Netlist Resource(s)
  -------------------------------------------------------------------    -------------------
                         (clock sys_clk_pin rise edge)
                                                      0.000     0.000 r  
    H16                                               0.000     0.000 r  clk_125mhz (IN)
                         net (fo=0)                   0.000     0.000    clk_125mhz
    H16                  IBUF (Prop_ibuf_I_O)         1.451     1.451 r  clk_125mhz_IBUF_inst/O
                         net (fo=1, routed)           2.522     3.973    clk_125mhz_IBUF
    BUFGCTRL_X0Y16       BUFG (Prop_bufg_I_O)         0.101     4.074 r  clk_125mhz_IBUF_BUFG_inst/O
                         net (fo=266, routed)         1.668     5.742    tx/clk_125mhz_IBUF_BUFG
    SLICE_X41Y44         FDCE                                         r  tx/currentState_reg[4]/C
  -------------------------------------------------------------------    -------------------
    SLICE_X41Y44         FDCE (Prop_fdce_C_Q)         0.419     6.161 r  tx/currentState_reg[4]/Q
                         net (fo=6, routed)           0.536     6.696    tx/currentState[4]
    SLICE_X40Y44         LUT2 (Prop_lut2_I1_O)        0.296     6.992 r  tx/uart_tx_OBUF_inst_i_2/O
                         net (fo=2, routed)           0.824     7.816    tx/uart_tx_OBUF_inst_i_2_n_0
    SLICE_X42Y44         LUT6 (Prop_lut6_I2_O)        0.124     7.940 r  tx/uart_tx_OBUF_inst_i_1/O
                         net (fo=1, routed)           4.497    12.437    uart_tx_OBUF
    Y19                  OBUF (Prop_obuf_I_O)         3.573    16.010 r  uart_tx_OBUF_inst/O
                         net (fo=0)                   0.000    16.010    uart_tx
    Y19                                                               r  uart_tx (OUT)
  -------------------------------------------------------------------    -------------------

Slack:                    inf
  Source:                 state_reg[1]/C
                            (rising edge-triggered cell FDCE clocked by sys_clk_pin  {rise@0.000ns fall@4.000ns period=8.000ns})
  Destination:            LD1
                            (output port)
  Path Group:             (none)
  Path Type:              Max at Slow Process Corner
  Data Path Delay:        9.599ns  (logic 4.151ns (43.249%)  route 5.447ns (56.751%))
  Logic Levels:           1  (OBUF=1)
  Clock Uncertainty:      0.025ns  ((TSJ^2 + TIJ^2)^1/2 + DJ) / 2 + PE
    Total System Jitter     (TSJ):    0.050ns
    Total Input Jitter      (TIJ):    0.000ns
    Discrete Jitter          (DJ):    0.000ns
    Phase Error              (PE):    0.000ns

    Location             Delay type                Incr(ns)  Path(ns)    Netlist Resource(s)
  -------------------------------------------------------------------    -------------------
                         (clock sys_clk_pin rise edge)
                                                      0.000     0.000 r  
    H16                                               0.000     0.000 r  clk_125mhz (IN)
                         net (fo=0)                   0.000     0.000    clk_125mhz
    H16                  IBUF (Prop_ibuf_I_O)         1.451     1.451 r  clk_125mhz_IBUF_inst/O
                         net (fo=1, routed)           2.522     3.973    clk_125mhz_IBUF
    BUFGCTRL_X0Y16       BUFG (Prop_bufg_I_O)         0.101     4.074 r  clk_125mhz_IBUF_BUFG_inst/O
                         net (fo=266, routed)         1.664     5.738    clk_125mhz_IBUF_BUFG
    SLICE_X40Y37         FDCE                                         r  state_reg[1]/C
  -------------------------------------------------------------------    -------------------
    SLICE_X40Y37         FDCE (Prop_fdce_C_Q)         0.419     6.157 r  state_reg[1]/Q
                         net (fo=4, routed)           5.447    11.604    LD1_OBUF
    P14                  OBUF (Prop_obuf_I_O)         3.732    15.336 r  LD1_OBUF_inst/O
                         net (fo=0)                   0.000    15.336    LD1
    P14                                                               r  LD1 (OUT)
  -------------------------------------------------------------------    -------------------





Min Delay Paths
--------------------------------------------------------------------------------------
Slack:                    inf
  Source:                 tx/currentState_reg[2]/C
                            (rising edge-triggered cell FDCE clocked by sys_clk_pin  {rise@0.000ns fall@4.000ns period=8.000ns})
  Destination:            uart_tx
                            (output port)
  Path Group:             (none)
  Path Type:              Min at Fast Process Corner
  Data Path Delay:        3.339ns  (logic 1.460ns (43.719%)  route 1.879ns (56.281%))
  Logic Levels:           2  (LUT6=1 OBUF=1)
  Clock Uncertainty:      0.025ns  ((TSJ^2 + TIJ^2)^1/2 + DJ) / 2 + PE
    Total System Jitter     (TSJ):    0.050ns
    Total Input Jitter      (TIJ):    0.000ns
    Discrete Jitter          (DJ):    0.000ns
    Phase Error              (PE):    0.000ns

    Location             Delay type                Incr(ns)  Path(ns)    Netlist Resource(s)
  -------------------------------------------------------------------    -------------------
                         (clock sys_clk_pin rise edge)
                                                      0.000     0.000 r  
    H16                                               0.000     0.000 r  clk_125mhz (IN)
                         net (fo=0)                   0.000     0.000    clk_125mhz
    H16                  IBUF (Prop_ibuf_I_O)         0.219     0.219 r  clk_125mhz_IBUF_inst/O
                         net (fo=1, routed)           0.842     1.060    clk_125mhz_IBUF
    BUFGCTRL_X0Y16       BUFG (Prop_bufg_I_O)         0.026     1.086 r  clk_125mhz_IBUF_BUFG_inst/O
                         net (fo=266, routed)         0.562     1.648    tx/clk_125mhz_IBUF_BUFG
    SLICE_X41Y44         FDCE                                         r  tx/currentState_reg[2]/C
  -------------------------------------------------------------------    -------------------
    SLICE_X41Y44         FDCE (Prop_fdce_C_Q)         0.141     1.789 r  tx/currentState_reg[2]/Q
                         net (fo=8, routed)           0.232     2.021    tx/currentState[2]
    SLICE_X42Y44         LUT6 (Prop_lut6_I4_O)        0.045     2.066 r  tx/uart_tx_OBUF_inst_i_1/O
                         net (fo=1, routed)           1.648     3.713    uart_tx_OBUF
    Y19                  OBUF (Prop_obuf_I_O)         1.274     4.987 r  uart_tx_OBUF_inst/O
                         net (fo=0)                   0.000     4.987    uart_tx
    Y19                                                               r  uart_tx (OUT)
  -------------------------------------------------------------------    -------------------

Slack:                    inf
  Source:                 state_reg[1]/C
                            (rising edge-triggered cell FDCE clocked by sys_clk_pin  {rise@0.000ns fall@4.000ns period=8.000ns})
  Destination:            LD1
                            (output port)
  Path Group:             (none)
  Path Type:              Min at Fast Process Corner
  Data Path Delay:        3.529ns  (logic 1.440ns (40.801%)  route 2.089ns (59.199%))
  Logic Levels:           1  (OBUF=1)
  Clock Uncertainty:      0.025ns  ((TSJ^2 + TIJ^2)^1/2 + DJ) / 2 + PE
    Total System Jitter     (TSJ):    0.050ns
    Total Input Jitter      (TIJ):    0.000ns
    Discrete Jitter          (DJ):    0.000ns
    Phase Error              (PE):    0.000ns

    Location             Delay type                Incr(ns)  Path(ns)    Netlist Resource(s)
  -------------------------------------------------------------------    -------------------
                         (clock sys_clk_pin rise edge)
                                                      0.000     0.000 r  
    H16                                               0.000     0.000 r  clk_125mhz (IN)
                         net (fo=0)                   0.000     0.000    clk_125mhz
    H16                  IBUF (Prop_ibuf_I_O)         0.219     0.219 r  clk_125mhz_IBUF_inst/O
                         net (fo=1, routed)           0.842     1.060    clk_125mhz_IBUF
    BUFGCTRL_X0Y16       BUFG (Prop_bufg_I_O)         0.026     1.086 r  clk_125mhz_IBUF_BUFG_inst/O
                         net (fo=266, routed)         0.559     1.645    clk_125mhz_IBUF_BUFG
    SLICE_X40Y37         FDCE                                         r  state_reg[1]/C
  -------------------------------------------------------------------    -------------------
    SLICE_X40Y37         FDCE (Prop_fdce_C_Q)         0.128     1.773 r  state_reg[1]/Q
                         net (fo=4, routed)           2.089     3.862    LD1_OBUF
    P14                  OBUF (Prop_obuf_I_O)         1.312     5.174 r  LD1_OBUF_inst/O
                         net (fo=0)                   0.000     5.174    LD1
    P14                                                               r  LD1 (OUT)
  -------------------------------------------------------------------    -------------------

Slack:                    inf
  Source:                 FSM_sequential_state_reg[0]/C
                            (rising edge-triggered cell FDCE clocked by sys_clk_pin  {rise@0.000ns fall@4.000ns period=8.000ns})
  Destination:            LD0
                            (output port)
  Path Group:             (none)
  Path Type:              Min at Fast Process Corner
  Data Path Delay:        3.684ns  (logic 1.482ns (40.219%)  route 2.202ns (59.781%))
  Logic Levels:           2  (LUT3=1 OBUF=1)
  Clock Uncertainty:      0.025ns  ((TSJ^2 + TIJ^2)^1/2 + DJ) / 2 + PE
    Total System Jitter     (TSJ):    0.050ns
    Total Input Jitter      (TIJ):    0.000ns
    Discrete Jitter          (DJ):    0.000ns
    Phase Error              (PE):    0.000ns

    Location             Delay type                Incr(ns)  Path(ns)    Netlist Resource(s)
  -------------------------------------------------------------------    -------------------
                         (clock sys_clk_pin rise edge)
                                                      0.000     0.000 r  
    H16                                               0.000     0.000 r  clk_125mhz (IN)
                         net (fo=0)                   0.000     0.000    clk_125mhz
    H16                  IBUF (Prop_ibuf_I_O)         0.219     0.219 r  clk_125mhz_IBUF_inst/O
                         net (fo=1, routed)           0.842     1.060    clk_125mhz_IBUF
    BUFGCTRL_X0Y16       BUFG (Prop_bufg_I_O)         0.026     1.086 r  clk_125mhz_IBUF_BUFG_inst/O
                         net (fo=266, routed)         0.558     1.644    clk_125mhz_IBUF_BUFG
    SLICE_X40Y36         FDCE                                         r  FSM_sequential_state_reg[0]/C
  -------------------------------------------------------------------    -------------------
    SLICE_X40Y36         FDCE (Prop_fdce_C_Q)         0.141     1.785 r  FSM_sequential_state_reg[0]/Q
                         net (fo=10, routed)          0.143     1.928    state__0[0]
    SLICE_X41Y36         LUT3 (Prop_lut3_I1_O)        0.048     1.976 r  LD0_OBUF_inst_i_1/O
                         net (fo=1, routed)           2.059     4.035    LD0_OBUF
    R14                  OBUF (Prop_obuf_I_O)         1.293     5.328 r  LD0_OBUF_inst/O
                         net (fo=0)                   0.000     5.328    LD0
    R14                                                               r  LD0 (OUT)
  -------------------------------------------------------------------    -------------------





--------------------------------------------------------------------------------------
Path Group:  (none)
From Clock:  
  To Clock:  sys_clk_pin

Max Delay           537 Endpoints
Min Delay           537 Endpoints
--------------------------------------------------------------------------------------


Max Delay Paths
--------------------------------------------------------------------------------------
Slack:                    inf
  Source:                 SW[1]
                            (input port)
  Destination:            uuuut/U0/inst_blk_mem_gen/gnbram.gnativebmg.native_blk_mem_gen/valid.cstr/ramloop[5].ram.r/prim_noinit.ram/DEVICE_7SERIES.NO_BMM_INFO.SDP.SIMPLE_PRIM36.ram/ENARDEN
                            (rising edge-triggered cell RAMB36E1 clocked by sys_clk_pin  {rise@0.000ns fall@4.000ns period=8.000ns})
  Path Group:             (none)
  Path Type:              Setup (Max at Slow Process Corner)
  Data Path Delay:        14.252ns  (logic 2.948ns (20.682%)  route 11.304ns (79.318%))
  Logic Levels:           8  (CARRY4=2 IBUF=1 LUT3=1 LUT5=2 LUT6=2)
  Clock Path Skew:        5.364ns (DCD - SCD + CPR)
    Destination Clock Delay (DCD):    5.364ns
    Source Clock Delay      (SCD):    0.000ns
    Clock Pessimism Removal (CPR):    0.000ns
  Clock Uncertainty:      0.025ns  ((TSJ^2 + TIJ^2)^1/2 + DJ) / 2 + PE
    Total System Jitter     (TSJ):    0.050ns
    Total Input Jitter      (TIJ):    0.000ns
    Discrete Jitter          (DJ):    0.000ns
    Phase Error              (PE):    0.000ns

    Location             Delay type                Incr(ns)  Path(ns)    Netlist Resource(s)
  -------------------------------------------------------------------    -------------------
    M19                                               0.000     0.000 r  SW[1] (IN)
                         net (fo=0)                   0.000     0.000    SW[1]
    M19                  IBUF (Prop_ibuf_I_O)         1.533     1.533 r  SW_IBUF[1]_inst/O
                         net (fo=34, routed)          7.405     8.938    uut/SW_IBUF[1]
    SLICE_X47Y16         LUT6 (Prop_lut6_I2_O)        0.124     9.062 r  uut/addr_out_carry_i_9/O
                         net (fo=1, routed)           0.414     9.475    uut/y_new[9]
    SLICE_X44Y16         LUT5 (Prop_lut5_I4_O)        0.124     9.599 r  uut/addr_out_carry_i_5/O
                         net (fo=1, routed)           0.000     9.599    uut/addr_out_carry_i_5_n_0
    SLICE_X44Y16         CARRY4 (Prop_carry4_S[2]_CO[3])
                                                      0.398     9.997 r  uut/addr_out_carry/CO[3]
                         net (fo=1, routed)           0.000     9.997    uut/addr_out_carry_n_0
    SLICE_X44Y17         CARRY4 (Prop_carry4_CI_O[0])
                                                      0.222    10.219 r  uut/addr_out_carry__0/O[0]
                         net (fo=1, routed)           0.441    10.660    uut/addr_out[11]
    SLICE_X48Y17         LUT5 (Prop_lut5_I4_O)        0.299    10.959 r  uut/uuuut_i_7/O
                         net (fo=38, routed)          0.919    11.878    uuuut/U0/inst_blk_mem_gen/gnbram.gnativebmg.native_blk_mem_gen/valid.cstr/ramloop[15].ram.r/prim_noinit.ram/addra[11]
    SLICE_X40Y18         LUT3 (Prop_lut3_I1_O)        0.124    12.002 r  uuuut/U0/inst_blk_mem_gen/gnbram.gnativebmg.native_blk_mem_gen/valid.cstr/ramloop[15].ram.r/prim_noinit.ram/DEVICE_7SERIES.NO_BMM_INFO.SDP.SIMPLE_PRIM36.ram_i_4/O
                         net (fo=14, routed)          1.785    13.787    uuuut/U0/inst_blk_mem_gen/gnbram.gnativebmg.native_blk_mem_gen/valid.cstr/ramloop[5].ram.r/prim_noinit.ram/DEVICE_7SERIES.NO_BMM_INFO.SDP.SIMPLE_PRIM36.ram_2
    SLICE_X8Y22          LUT6 (Prop_lut6_I1_O)        0.124    13.911 r  uuuut/U0/inst_blk_mem_gen/gnbram.gnativebmg.native_blk_mem_gen/valid.cstr/ramloop[5].ram.r/prim_noinit.ram/DEVICE_7SERIES.NO_BMM_INFO.SDP.SIMPLE_PRIM36.ram_i_1__23/O
                         net (fo=1, routed)           0.341    14.252    uuuut/U0/inst_blk_mem_gen/gnbram.gnativebmg.native_blk_mem_gen/valid.cstr/ramloop[5].ram.r/prim_noinit.ram/ramloop[5].ram.ram_ena
    RAMB36_X0Y4          RAMB36E1                                     r  uuuut/U0/inst_blk_mem_gen/gnbram.gnativebmg.native_blk_mem_gen/valid.cstr/ramloop[5].ram.r/prim_noinit.ram/DEVICE_7SERIES.NO_BMM_INFO.SDP.SIMPLE_PRIM36.ram/ENARDEN
  -------------------------------------------------------------------    -------------------

                         (clock sys_clk_pin rise edge)
                                                      0.000     0.000 r  
    H16                                               0.000     0.000 r  clk_125mhz (IN)
                         net (fo=0)                   0.000     0.000    clk_125mhz
    H16                  IBUF (Prop_ibuf_I_O)         1.380     1.380 r  clk_125mhz_IBUF_inst/O
                         net (fo=1, routed)           2.293     3.673    clk_125mhz_IBUF
    BUFGCTRL_X0Y16       BUFG (Prop_bufg_I_O)         0.091     3.764 r  clk_125mhz_IBUF_BUFG_inst/O
                         net (fo=266, routed)         1.600     5.364    uuuut/U0/inst_blk_mem_gen/gnbram.gnativebmg.native_blk_mem_gen/valid.cstr/ramloop[5].ram.r/prim_noinit.ram/clka
    RAMB36_X0Y4          RAMB36E1                                     r  uuuut/U0/inst_blk_mem_gen/gnbram.gnativebmg.native_blk_mem_gen/valid.cstr/ramloop[5].ram.r/prim_noinit.ram/DEVICE_7SERIES.NO_BMM_INFO.SDP.SIMPLE_PRIM36.ram/CLKARDCLK

Slack:                    inf
  Source:                 SW[1]
                            (input port)
  Destination:            uuuut/U0/inst_blk_mem_gen/gnbram.gnativebmg.native_blk_mem_gen/valid.cstr/ramloop[6].ram.r/prim_noinit.ram/DEVICE_7SERIES.NO_BMM_INFO.SDP.SIMPLE_PRIM36.ram/ENARDEN
                            (rising edge-triggered cell RAMB36E1 clocked by sys_clk_pin  {rise@0.000ns fall@4.000ns period=8.000ns})
  Path Group:             (none)
  Path Type:              Setup (Max at Slow Process Corner)
  Data Path Delay:        14.097ns  (logic 2.948ns (20.910%)  route 11.149ns (79.090%))
  Logic Levels:           8  (CARRY4=2 IBUF=1 LUT3=1 LUT5=2 LUT6=2)
  Clock Path Skew:        5.379ns (DCD - SCD + CPR)
    Destination Clock Delay (DCD):    5.379ns
    Source Clock Delay      (SCD):    0.000ns
    Clock Pessimism Removal (CPR):    0.000ns
  Clock Uncertainty:      0.025ns  ((TSJ^2 + TIJ^2)^1/2 + DJ) / 2 + PE
    Total System Jitter     (TSJ):    0.050ns
    Total Input Jitter      (TIJ):    0.000ns
    Discrete Jitter          (DJ):    0.000ns
    Phase Error              (PE):    0.000ns

    Location             Delay type                Incr(ns)  Path(ns)    Netlist Resource(s)
  -------------------------------------------------------------------    -------------------
    M19                                               0.000     0.000 r  SW[1] (IN)
                         net (fo=0)                   0.000     0.000    SW[1]
    M19                  IBUF (Prop_ibuf_I_O)         1.533     1.533 r  SW_IBUF[1]_inst/O
                         net (fo=34, routed)          7.405     8.938    uut/SW_IBUF[1]
    SLICE_X47Y16         LUT6 (Prop_lut6_I2_O)        0.124     9.062 r  uut/addr_out_carry_i_9/O
                         net (fo=1, routed)           0.414     9.475    uut/y_new[9]
    SLICE_X44Y16         LUT5 (Prop_lut5_I4_O)        0.124     9.599 r  uut/addr_out_carry_i_5/O
                         net (fo=1, routed)           0.000     9.599    uut/addr_out_carry_i_5_n_0
    SLICE_X44Y16         CARRY4 (Prop_carry4_S[2]_CO[3])
                                                      0.398     9.997 r  uut/addr_out_carry/CO[3]
                         net (fo=1, routed)           0.000     9.997    uut/addr_out_carry_n_0
    SLICE_X44Y17         CARRY4 (Prop_carry4_CI_O[0])
                                                      0.222    10.219 r  uut/addr_out_carry__0/O[0]
                         net (fo=1, routed)           0.441    10.660    uut/addr_out[11]
    SLICE_X48Y17         LUT5 (Prop_lut5_I4_O)        0.299    10.959 r  uut/uuuut_i_7/O
                         net (fo=38, routed)          0.919    11.878    uuuut/U0/inst_blk_mem_gen/gnbram.gnativebmg.native_blk_mem_gen/valid.cstr/ramloop[15].ram.r/prim_noinit.ram/addra[11]
    SLICE_X40Y18         LUT3 (Prop_lut3_I1_O)        0.124    12.002 r  uuuut/U0/inst_blk_mem_gen/gnbram.gnativebmg.native_blk_mem_gen/valid.cstr/ramloop[15].ram.r/prim_noinit.ram/DEVICE_7SERIES.NO_BMM_INFO.SDP.SIMPLE_PRIM36.ram_i_4/O
                         net (fo=14, routed)          1.230    13.232    uuuut/U0/inst_blk_mem_gen/gnbram.gnativebmg.native_blk_mem_gen/valid.cstr/ramloop[6].ram.r/prim_noinit.ram/DEVICE_7SERIES.NO_BMM_INFO.SDP.SIMPLE_PRIM36.ram_2
    SLICE_X17Y12         LUT6 (Prop_lut6_I2_O)        0.124    13.356 r  uuuut/U0/inst_blk_mem_gen/gnbram.gnativebmg.native_blk_mem_gen/valid.cstr/ramloop[6].ram.r/prim_noinit.ram/DEVICE_7SERIES.NO_BMM_INFO.SDP.SIMPLE_PRIM36.ram_i_1__24_comp/O
                         net (fo=1, routed)           0.741    14.097    uuuut/U0/inst_blk_mem_gen/gnbram.gnativebmg.native_blk_mem_gen/valid.cstr/ramloop[6].ram.r/prim_noinit.ram/ramloop[6].ram.ram_ena
    RAMB36_X0Y1          RAMB36E1                                     r  uuuut/U0/inst_blk_mem_gen/gnbram.gnativebmg.native_blk_mem_gen/valid.cstr/ramloop[6].ram.r/prim_noinit.ram/DEVICE_7SERIES.NO_BMM_INFO.SDP.SIMPLE_PRIM36.ram/ENARDEN
  -------------------------------------------------------------------    -------------------

                         (clock sys_clk_pin rise edge)
                                                      0.000     0.000 r  
    H16                                               0.000     0.000 r  clk_125mhz (IN)
                         net (fo=0)                   0.000     0.000    clk_125mhz
    H16                  IBUF (Prop_ibuf_I_O)         1.380     1.380 r  clk_125mhz_IBUF_inst/O
                         net (fo=1, routed)           2.293     3.673    clk_125mhz_IBUF
    BUFGCTRL_X0Y16       BUFG (Prop_bufg_I_O)         0.091     3.764 r  clk_125mhz_IBUF_BUFG_inst/O
                         net (fo=266, routed)         1.615     5.379    uuuut/U0/inst_blk_mem_gen/gnbram.gnativebmg.native_blk_mem_gen/valid.cstr/ramloop[6].ram.r/prim_noinit.ram/clka
    RAMB36_X0Y1          RAMB36E1                                     r  uuuut/U0/inst_blk_mem_gen/gnbram.gnativebmg.native_blk_mem_gen/valid.cstr/ramloop[6].ram.r/prim_noinit.ram/DEVICE_7SERIES.NO_BMM_INFO.SDP.SIMPLE_PRIM36.ram/CLKARDCLK

Slack:                    inf
  Source:                 SW[1]
                            (input port)
  Destination:            uuuut/U0/inst_blk_mem_gen/gnbram.gnativebmg.native_blk_mem_gen/valid.cstr/ramloop[16].ram.r/prim_noinit.ram/DEVICE_7SERIES.NO_BMM_INFO.SDP.SIMPLE_PRIM36.ram/ENARDEN
                            (rising edge-triggered cell RAMB36E1 clocked by sys_clk_pin  {rise@0.000ns fall@4.000ns period=8.000ns})
  Path Group:             (none)
  Path Type:              Setup (Max at Slow Process Corner)
  Data Path Delay:        14.084ns  (logic 3.064ns (21.753%)  route 11.020ns (78.247%))
  Logic Levels:           8  (CARRY4=2 IBUF=1 LUT3=1 LUT4=1 LUT5=2 LUT6=1)
  Clock Path Skew:        5.423ns (DCD - SCD + CPR)
    Destination Clock Delay (DCD):    5.423ns
    Source Clock Delay      (SCD):    0.000ns
    Clock Pessimism Removal (CPR):    0.000ns
  Clock Uncertainty:      0.025ns  ((TSJ^2 + TIJ^2)^1/2 + DJ) / 2 + PE
    Total System Jitter     (TSJ):    0.050ns
    Total Input Jitter      (TIJ):    0.000ns
    Discrete Jitter          (DJ):    0.000ns
    Phase Error              (PE):    0.000ns

    Location             Delay type                Incr(ns)  Path(ns)    Netlist Resource(s)
  -------------------------------------------------------------------    -------------------
    M19                                               0.000     0.000 r  SW[1] (IN)
                         net (fo=0)                   0.000     0.000    SW[1]
    M19                  IBUF (Prop_ibuf_I_O)         1.533     1.533 r  SW_IBUF[1]_inst/O
                         net (fo=34, routed)          7.405     8.938    uut/SW_IBUF[1]
    SLICE_X47Y16         LUT6 (Prop_lut6_I2_O)        0.124     9.062 r  uut/addr_out_carry_i_9/O
                         net (fo=1, routed)           0.414     9.475    uut/y_new[9]
    SLICE_X44Y16         LUT5 (Prop_lut5_I4_O)        0.124     9.599 r  uut/addr_out_carry_i_5/O
                         net (fo=1, routed)           0.000     9.599    uut/addr_out_carry_i_5_n_0
    SLICE_X44Y16         CARRY4 (Prop_carry4_S[2]_CO[3])
                                                      0.398     9.997 r  uut/addr_out_carry/CO[3]
                         net (fo=1, routed)           0.000     9.997    uut/addr_out_carry_n_0
    SLICE_X44Y17         CARRY4 (Prop_carry4_CI_O[1])
                                                      0.334    10.331 f  uut/addr_out_carry__0/O[1]
                         net (fo=1, routed)           0.486    10.818    uut/addr_out[12]
    SLICE_X52Y17         LUT5 (Prop_lut5_I4_O)        0.303    11.121 f  uut/uuuut_i_6/O
                         net (fo=31, routed)          1.856    12.977    uuuut/U0/inst_blk_mem_gen/gnbram.gnativebmg.native_blk_mem_gen/valid.cstr/ramloop[0].ram.r/prim_noinit.ram/addra[12]
    SLICE_X91Y9          LUT4 (Prop_lut4_I3_O)        0.124    13.101 r  uuuut/U0/inst_blk_mem_gen/gnbram.gnativebmg.native_blk_mem_gen/valid.cstr/ramloop[0].ram.r/prim_noinit.ram/DEVICE_7SERIES.NO_BMM_INFO.SDP.SIMPLE_PRIM36.ram_i_3/O
                         net (fo=2, routed)           0.518    13.619    uuuut/U0/inst_blk_mem_gen/gnbram.gnativebmg.native_blk_mem_gen/valid.cstr/ramloop[16].ram.r/prim_noinit.ram/DEVICE_7SERIES.NO_BMM_INFO.SDP.SIMPLE_PRIM36.ram_1
    SLICE_X90Y2          LUT3 (Prop_lut3_I2_O)        0.124    13.743 r  uuuut/U0/inst_blk_mem_gen/gnbram.gnativebmg.native_blk_mem_gen/valid.cstr/ramloop[16].ram.r/prim_noinit.ram/DEVICE_7SERIES.NO_BMM_INFO.SDP.SIMPLE_PRIM36.ram_i_1__61/O
                         net (fo=1, routed)           0.341    14.084    uuuut/U0/inst_blk_mem_gen/gnbram.gnativebmg.native_blk_mem_gen/valid.cstr/ramloop[16].ram.r/prim_noinit.ram/ramloop[16].ram.ram_ena
    RAMB36_X4Y0          RAMB36E1                                     r  uuuut/U0/inst_blk_mem_gen/gnbram.gnativebmg.native_blk_mem_gen/valid.cstr/ramloop[16].ram.r/prim_noinit.ram/DEVICE_7SERIES.NO_BMM_INFO.SDP.SIMPLE_PRIM36.ram/ENARDEN
  -------------------------------------------------------------------    -------------------

                         (clock sys_clk_pin rise edge)
                                                      0.000     0.000 r  
    H16                                               0.000     0.000 r  clk_125mhz (IN)
                         net (fo=0)                   0.000     0.000    clk_125mhz
    H16                  IBUF (Prop_ibuf_I_O)         1.380     1.380 r  clk_125mhz_IBUF_inst/O
                         net (fo=1, routed)           2.293     3.673    clk_125mhz_IBUF
    BUFGCTRL_X0Y16       BUFG (Prop_bufg_I_O)         0.091     3.764 r  clk_125mhz_IBUF_BUFG_inst/O
                         net (fo=266, routed)         1.659     5.423    uuuut/U0/inst_blk_mem_gen/gnbram.gnativebmg.native_blk_mem_gen/valid.cstr/ramloop[16].ram.r/prim_noinit.ram/clka
    RAMB36_X4Y0          RAMB36E1                                     r  uuuut/U0/inst_blk_mem_gen/gnbram.gnativebmg.native_blk_mem_gen/valid.cstr/ramloop[16].ram.r/prim_noinit.ram/DEVICE_7SERIES.NO_BMM_INFO.SDP.SIMPLE_PRIM36.ram/CLKARDCLK

Slack:                    inf
  Source:                 SW[1]
                            (input port)
  Destination:            uuuut/U0/inst_blk_mem_gen/gnbram.gnativebmg.native_blk_mem_gen/valid.cstr/ramloop[15].ram.r/prim_noinit.ram/DEVICE_7SERIES.NO_BMM_INFO.SDP.SIMPLE_PRIM36.ram/ENARDEN
                            (rising edge-triggered cell RAMB36E1 clocked by sys_clk_pin  {rise@0.000ns fall@4.000ns period=8.000ns})
  Path Group:             (none)
  Path Type:              Setup (Max at Slow Process Corner)
  Data Path Delay:        14.068ns  (logic 2.948ns (20.953%)  route 11.120ns (79.047%))
  Logic Levels:           8  (CARRY4=2 IBUF=1 LUT3=1 LUT5=2 LUT6=2)
  Clock Path Skew:        5.370ns (DCD - SCD + CPR)
    Destination Clock Delay (DCD):    5.370ns
    Source Clock Delay      (SCD):    0.000ns
    Clock Pessimism Removal (CPR):    0.000ns
  Clock Uncertainty:      0.025ns  ((TSJ^2 + TIJ^2)^1/2 + DJ) / 2 + PE
    Total System Jitter     (TSJ):    0.050ns
    Total Input Jitter      (TIJ):    0.000ns
    Discrete Jitter          (DJ):    0.000ns
    Phase Error              (PE):    0.000ns

    Location             Delay type                Incr(ns)  Path(ns)    Netlist Resource(s)
  -------------------------------------------------------------------    -------------------
    M19                                               0.000     0.000 r  SW[1] (IN)
                         net (fo=0)                   0.000     0.000    SW[1]
    M19                  IBUF (Prop_ibuf_I_O)         1.533     1.533 r  SW_IBUF[1]_inst/O
                         net (fo=34, routed)          7.405     8.938    uut/SW_IBUF[1]
    SLICE_X47Y16         LUT6 (Prop_lut6_I2_O)        0.124     9.062 r  uut/addr_out_carry_i_9/O
                         net (fo=1, routed)           0.414     9.475    uut/y_new[9]
    SLICE_X44Y16         LUT5 (Prop_lut5_I4_O)        0.124     9.599 r  uut/addr_out_carry_i_5/O
                         net (fo=1, routed)           0.000     9.599    uut/addr_out_carry_i_5_n_0
    SLICE_X44Y16         CARRY4 (Prop_carry4_S[2]_CO[3])
                                                      0.398     9.997 r  uut/addr_out_carry/CO[3]
                         net (fo=1, routed)           0.000     9.997    uut/addr_out_carry_n_0
    SLICE_X44Y17         CARRY4 (Prop_carry4_CI_O[0])
                                                      0.222    10.219 f  uut/addr_out_carry__0/O[0]
                         net (fo=1, routed)           0.441    10.660    uut/addr_out[11]
    SLICE_X48Y17         LUT5 (Prop_lut5_I4_O)        0.299    10.959 f  uut/uuuut_i_7/O
                         net (fo=38, routed)          0.692    11.652    uuuut/U0/inst_blk_mem_gen/gnbram.gnativebmg.native_blk_mem_gen/valid.cstr/ramloop[15].ram.r/prim_noinit.ram/addra[11]
    SLICE_X47Y17         LUT3 (Prop_lut3_I1_O)        0.124    11.776 r  uuuut/U0/inst_blk_mem_gen/gnbram.gnativebmg.native_blk_mem_gen/valid.cstr/ramloop[15].ram.r/prim_noinit.ram/DEVICE_7SERIES.NO_BMM_INFO.SDP.SIMPLE_PRIM36.ram_i_3__0/O
                         net (fo=14, routed)          1.827    13.602    uuuut/U0/inst_blk_mem_gen/gnbram.gnativebmg.native_blk_mem_gen/valid.cstr/ramloop[15].ram.r/prim_noinit.ram/addra_17_sn_1
    SLICE_X9Y27          LUT6 (Prop_lut6_I0_O)        0.124    13.726 r  uuuut/U0/inst_blk_mem_gen/gnbram.gnativebmg.native_blk_mem_gen/valid.cstr/ramloop[15].ram.r/prim_noinit.ram/DEVICE_7SERIES.NO_BMM_INFO.SDP.SIMPLE_PRIM36.ram_i_1__31/O
                         net (fo=1, routed)           0.341    14.068    uuuut/U0/inst_blk_mem_gen/gnbram.gnativebmg.native_blk_mem_gen/valid.cstr/ramloop[15].ram.r/prim_noinit.ram/ramloop[15].ram.ram_ena
    RAMB36_X0Y5          RAMB36E1                                     r  uuuut/U0/inst_blk_mem_gen/gnbram.gnativebmg.native_blk_mem_gen/valid.cstr/ramloop[15].ram.r/prim_noinit.ram/DEVICE_7SERIES.NO_BMM_INFO.SDP.SIMPLE_PRIM36.ram/ENARDEN
  -------------------------------------------------------------------    -------------------

                         (clock sys_clk_pin rise edge)
                                                      0.000     0.000 r  
    H16                                               0.000     0.000 r  clk_125mhz (IN)
                         net (fo=0)                   0.000     0.000    clk_125mhz
    H16                  IBUF (Prop_ibuf_I_O)         1.380     1.380 r  clk_125mhz_IBUF_inst/O
                         net (fo=1, routed)           2.293     3.673    clk_125mhz_IBUF
    BUFGCTRL_X0Y16       BUFG (Prop_bufg_I_O)         0.091     3.764 r  clk_125mhz_IBUF_BUFG_inst/O
                         net (fo=266, routed)         1.606     5.370    uuuut/U0/inst_blk_mem_gen/gnbram.gnativebmg.native_blk_mem_gen/valid.cstr/ramloop[15].ram.r/prim_noinit.ram/clka
    RAMB36_X0Y5          RAMB36E1                                     r  uuuut/U0/inst_blk_mem_gen/gnbram.gnativebmg.native_blk_mem_gen/valid.cstr/ramloop[15].ram.r/prim_noinit.ram/DEVICE_7SERIES.NO_BMM_INFO.SDP.SIMPLE_PRIM36.ram/CLKARDCLK

Slack:                    inf
  Source:                 SW[1]
                            (input port)
  Destination:            uuuut/U0/inst_blk_mem_gen/gnbram.gnativebmg.native_blk_mem_gen/valid.cstr/ramloop[11].ram.r/prim_noinit.ram/DEVICE_7SERIES.NO_BMM_INFO.SDP.SIMPLE_PRIM36.ram/ENARDEN
                            (rising edge-triggered cell RAMB36E1 clocked by sys_clk_pin  {rise@0.000ns fall@4.000ns period=8.000ns})
  Path Group:             (none)
  Path Type:              Setup (Max at Slow Process Corner)
  Data Path Delay:        14.062ns  (logic 2.948ns (20.961%)  route 11.114ns (79.039%))
  Logic Levels:           8  (CARRY4=2 IBUF=1 LUT3=1 LUT5=2 LUT6=2)
  Clock Path Skew:        5.370ns (DCD - SCD + CPR)
    Destination Clock Delay (DCD):    5.370ns
    Source Clock Delay      (SCD):    0.000ns
    Clock Pessimism Removal (CPR):    0.000ns
  Clock Uncertainty:      0.025ns  ((TSJ^2 + TIJ^2)^1/2 + DJ) / 2 + PE
    Total System Jitter     (TSJ):    0.050ns
    Total Input Jitter      (TIJ):    0.000ns
    Discrete Jitter          (DJ):    0.000ns
    Phase Error              (PE):    0.000ns

    Location             Delay type                Incr(ns)  Path(ns)    Netlist Resource(s)
  -------------------------------------------------------------------    -------------------
    M19                                               0.000     0.000 r  SW[1] (IN)
                         net (fo=0)                   0.000     0.000    SW[1]
    M19                  IBUF (Prop_ibuf_I_O)         1.533     1.533 r  SW_IBUF[1]_inst/O
                         net (fo=34, routed)          7.405     8.938    uut/SW_IBUF[1]
    SLICE_X47Y16         LUT6 (Prop_lut6_I2_O)        0.124     9.062 r  uut/addr_out_carry_i_9/O
                         net (fo=1, routed)           0.414     9.475    uut/y_new[9]
    SLICE_X44Y16         LUT5 (Prop_lut5_I4_O)        0.124     9.599 r  uut/addr_out_carry_i_5/O
                         net (fo=1, routed)           0.000     9.599    uut/addr_out_carry_i_5_n_0
    SLICE_X44Y16         CARRY4 (Prop_carry4_S[2]_CO[3])
                                                      0.398     9.997 r  uut/addr_out_carry/CO[3]
                         net (fo=1, routed)           0.000     9.997    uut/addr_out_carry_n_0
    SLICE_X44Y17         CARRY4 (Prop_carry4_CI_O[0])
                                                      0.222    10.219 f  uut/addr_out_carry__0/O[0]
                         net (fo=1, routed)           0.441    10.660    uut/addr_out[11]
    SLICE_X48Y17         LUT5 (Prop_lut5_I4_O)        0.299    10.959 f  uut/uuuut_i_7/O
                         net (fo=38, routed)          0.692    11.652    uuuut/U0/inst_blk_mem_gen/gnbram.gnativebmg.native_blk_mem_gen/valid.cstr/ramloop[15].ram.r/prim_noinit.ram/addra[11]
    SLICE_X47Y17         LUT3 (Prop_lut3_I1_O)        0.124    11.776 r  uuuut/U0/inst_blk_mem_gen/gnbram.gnativebmg.native_blk_mem_gen/valid.cstr/ramloop[15].ram.r/prim_noinit.ram/DEVICE_7SERIES.NO_BMM_INFO.SDP.SIMPLE_PRIM36.ram_i_3__0/O
                         net (fo=14, routed)          1.572    13.347    uuuut/U0/inst_blk_mem_gen/gnbram.gnativebmg.native_blk_mem_gen/valid.cstr/ramloop[11].ram.r/prim_noinit.ram/DEVICE_7SERIES.NO_BMM_INFO.SDP.SIMPLE_PRIM36.ram_1
    SLICE_X13Y17         LUT6 (Prop_lut6_I0_O)        0.124    13.471 r  uuuut/U0/inst_blk_mem_gen/gnbram.gnativebmg.native_blk_mem_gen/valid.cstr/ramloop[11].ram.r/prim_noinit.ram/DEVICE_7SERIES.NO_BMM_INFO.SDP.SIMPLE_PRIM36.ram_i_1__28/O
                         net (fo=1, routed)           0.591    14.062    uuuut/U0/inst_blk_mem_gen/gnbram.gnativebmg.native_blk_mem_gen/valid.cstr/ramloop[11].ram.r/prim_noinit.ram/ramloop[11].ram.ram_ena
    RAMB36_X0Y3          RAMB36E1                                     r  uuuut/U0/inst_blk_mem_gen/gnbram.gnativebmg.native_blk_mem_gen/valid.cstr/ramloop[11].ram.r/prim_noinit.ram/DEVICE_7SERIES.NO_BMM_INFO.SDP.SIMPLE_PRIM36.ram/ENARDEN
  -------------------------------------------------------------------    -------------------

                         (clock sys_clk_pin rise edge)
                                                      0.000     0.000 r  
    H16                                               0.000     0.000 r  clk_125mhz (IN)
                         net (fo=0)                   0.000     0.000    clk_125mhz
    H16                  IBUF (Prop_ibuf_I_O)         1.380     1.380 r  clk_125mhz_IBUF_inst/O
                         net (fo=1, routed)           2.293     3.673    clk_125mhz_IBUF
    BUFGCTRL_X0Y16       BUFG (Prop_bufg_I_O)         0.091     3.764 r  clk_125mhz_IBUF_BUFG_inst/O
                         net (fo=266, routed)         1.606     5.370    uuuut/U0/inst_blk_mem_gen/gnbram.gnativebmg.native_blk_mem_gen/valid.cstr/ramloop[11].ram.r/prim_noinit.ram/clka
    RAMB36_X0Y3          RAMB36E1                                     r  uuuut/U0/inst_blk_mem_gen/gnbram.gnativebmg.native_blk_mem_gen/valid.cstr/ramloop[11].ram.r/prim_noinit.ram/DEVICE_7SERIES.NO_BMM_INFO.SDP.SIMPLE_PRIM36.ram/CLKARDCLK

Slack:                    inf
  Source:                 SW[1]
                            (input port)
  Destination:            uuuut/U0/inst_blk_mem_gen/gnbram.gnativebmg.native_blk_mem_gen/valid.cstr/ramloop[9].ram.r/prim_noinit.ram/DEVICE_7SERIES.NO_BMM_INFO.SDP.SIMPLE_PRIM36.ram/ENARDEN
                            (rising edge-triggered cell RAMB36E1 clocked by sys_clk_pin  {rise@0.000ns fall@4.000ns period=8.000ns})
  Path Group:             (none)
  Path Type:              Setup (Max at Slow Process Corner)
  Data Path Delay:        14.020ns  (logic 2.948ns (21.025%)  route 11.072ns (78.975%))
  Logic Levels:           8  (CARRY4=2 IBUF=1 LUT3=1 LUT5=2 LUT6=2)
  Clock Path Skew:        5.376ns (DCD - SCD + CPR)
    Destination Clock Delay (DCD):    5.376ns
    Source Clock Delay      (SCD):    0.000ns
    Clock Pessimism Removal (CPR):    0.000ns
  Clock Uncertainty:      0.025ns  ((TSJ^2 + TIJ^2)^1/2 + DJ) / 2 + PE
    Total System Jitter     (TSJ):    0.050ns
    Total Input Jitter      (TIJ):    0.000ns
    Discrete Jitter          (DJ):    0.000ns
    Phase Error              (PE):    0.000ns

    Location             Delay type                Incr(ns)  Path(ns)    Netlist Resource(s)
  -------------------------------------------------------------------    -------------------
    M19                                               0.000     0.000 r  SW[1] (IN)
                         net (fo=0)                   0.000     0.000    SW[1]
    M19                  IBUF (Prop_ibuf_I_O)         1.533     1.533 r  SW_IBUF[1]_inst/O
                         net (fo=34, routed)          7.405     8.938    uut/SW_IBUF[1]
    SLICE_X47Y16         LUT6 (Prop_lut6_I2_O)        0.124     9.062 r  uut/addr_out_carry_i_9/O
                         net (fo=1, routed)           0.414     9.475    uut/y_new[9]
    SLICE_X44Y16         LUT5 (Prop_lut5_I4_O)        0.124     9.599 r  uut/addr_out_carry_i_5/O
                         net (fo=1, routed)           0.000     9.599    uut/addr_out_carry_i_5_n_0
    SLICE_X44Y16         CARRY4 (Prop_carry4_S[2]_CO[3])
                                                      0.398     9.997 r  uut/addr_out_carry/CO[3]
                         net (fo=1, routed)           0.000     9.997    uut/addr_out_carry_n_0
    SLICE_X44Y17         CARRY4 (Prop_carry4_CI_O[0])
                                                      0.222    10.219 r  uut/addr_out_carry__0/O[0]
                         net (fo=1, routed)           0.441    10.660    uut/addr_out[11]
    SLICE_X48Y17         LUT5 (Prop_lut5_I4_O)        0.299    10.959 r  uut/uuuut_i_7/O
                         net (fo=38, routed)          0.919    11.878    uuuut/U0/inst_blk_mem_gen/gnbram.gnativebmg.native_blk_mem_gen/valid.cstr/ramloop[15].ram.r/prim_noinit.ram/addra[11]
    SLICE_X40Y18         LUT3 (Prop_lut3_I1_O)        0.124    12.002 r  uuuut/U0/inst_blk_mem_gen/gnbram.gnativebmg.native_blk_mem_gen/valid.cstr/ramloop[15].ram.r/prim_noinit.ram/DEVICE_7SERIES.NO_BMM_INFO.SDP.SIMPLE_PRIM36.ram_i_4/O
                         net (fo=14, routed)          1.533    13.535    uuuut/U0/inst_blk_mem_gen/gnbram.gnativebmg.native_blk_mem_gen/valid.cstr/ramloop[9].ram.r/prim_noinit.ram/DEVICE_7SERIES.NO_BMM_INFO.SDP.SIMPLE_PRIM36.ram_2
    SLICE_X11Y12         LUT6 (Prop_lut6_I1_O)        0.124    13.659 r  uuuut/U0/inst_blk_mem_gen/gnbram.gnativebmg.native_blk_mem_gen/valid.cstr/ramloop[9].ram.r/prim_noinit.ram/DEVICE_7SERIES.NO_BMM_INFO.SDP.SIMPLE_PRIM36.ram_i_1__26/O
                         net (fo=1, routed)           0.361    14.020    uuuut/U0/inst_blk_mem_gen/gnbram.gnativebmg.native_blk_mem_gen/valid.cstr/ramloop[9].ram.r/prim_noinit.ram/ramloop[9].ram.ram_ena
    RAMB36_X0Y2          RAMB36E1                                     r  uuuut/U0/inst_blk_mem_gen/gnbram.gnativebmg.native_blk_mem_gen/valid.cstr/ramloop[9].ram.r/prim_noinit.ram/DEVICE_7SERIES.NO_BMM_INFO.SDP.SIMPLE_PRIM36.ram/ENARDEN
  -------------------------------------------------------------------    -------------------

                         (clock sys_clk_pin rise edge)
                                                      0.000     0.000 r  
    H16                                               0.000     0.000 r  clk_125mhz (IN)
                         net (fo=0)                   0.000     0.000    clk_125mhz
    H16                  IBUF (Prop_ibuf_I_O)         1.380     1.380 r  clk_125mhz_IBUF_inst/O
                         net (fo=1, routed)           2.293     3.673    clk_125mhz_IBUF
    BUFGCTRL_X0Y16       BUFG (Prop_bufg_I_O)         0.091     3.764 r  clk_125mhz_IBUF_BUFG_inst/O
                         net (fo=266, routed)         1.612     5.376    uuuut/U0/inst_blk_mem_gen/gnbram.gnativebmg.native_blk_mem_gen/valid.cstr/ramloop[9].ram.r/prim_noinit.ram/clka
    RAMB36_X0Y2          RAMB36E1                                     r  uuuut/U0/inst_blk_mem_gen/gnbram.gnativebmg.native_blk_mem_gen/valid.cstr/ramloop[9].ram.r/prim_noinit.ram/DEVICE_7SERIES.NO_BMM_INFO.SDP.SIMPLE_PRIM36.ram/CLKARDCLK

Slack:                    inf
  Source:                 SW[1]
                            (input port)
  Destination:            uuuut/U0/inst_blk_mem_gen/gnbram.gnativebmg.native_blk_mem_gen/valid.cstr/ramloop[4].ram.r/prim_noinit.ram/DEVICE_7SERIES.NO_BMM_INFO.SDP.SIMPLE_PRIM36.ram/ENARDEN
                            (rising edge-triggered cell RAMB36E1 clocked by sys_clk_pin  {rise@0.000ns fall@4.000ns period=8.000ns})
  Path Group:             (none)
  Path Type:              Setup (Max at Slow Process Corner)
  Data Path Delay:        13.991ns  (logic 2.948ns (21.068%)  route 11.043ns (78.932%))
  Logic Levels:           8  (CARRY4=2 IBUF=1 LUT3=1 LUT5=2 LUT6=2)
  Clock Path Skew:        5.297ns (DCD - SCD + CPR)
    Destination Clock Delay (DCD):    5.297ns
    Source Clock Delay      (SCD):    0.000ns
    Clock Pessimism Removal (CPR):    0.000ns
  Clock Uncertainty:      0.025ns  ((TSJ^2 + TIJ^2)^1/2 + DJ) / 2 + PE
    Total System Jitter     (TSJ):    0.050ns
    Total Input Jitter      (TIJ):    0.000ns
    Discrete Jitter          (DJ):    0.000ns
    Phase Error              (PE):    0.000ns

    Location             Delay type                Incr(ns)  Path(ns)    Netlist Resource(s)
  -------------------------------------------------------------------    -------------------
    M19                                               0.000     0.000 r  SW[1] (IN)
                         net (fo=0)                   0.000     0.000    SW[1]
    M19                  IBUF (Prop_ibuf_I_O)         1.533     1.533 r  SW_IBUF[1]_inst/O
                         net (fo=34, routed)          7.405     8.938    uut/SW_IBUF[1]
    SLICE_X47Y16         LUT6 (Prop_lut6_I2_O)        0.124     9.062 r  uut/addr_out_carry_i_9/O
                         net (fo=1, routed)           0.414     9.475    uut/y_new[9]
    SLICE_X44Y16         LUT5 (Prop_lut5_I4_O)        0.124     9.599 r  uut/addr_out_carry_i_5/O
                         net (fo=1, routed)           0.000     9.599    uut/addr_out_carry_i_5_n_0
    SLICE_X44Y16         CARRY4 (Prop_carry4_S[2]_CO[3])
                                                      0.398     9.997 r  uut/addr_out_carry/CO[3]
                         net (fo=1, routed)           0.000     9.997    uut/addr_out_carry_n_0
    SLICE_X44Y17         CARRY4 (Prop_carry4_CI_O[0])
                                                      0.222    10.219 r  uut/addr_out_carry__0/O[0]
                         net (fo=1, routed)           0.441    10.660    uut/addr_out[11]
    SLICE_X48Y17         LUT5 (Prop_lut5_I4_O)        0.299    10.959 r  uut/uuuut_i_7/O
                         net (fo=38, routed)          1.869    12.828    uuuut/U0/inst_blk_mem_gen/gnbram.gnativebmg.native_blk_mem_gen/valid.cstr/ramloop[15].ram.r/prim_noinit.ram/addra[11]
    SLICE_X33Y46         LUT3 (Prop_lut3_I1_O)        0.124    12.952 r  uuuut/U0/inst_blk_mem_gen/gnbram.gnativebmg.native_blk_mem_gen/valid.cstr/ramloop[15].ram.r/prim_noinit.ram/DEVICE_7SERIES.NO_BMM_INFO.SDP.SIMPLE_PRIM36.ram_i_4_replica/O
                         net (fo=1, routed)           0.573    13.525    uuuut/U0/inst_blk_mem_gen/gnbram.gnativebmg.native_blk_mem_gen/valid.cstr/ramloop[4].ram.r/prim_noinit.ram/addra[17]_0_repN_alias
    SLICE_X33Y47         LUT6 (Prop_lut6_I1_O)        0.124    13.649 r  uuuut/U0/inst_blk_mem_gen/gnbram.gnativebmg.native_blk_mem_gen/valid.cstr/ramloop[4].ram.r/prim_noinit.ram/DEVICE_7SERIES.NO_BMM_INFO.SDP.SIMPLE_PRIM36.ram_i_1/O
                         net (fo=1, routed)           0.341    13.991    uuuut/U0/inst_blk_mem_gen/gnbram.gnativebmg.native_blk_mem_gen/valid.cstr/ramloop[4].ram.r/prim_noinit.ram/ramloop[4].ram.ram_ena
    RAMB36_X2Y9          RAMB36E1                                     r  uuuut/U0/inst_blk_mem_gen/gnbram.gnativebmg.native_blk_mem_gen/valid.cstr/ramloop[4].ram.r/prim_noinit.ram/DEVICE_7SERIES.NO_BMM_INFO.SDP.SIMPLE_PRIM36.ram/ENARDEN
  -------------------------------------------------------------------    -------------------

                         (clock sys_clk_pin rise edge)
                                                      0.000     0.000 r  
    H16                                               0.000     0.000 r  clk_125mhz (IN)
                         net (fo=0)                   0.000     0.000    clk_125mhz
    H16                  IBUF (Prop_ibuf_I_O)         1.380     1.380 r  clk_125mhz_IBUF_inst/O
                         net (fo=1, routed)           2.293     3.673    clk_125mhz_IBUF
    BUFGCTRL_X0Y16       BUFG (Prop_bufg_I_O)         0.091     3.764 r  clk_125mhz_IBUF_BUFG_inst/O
                         net (fo=266, routed)         1.533     5.297    uuuut/U0/inst_blk_mem_gen/gnbram.gnativebmg.native_blk_mem_gen/valid.cstr/ramloop[4].ram.r/prim_noinit.ram/clka
    RAMB36_X2Y9          RAMB36E1                                     r  uuuut/U0/inst_blk_mem_gen/gnbram.gnativebmg.native_blk_mem_gen/valid.cstr/ramloop[4].ram.r/prim_noinit.ram/DEVICE_7SERIES.NO_BMM_INFO.SDP.SIMPLE_PRIM36.ram/CLKARDCLK

Slack:                    inf
  Source:                 SW[1]
                            (input port)
  Destination:            uuuut/U0/inst_blk_mem_gen/gnbram.gnativebmg.native_blk_mem_gen/valid.cstr/ramloop[30].ram.r/prim_noinit.ram/DEVICE_7SERIES.NO_BMM_INFO.SDP.SIMPLE_PRIM36.ram/ENARDEN
                            (rising edge-triggered cell RAMB36E1 clocked by sys_clk_pin  {rise@0.000ns fall@4.000ns period=8.000ns})
  Path Group:             (none)
  Path Type:              Setup (Max at Slow Process Corner)
  Data Path Delay:        13.991ns  (logic 3.178ns (22.712%)  route 10.813ns (77.288%))
  Logic Levels:           9  (CARRY4=3 IBUF=1 LUT3=1 LUT5=2 LUT6=2)
  Clock Path Skew:        5.418ns (DCD - SCD + CPR)
    Destination Clock Delay (DCD):    5.418ns
    Source Clock Delay      (SCD):    0.000ns
    Clock Pessimism Removal (CPR):    0.000ns
  Clock Uncertainty:      0.025ns  ((TSJ^2 + TIJ^2)^1/2 + DJ) / 2 + PE
    Total System Jitter     (TSJ):    0.050ns
    Total Input Jitter      (TIJ):    0.000ns
    Discrete Jitter          (DJ):    0.000ns
    Phase Error              (PE):    0.000ns

    Location             Delay type                Incr(ns)  Path(ns)    Netlist Resource(s)
  -------------------------------------------------------------------    -------------------
    M19                                               0.000     0.000 r  SW[1] (IN)
                         net (fo=0)                   0.000     0.000    SW[1]
    M19                  IBUF (Prop_ibuf_I_O)         1.533     1.533 r  SW_IBUF[1]_inst/O
                         net (fo=34, routed)          7.405     8.938    uut/SW_IBUF[1]
    SLICE_X47Y16         LUT6 (Prop_lut6_I2_O)        0.124     9.062 r  uut/addr_out_carry_i_9/O
                         net (fo=1, routed)           0.414     9.475    uut/y_new[9]
    SLICE_X44Y16         LUT5 (Prop_lut5_I4_O)        0.124     9.599 r  uut/addr_out_carry_i_5/O
                         net (fo=1, routed)           0.000     9.599    uut/addr_out_carry_i_5_n_0
    SLICE_X44Y16         CARRY4 (Prop_carry4_S[2]_CO[3])
                                                      0.398     9.997 r  uut/addr_out_carry/CO[3]
                         net (fo=1, routed)           0.000     9.997    uut/addr_out_carry_n_0
    SLICE_X44Y17         CARRY4 (Prop_carry4_CI_CO[3])
                                                      0.114    10.111 r  uut/addr_out_carry__0/CO[3]
                         net (fo=1, routed)           0.000    10.111    uut/addr_out_carry__0_n_0
    SLICE_X44Y18         CARRY4 (Prop_carry4_CI_O[1])
                                                      0.334    10.445 r  uut/addr_out_carry__1/O[1]
                         net (fo=1, routed)           0.292    10.738    uut/addr_out[16]
    SLICE_X47Y18         LUT5 (Prop_lut5_I4_O)        0.303    11.041 r  uut/uuuut_i_2/O
                         net (fo=8, routed)           0.472    11.513    uuuut/U0/inst_blk_mem_gen/gnbram.gnativebmg.native_blk_mem_gen/valid.cstr/ramloop[31].ram.r/prim_noinit.ram/addra[16]
    SLICE_X47Y18         LUT3 (Prop_lut3_I0_O)        0.124    11.637 r  uuuut/U0/inst_blk_mem_gen/gnbram.gnativebmg.native_blk_mem_gen/valid.cstr/ramloop[31].ram.r/prim_noinit.ram/DEVICE_7SERIES.NO_BMM_INFO.SDP.SIMPLE_PRIM36.ram_i_3__1/O
                         net (fo=15, routed)          0.888    12.525    uuuut/U0/inst_blk_mem_gen/gnbram.gnativebmg.native_blk_mem_gen/valid.cstr/ramloop[30].ram.r/prim_noinit.ram/DEVICE_7SERIES.NO_BMM_INFO.SDP.SIMPLE_PRIM36.ram_1
    SLICE_X52Y13         LUT6 (Prop_lut6_I0_O)        0.124    12.649 r  uuuut/U0/inst_blk_mem_gen/gnbram.gnativebmg.native_blk_mem_gen/valid.cstr/ramloop[30].ram.r/prim_noinit.ram/DEVICE_7SERIES.NO_BMM_INFO.SDP.SIMPLE_PRIM36.ram_i_1__39/O
                         net (fo=1, routed)           1.342    13.991    uuuut/U0/inst_blk_mem_gen/gnbram.gnativebmg.native_blk_mem_gen/valid.cstr/ramloop[30].ram.r/prim_noinit.ram/ramloop[30].ram.ram_ena
    RAMB36_X4Y2          RAMB36E1                                     r  uuuut/U0/inst_blk_mem_gen/gnbram.gnativebmg.native_blk_mem_gen/valid.cstr/ramloop[30].ram.r/prim_noinit.ram/DEVICE_7SERIES.NO_BMM_INFO.SDP.SIMPLE_PRIM36.ram/ENARDEN
  -------------------------------------------------------------------    -------------------

                         (clock sys_clk_pin rise edge)
                                                      0.000     0.000 r  
    H16                                               0.000     0.000 r  clk_125mhz (IN)
                         net (fo=0)                   0.000     0.000    clk_125mhz
    H16                  IBUF (Prop_ibuf_I_O)         1.380     1.380 r  clk_125mhz_IBUF_inst/O
                         net (fo=1, routed)           2.293     3.673    clk_125mhz_IBUF
    BUFGCTRL_X0Y16       BUFG (Prop_bufg_I_O)         0.091     3.764 r  clk_125mhz_IBUF_BUFG_inst/O
                         net (fo=266, routed)         1.654     5.418    uuuut/U0/inst_blk_mem_gen/gnbram.gnativebmg.native_blk_mem_gen/valid.cstr/ramloop[30].ram.r/prim_noinit.ram/clka
    RAMB36_X4Y2          RAMB36E1                                     r  uuuut/U0/inst_blk_mem_gen/gnbram.gnativebmg.native_blk_mem_gen/valid.cstr/ramloop[30].ram.r/prim_noinit.ram/DEVICE_7SERIES.NO_BMM_INFO.SDP.SIMPLE_PRIM36.ram/CLKARDCLK

Slack:                    inf
  Source:                 SW[1]
                            (input port)
  Destination:            uuuut/U0/inst_blk_mem_gen/gnbram.gnativebmg.native_blk_mem_gen/valid.cstr/ramloop[0].ram.r/prim_noinit.ram/DEVICE_7SERIES.NO_BMM_INFO.SDP.SIMPLE_PRIM36.ram/ENARDEN
                            (rising edge-triggered cell RAMB36E1 clocked by sys_clk_pin  {rise@0.000ns fall@4.000ns period=8.000ns})
  Path Group:             (none)
  Path Type:              Setup (Max at Slow Process Corner)
  Data Path Delay:        13.987ns  (logic 3.064ns (21.902%)  route 10.924ns (78.098%))
  Logic Levels:           8  (CARRY4=2 IBUF=1 LUT3=1 LUT4=1 LUT5=2 LUT6=1)
  Clock Path Skew:        5.421ns (DCD - SCD + CPR)
    Destination Clock Delay (DCD):    5.421ns
    Source Clock Delay      (SCD):    0.000ns
    Clock Pessimism Removal (CPR):    0.000ns
  Clock Uncertainty:      0.025ns  ((TSJ^2 + TIJ^2)^1/2 + DJ) / 2 + PE
    Total System Jitter     (TSJ):    0.050ns
    Total Input Jitter      (TIJ):    0.000ns
    Discrete Jitter          (DJ):    0.000ns
    Phase Error              (PE):    0.000ns

    Location             Delay type                Incr(ns)  Path(ns)    Netlist Resource(s)
  -------------------------------------------------------------------    -------------------
    M19                                               0.000     0.000 r  SW[1] (IN)
                         net (fo=0)                   0.000     0.000    SW[1]
    M19                  IBUF (Prop_ibuf_I_O)         1.533     1.533 r  SW_IBUF[1]_inst/O
                         net (fo=34, routed)          7.405     8.938    uut/SW_IBUF[1]
    SLICE_X47Y16         LUT6 (Prop_lut6_I2_O)        0.124     9.062 r  uut/addr_out_carry_i_9/O
                         net (fo=1, routed)           0.414     9.475    uut/y_new[9]
    SLICE_X44Y16         LUT5 (Prop_lut5_I4_O)        0.124     9.599 r  uut/addr_out_carry_i_5/O
                         net (fo=1, routed)           0.000     9.599    uut/addr_out_carry_i_5_n_0
    SLICE_X44Y16         CARRY4 (Prop_carry4_S[2]_CO[3])
                                                      0.398     9.997 r  uut/addr_out_carry/CO[3]
                         net (fo=1, routed)           0.000     9.997    uut/addr_out_carry_n_0
    SLICE_X44Y17         CARRY4 (Prop_carry4_CI_O[1])
                                                      0.334    10.331 f  uut/addr_out_carry__0/O[1]
                         net (fo=1, routed)           0.486    10.818    uut/addr_out[12]
    SLICE_X52Y17         LUT5 (Prop_lut5_I4_O)        0.303    11.121 f  uut/uuuut_i_6/O
                         net (fo=31, routed)          1.856    12.977    uuuut/U0/inst_blk_mem_gen/gnbram.gnativebmg.native_blk_mem_gen/valid.cstr/ramloop[0].ram.r/prim_noinit.ram/addra[12]
    SLICE_X91Y9          LUT4 (Prop_lut4_I3_O)        0.124    13.101 r  uuuut/U0/inst_blk_mem_gen/gnbram.gnativebmg.native_blk_mem_gen/valid.cstr/ramloop[0].ram.r/prim_noinit.ram/DEVICE_7SERIES.NO_BMM_INFO.SDP.SIMPLE_PRIM36.ram_i_3/O
                         net (fo=2, routed)           0.278    13.378    uuuut/U0/inst_blk_mem_gen/gnbram.gnativebmg.native_blk_mem_gen/valid.cstr/ramloop[0].ram.r/prim_noinit.ram/addra_15_sn_1
    SLICE_X91Y9          LUT3 (Prop_lut3_I2_O)        0.124    13.502 r  uuuut/U0/inst_blk_mem_gen/gnbram.gnativebmg.native_blk_mem_gen/valid.cstr/ramloop[0].ram.r/prim_noinit.ram/DEVICE_7SERIES.NO_BMM_INFO.SDP.SIMPLE_PRIM36.ram_i_1__62/O
                         net (fo=1, routed)           0.485    13.987    uuuut/U0/inst_blk_mem_gen/gnbram.gnativebmg.native_blk_mem_gen/valid.cstr/ramloop[0].ram.r/prim_noinit.ram/ramloop[0].ram.ram_ena
    RAMB36_X4Y1          RAMB36E1                                     r  uuuut/U0/inst_blk_mem_gen/gnbram.gnativebmg.native_blk_mem_gen/valid.cstr/ramloop[0].ram.r/prim_noinit.ram/DEVICE_7SERIES.NO_BMM_INFO.SDP.SIMPLE_PRIM36.ram/ENARDEN
  -------------------------------------------------------------------    -------------------

                         (clock sys_clk_pin rise edge)
                                                      0.000     0.000 r  
    H16                                               0.000     0.000 r  clk_125mhz (IN)
                         net (fo=0)                   0.000     0.000    clk_125mhz
    H16                  IBUF (Prop_ibuf_I_O)         1.380     1.380 r  clk_125mhz_IBUF_inst/O
                         net (fo=1, routed)           2.293     3.673    clk_125mhz_IBUF
    BUFGCTRL_X0Y16       BUFG (Prop_bufg_I_O)         0.091     3.764 r  clk_125mhz_IBUF_BUFG_inst/O
                         net (fo=266, routed)         1.657     5.421    uuuut/U0/inst_blk_mem_gen/gnbram.gnativebmg.native_blk_mem_gen/valid.cstr/ramloop[0].ram.r/prim_noinit.ram/clka
    RAMB36_X4Y1          RAMB36E1                                     r  uuuut/U0/inst_blk_mem_gen/gnbram.gnativebmg.native_blk_mem_gen/valid.cstr/ramloop[0].ram.r/prim_noinit.ram/DEVICE_7SERIES.NO_BMM_INFO.SDP.SIMPLE_PRIM36.ram/CLKARDCLK

Slack:                    inf
  Source:                 SW[1]
                            (input port)
  Destination:            uuuut/U0/inst_blk_mem_gen/gnbram.gnativebmg.native_blk_mem_gen/valid.cstr/ramloop[21].ram.r/prim_noinit.ram/DEVICE_7SERIES.NO_BMM_INFO.SDP.SIMPLE_PRIM36.ram/ENARDEN
                            (rising edge-triggered cell RAMB36E1 clocked by sys_clk_pin  {rise@0.000ns fall@4.000ns period=8.000ns})
  Path Group:             (none)
  Path Type:              Setup (Max at Slow Process Corner)
  Data Path Delay:        13.953ns  (logic 3.178ns (22.774%)  route 10.775ns (77.226%))
  Logic Levels:           9  (CARRY4=3 IBUF=1 LUT3=1 LUT5=2 LUT6=2)
  Clock Path Skew:        5.406ns (DCD - SCD + CPR)
    Destination Clock Delay (DCD):    5.406ns
    Source Clock Delay      (SCD):    0.000ns
    Clock Pessimism Removal (CPR):    0.000ns
  Clock Uncertainty:      0.025ns  ((TSJ^2 + TIJ^2)^1/2 + DJ) / 2 + PE
    Total System Jitter     (TSJ):    0.050ns
    Total Input Jitter      (TIJ):    0.000ns
    Discrete Jitter          (DJ):    0.000ns
    Phase Error              (PE):    0.000ns

    Location             Delay type                Incr(ns)  Path(ns)    Netlist Resource(s)
  -------------------------------------------------------------------    -------------------
    M19                                               0.000     0.000 r  SW[1] (IN)
                         net (fo=0)                   0.000     0.000    SW[1]
    M19                  IBUF (Prop_ibuf_I_O)         1.533     1.533 r  SW_IBUF[1]_inst/O
                         net (fo=34, routed)          7.405     8.938    uut/SW_IBUF[1]
    SLICE_X47Y16         LUT6 (Prop_lut6_I2_O)        0.124     9.062 r  uut/addr_out_carry_i_9/O
                         net (fo=1, routed)           0.414     9.475    uut/y_new[9]
    SLICE_X44Y16         LUT5 (Prop_lut5_I4_O)        0.124     9.599 r  uut/addr_out_carry_i_5/O
                         net (fo=1, routed)           0.000     9.599    uut/addr_out_carry_i_5_n_0
    SLICE_X44Y16         CARRY4 (Prop_carry4_S[2]_CO[3])
                                                      0.398     9.997 r  uut/addr_out_carry/CO[3]
                         net (fo=1, routed)           0.000     9.997    uut/addr_out_carry_n_0
    SLICE_X44Y17         CARRY4 (Prop_carry4_CI_CO[3])
                                                      0.114    10.111 r  uut/addr_out_carry__0/CO[3]
                         net (fo=1, routed)           0.000    10.111    uut/addr_out_carry__0_n_0
    SLICE_X44Y18         CARRY4 (Prop_carry4_CI_O[1])
                                                      0.334    10.445 r  uut/addr_out_carry__1/O[1]
                         net (fo=1, routed)           0.292    10.738    uut/addr_out[16]
    SLICE_X47Y18         LUT5 (Prop_lut5_I4_O)        0.303    11.041 r  uut/uuuut_i_2/O
                         net (fo=8, routed)           0.472    11.513    uuuut/U0/inst_blk_mem_gen/gnbram.gnativebmg.native_blk_mem_gen/valid.cstr/ramloop[31].ram.r/prim_noinit.ram/addra[16]
    SLICE_X47Y18         LUT3 (Prop_lut3_I0_O)        0.124    11.637 r  uuuut/U0/inst_blk_mem_gen/gnbram.gnativebmg.native_blk_mem_gen/valid.cstr/ramloop[31].ram.r/prim_noinit.ram/DEVICE_7SERIES.NO_BMM_INFO.SDP.SIMPLE_PRIM36.ram_i_3__1/O
                         net (fo=15, routed)          1.851    13.488    uuuut/U0/inst_blk_mem_gen/gnbram.gnativebmg.native_blk_mem_gen/valid.cstr/ramloop[21].ram.r/prim_noinit.ram/DEVICE_7SERIES.NO_BMM_INFO.SDP.SIMPLE_PRIM36.ram_1
    SLICE_X90Y22         LUT6 (Prop_lut6_I0_O)        0.124    13.612 r  uuuut/U0/inst_blk_mem_gen/gnbram.gnativebmg.native_blk_mem_gen/valid.cstr/ramloop[21].ram.r/prim_noinit.ram/DEVICE_7SERIES.NO_BMM_INFO.SDP.SIMPLE_PRIM36.ram_i_1__32/O
                         net (fo=1, routed)           0.341    13.953    uuuut/U0/inst_blk_mem_gen/gnbram.gnativebmg.native_blk_mem_gen/valid.cstr/ramloop[21].ram.r/prim_noinit.ram/ramloop[21].ram.ram_ena
    RAMB36_X4Y4          RAMB36E1                                     r  uuuut/U0/inst_blk_mem_gen/gnbram.gnativebmg.native_blk_mem_gen/valid.cstr/ramloop[21].ram.r/prim_noinit.ram/DEVICE_7SERIES.NO_BMM_INFO.SDP.SIMPLE_PRIM36.ram/ENARDEN
  -------------------------------------------------------------------    -------------------

                         (clock sys_clk_pin rise edge)
                                                      0.000     0.000 r  
    H16                                               0.000     0.000 r  clk_125mhz (IN)
                         net (fo=0)                   0.000     0.000    clk_125mhz
    H16                  IBUF (Prop_ibuf_I_O)         1.380     1.380 r  clk_125mhz_IBUF_inst/O
                         net (fo=1, routed)           2.293     3.673    clk_125mhz_IBUF
    BUFGCTRL_X0Y16       BUFG (Prop_bufg_I_O)         0.091     3.764 r  clk_125mhz_IBUF_BUFG_inst/O
                         net (fo=266, routed)         1.642     5.406    uuuut/U0/inst_blk_mem_gen/gnbram.gnativebmg.native_blk_mem_gen/valid.cstr/ramloop[21].ram.r/prim_noinit.ram/clka
    RAMB36_X4Y4          RAMB36E1                                     r  uuuut/U0/inst_blk_mem_gen/gnbram.gnativebmg.native_blk_mem_gen/valid.cstr/ramloop[21].ram.r/prim_noinit.ram/DEVICE_7SERIES.NO_BMM_INFO.SDP.SIMPLE_PRIM36.ram/CLKARDCLK





Min Delay Paths
--------------------------------------------------------------------------------------
Slack:                    inf
  Source:                 BTN1
                            (input port)
  Destination:            tx/ticks_counter_reg[10]/CLR
                            (removal check against rising-edge clock sys_clk_pin  {rise@0.000ns fall@4.000ns period=8.000ns})
  Path Group:             (none)
  Path Type:              Removal (Min at Fast Process Corner)
  Data Path Delay:        2.477ns  (logic 0.232ns (9.360%)  route 2.246ns (90.640%))
  Logic Levels:           1  (IBUF=1)
  Clock Path Skew:        2.167ns (DCD - SCD - CPR)
    Destination Clock Delay (DCD):    2.167ns
    Source Clock Delay      (SCD):    0.000ns
    Clock Pessimism Removal (CPR):    -0.000ns

    Location             Delay type                Incr(ns)  Path(ns)    Netlist Resource(s)
  -------------------------------------------------------------------    -------------------
    D20                                               0.000     0.000 f  BTN1 (IN)
                         net (fo=0)                   0.000     0.000    BTN1
    D20                  IBUF (Prop_ibuf_I_O)         0.232     0.232 f  BTN1_IBUF_inst/O
                         net (fo=103, routed)         2.246     2.477    tx/AR[0]
    SLICE_X38Y50         FDCE                                         f  tx/ticks_counter_reg[10]/CLR
  -------------------------------------------------------------------    -------------------

                         (clock sys_clk_pin rise edge)
                                                      0.000     0.000 r  
    H16                                               0.000     0.000 r  clk_125mhz (IN)
                         net (fo=0)                   0.000     0.000    clk_125mhz
    H16                  IBUF (Prop_ibuf_I_O)         0.406     0.406 r  clk_125mhz_IBUF_inst/O
                         net (fo=1, routed)           0.907     1.313    clk_125mhz_IBUF
    BUFGCTRL_X0Y16       BUFG (Prop_bufg_I_O)         0.029     1.342 r  clk_125mhz_IBUF_BUFG_inst/O
                         net (fo=266, routed)         0.825     2.167    tx/clk_125mhz_IBUF_BUFG
    SLICE_X38Y50         FDCE                                         r  tx/ticks_counter_reg[10]/C

Slack:                    inf
  Source:                 BTN1
                            (input port)
  Destination:            tx/ticks_counter_reg[6]/CLR
                            (removal check against rising-edge clock sys_clk_pin  {rise@0.000ns fall@4.000ns period=8.000ns})
  Path Group:             (none)
  Path Type:              Removal (Min at Fast Process Corner)
  Data Path Delay:        2.477ns  (logic 0.232ns (9.360%)  route 2.246ns (90.640%))
  Logic Levels:           1  (IBUF=1)
  Clock Path Skew:        2.167ns (DCD - SCD - CPR)
    Destination Clock Delay (DCD):    2.167ns
    Source Clock Delay      (SCD):    0.000ns
    Clock Pessimism Removal (CPR):    -0.000ns

    Location             Delay type                Incr(ns)  Path(ns)    Netlist Resource(s)
  -------------------------------------------------------------------    -------------------
    D20                                               0.000     0.000 f  BTN1 (IN)
                         net (fo=0)                   0.000     0.000    BTN1
    D20                  IBUF (Prop_ibuf_I_O)         0.232     0.232 f  BTN1_IBUF_inst/O
                         net (fo=103, routed)         2.246     2.477    tx/AR[0]
    SLICE_X38Y50         FDCE                                         f  tx/ticks_counter_reg[6]/CLR
  -------------------------------------------------------------------    -------------------

                         (clock sys_clk_pin rise edge)
                                                      0.000     0.000 r  
    H16                                               0.000     0.000 r  clk_125mhz (IN)
                         net (fo=0)                   0.000     0.000    clk_125mhz
    H16                  IBUF (Prop_ibuf_I_O)         0.406     0.406 r  clk_125mhz_IBUF_inst/O
                         net (fo=1, routed)           0.907     1.313    clk_125mhz_IBUF
    BUFGCTRL_X0Y16       BUFG (Prop_bufg_I_O)         0.029     1.342 r  clk_125mhz_IBUF_BUFG_inst/O
                         net (fo=266, routed)         0.825     2.167    tx/clk_125mhz_IBUF_BUFG
    SLICE_X38Y50         FDCE                                         r  tx/ticks_counter_reg[6]/C

Slack:                    inf
  Source:                 BTN1
                            (input port)
  Destination:            tx/ticks_counter_reg[7]/CLR
                            (removal check against rising-edge clock sys_clk_pin  {rise@0.000ns fall@4.000ns period=8.000ns})
  Path Group:             (none)
  Path Type:              Removal (Min at Fast Process Corner)
  Data Path Delay:        2.477ns  (logic 0.232ns (9.360%)  route 2.246ns (90.640%))
  Logic Levels:           1  (IBUF=1)
  Clock Path Skew:        2.167ns (DCD - SCD - CPR)
    Destination Clock Delay (DCD):    2.167ns
    Source Clock Delay      (SCD):    0.000ns
    Clock Pessimism Removal (CPR):    -0.000ns

    Location             Delay type                Incr(ns)  Path(ns)    Netlist Resource(s)
  -------------------------------------------------------------------    -------------------
    D20                                               0.000     0.000 f  BTN1 (IN)
                         net (fo=0)                   0.000     0.000    BTN1
    D20                  IBUF (Prop_ibuf_I_O)         0.232     0.232 f  BTN1_IBUF_inst/O
                         net (fo=103, routed)         2.246     2.477    tx/AR[0]
    SLICE_X38Y50         FDCE                                         f  tx/ticks_counter_reg[7]/CLR
  -------------------------------------------------------------------    -------------------

                         (clock sys_clk_pin rise edge)
                                                      0.000     0.000 r  
    H16                                               0.000     0.000 r  clk_125mhz (IN)
                         net (fo=0)                   0.000     0.000    clk_125mhz
    H16                  IBUF (Prop_ibuf_I_O)         0.406     0.406 r  clk_125mhz_IBUF_inst/O
                         net (fo=1, routed)           0.907     1.313    clk_125mhz_IBUF
    BUFGCTRL_X0Y16       BUFG (Prop_bufg_I_O)         0.029     1.342 r  clk_125mhz_IBUF_BUFG_inst/O
                         net (fo=266, routed)         0.825     2.167    tx/clk_125mhz_IBUF_BUFG
    SLICE_X38Y50         FDCE                                         r  tx/ticks_counter_reg[7]/C

Slack:                    inf
  Source:                 BTN1
                            (input port)
  Destination:            tx/ticks_counter_reg[8]/CLR
                            (removal check against rising-edge clock sys_clk_pin  {rise@0.000ns fall@4.000ns period=8.000ns})
  Path Group:             (none)
  Path Type:              Removal (Min at Fast Process Corner)
  Data Path Delay:        2.477ns  (logic 0.232ns (9.360%)  route 2.246ns (90.640%))
  Logic Levels:           1  (IBUF=1)
  Clock Path Skew:        2.167ns (DCD - SCD - CPR)
    Destination Clock Delay (DCD):    2.167ns
    Source Clock Delay      (SCD):    0.000ns
    Clock Pessimism Removal (CPR):    -0.000ns

    Location             Delay type                Incr(ns)  Path(ns)    Netlist Resource(s)
  -------------------------------------------------------------------    -------------------
    D20                                               0.000     0.000 f  BTN1 (IN)
                         net (fo=0)                   0.000     0.000    BTN1
    D20                  IBUF (Prop_ibuf_I_O)         0.232     0.232 f  BTN1_IBUF_inst/O
                         net (fo=103, routed)         2.246     2.477    tx/AR[0]
    SLICE_X38Y50         FDCE                                         f  tx/ticks_counter_reg[8]/CLR
  -------------------------------------------------------------------    -------------------

                         (clock sys_clk_pin rise edge)
                                                      0.000     0.000 r  
    H16                                               0.000     0.000 r  clk_125mhz (IN)
                         net (fo=0)                   0.000     0.000    clk_125mhz
    H16                  IBUF (Prop_ibuf_I_O)         0.406     0.406 r  clk_125mhz_IBUF_inst/O
                         net (fo=1, routed)           0.907     1.313    clk_125mhz_IBUF
    BUFGCTRL_X0Y16       BUFG (Prop_bufg_I_O)         0.029     1.342 r  clk_125mhz_IBUF_BUFG_inst/O
                         net (fo=266, routed)         0.825     2.167    tx/clk_125mhz_IBUF_BUFG
    SLICE_X38Y50         FDCE                                         r  tx/ticks_counter_reg[8]/C

Slack:                    inf
  Source:                 BTN1
                            (input port)
  Destination:            tx/ticks_counter_reg[9]/CLR
                            (removal check against rising-edge clock sys_clk_pin  {rise@0.000ns fall@4.000ns period=8.000ns})
  Path Group:             (none)
  Path Type:              Removal (Min at Fast Process Corner)
  Data Path Delay:        2.477ns  (logic 0.232ns (9.360%)  route 2.246ns (90.640%))
  Logic Levels:           1  (IBUF=1)
  Clock Path Skew:        2.167ns (DCD - SCD - CPR)
    Destination Clock Delay (DCD):    2.167ns
    Source Clock Delay      (SCD):    0.000ns
    Clock Pessimism Removal (CPR):    -0.000ns

    Location             Delay type                Incr(ns)  Path(ns)    Netlist Resource(s)
  -------------------------------------------------------------------    -------------------
    D20                                               0.000     0.000 f  BTN1 (IN)
                         net (fo=0)                   0.000     0.000    BTN1
    D20                  IBUF (Prop_ibuf_I_O)         0.232     0.232 f  BTN1_IBUF_inst/O
                         net (fo=103, routed)         2.246     2.477    tx/AR[0]
    SLICE_X38Y50         FDCE                                         f  tx/ticks_counter_reg[9]/CLR
  -------------------------------------------------------------------    -------------------

                         (clock sys_clk_pin rise edge)
                                                      0.000     0.000 r  
    H16                                               0.000     0.000 r  clk_125mhz (IN)
                         net (fo=0)                   0.000     0.000    clk_125mhz
    H16                  IBUF (Prop_ibuf_I_O)         0.406     0.406 r  clk_125mhz_IBUF_inst/O
                         net (fo=1, routed)           0.907     1.313    clk_125mhz_IBUF
    BUFGCTRL_X0Y16       BUFG (Prop_bufg_I_O)         0.029     1.342 r  clk_125mhz_IBUF_BUFG_inst/O
                         net (fo=266, routed)         0.825     2.167    tx/clk_125mhz_IBUF_BUFG
    SLICE_X38Y50         FDCE                                         r  tx/ticks_counter_reg[9]/C

Slack:                    inf
  Source:                 BTN1
                            (input port)
  Destination:            tx/ticks_counter_reg[0]/CLR
                            (removal check against rising-edge clock sys_clk_pin  {rise@0.000ns fall@4.000ns period=8.000ns})
  Path Group:             (none)
  Path Type:              Removal (Min at Fast Process Corner)
  Data Path Delay:        2.514ns  (logic 0.232ns (9.222%)  route 2.283ns (90.778%))
  Logic Levels:           1  (IBUF=1)
  Clock Path Skew:        2.172ns (DCD - SCD - CPR)
    Destination Clock Delay (DCD):    2.172ns
    Source Clock Delay      (SCD):    0.000ns
    Clock Pessimism Removal (CPR):    -0.000ns

    Location             Delay type                Incr(ns)  Path(ns)    Netlist Resource(s)
  -------------------------------------------------------------------    -------------------
    D20                                               0.000     0.000 f  BTN1 (IN)
                         net (fo=0)                   0.000     0.000    BTN1
    D20                  IBUF (Prop_ibuf_I_O)         0.232     0.232 f  BTN1_IBUF_inst/O
                         net (fo=103, routed)         2.283     2.514    tx/AR[0]
    SLICE_X38Y49         FDCE                                         f  tx/ticks_counter_reg[0]/CLR
  -------------------------------------------------------------------    -------------------

                         (clock sys_clk_pin rise edge)
                                                      0.000     0.000 r  
    H16                                               0.000     0.000 r  clk_125mhz (IN)
                         net (fo=0)                   0.000     0.000    clk_125mhz
    H16                  IBUF (Prop_ibuf_I_O)         0.406     0.406 r  clk_125mhz_IBUF_inst/O
                         net (fo=1, routed)           0.907     1.313    clk_125mhz_IBUF
    BUFGCTRL_X0Y16       BUFG (Prop_bufg_I_O)         0.029     1.342 r  clk_125mhz_IBUF_BUFG_inst/O
                         net (fo=266, routed)         0.830     2.172    tx/clk_125mhz_IBUF_BUFG
    SLICE_X38Y49         FDCE                                         r  tx/ticks_counter_reg[0]/C

Slack:                    inf
  Source:                 BTN1
                            (input port)
  Destination:            tx/ticks_counter_reg[1]/CLR
                            (removal check against rising-edge clock sys_clk_pin  {rise@0.000ns fall@4.000ns period=8.000ns})
  Path Group:             (none)
  Path Type:              Removal (Min at Fast Process Corner)
  Data Path Delay:        2.514ns  (logic 0.232ns (9.222%)  route 2.283ns (90.778%))
  Logic Levels:           1  (IBUF=1)
  Clock Path Skew:        2.172ns (DCD - SCD - CPR)
    Destination Clock Delay (DCD):    2.172ns
    Source Clock Delay      (SCD):    0.000ns
    Clock Pessimism Removal (CPR):    -0.000ns

    Location             Delay type                Incr(ns)  Path(ns)    Netlist Resource(s)
  -------------------------------------------------------------------    -------------------
    D20                                               0.000     0.000 f  BTN1 (IN)
                         net (fo=0)                   0.000     0.000    BTN1
    D20                  IBUF (Prop_ibuf_I_O)         0.232     0.232 f  BTN1_IBUF_inst/O
                         net (fo=103, routed)         2.283     2.514    tx/AR[0]
    SLICE_X38Y49         FDCE                                         f  tx/ticks_counter_reg[1]/CLR
  -------------------------------------------------------------------    -------------------

                         (clock sys_clk_pin rise edge)
                                                      0.000     0.000 r  
    H16                                               0.000     0.000 r  clk_125mhz (IN)
                         net (fo=0)                   0.000     0.000    clk_125mhz
    H16                  IBUF (Prop_ibuf_I_O)         0.406     0.406 r  clk_125mhz_IBUF_inst/O
                         net (fo=1, routed)           0.907     1.313    clk_125mhz_IBUF
    BUFGCTRL_X0Y16       BUFG (Prop_bufg_I_O)         0.029     1.342 r  clk_125mhz_IBUF_BUFG_inst/O
                         net (fo=266, routed)         0.830     2.172    tx/clk_125mhz_IBUF_BUFG
    SLICE_X38Y49         FDCE                                         r  tx/ticks_counter_reg[1]/C

Slack:                    inf
  Source:                 BTN1
                            (input port)
  Destination:            tx/ticks_counter_reg[2]/CLR
                            (removal check against rising-edge clock sys_clk_pin  {rise@0.000ns fall@4.000ns period=8.000ns})
  Path Group:             (none)
  Path Type:              Removal (Min at Fast Process Corner)
  Data Path Delay:        2.514ns  (logic 0.232ns (9.222%)  route 2.283ns (90.778%))
  Logic Levels:           1  (IBUF=1)
  Clock Path Skew:        2.172ns (DCD - SCD - CPR)
    Destination Clock Delay (DCD):    2.172ns
    Source Clock Delay      (SCD):    0.000ns
    Clock Pessimism Removal (CPR):    -0.000ns

    Location             Delay type                Incr(ns)  Path(ns)    Netlist Resource(s)
  -------------------------------------------------------------------    -------------------
    D20                                               0.000     0.000 f  BTN1 (IN)
                         net (fo=0)                   0.000     0.000    BTN1
    D20                  IBUF (Prop_ibuf_I_O)         0.232     0.232 f  BTN1_IBUF_inst/O
                         net (fo=103, routed)         2.283     2.514    tx/AR[0]
    SLICE_X39Y49         FDCE                                         f  tx/ticks_counter_reg[2]/CLR
  -------------------------------------------------------------------    -------------------

                         (clock sys_clk_pin rise edge)
                                                      0.000     0.000 r  
    H16                                               0.000     0.000 r  clk_125mhz (IN)
                         net (fo=0)                   0.000     0.000    clk_125mhz
    H16                  IBUF (Prop_ibuf_I_O)         0.406     0.406 r  clk_125mhz_IBUF_inst/O
                         net (fo=1, routed)           0.907     1.313    clk_125mhz_IBUF
    BUFGCTRL_X0Y16       BUFG (Prop_bufg_I_O)         0.029     1.342 r  clk_125mhz_IBUF_BUFG_inst/O
                         net (fo=266, routed)         0.830     2.172    tx/clk_125mhz_IBUF_BUFG
    SLICE_X39Y49         FDCE                                         r  tx/ticks_counter_reg[2]/C

Slack:                    inf
  Source:                 BTN1
                            (input port)
  Destination:            tx/ticks_counter_reg[3]/CLR
                            (removal check against rising-edge clock sys_clk_pin  {rise@0.000ns fall@4.000ns period=8.000ns})
  Path Group:             (none)
  Path Type:              Removal (Min at Fast Process Corner)
  Data Path Delay:        2.514ns  (logic 0.232ns (9.222%)  route 2.283ns (90.778%))
  Logic Levels:           1  (IBUF=1)
  Clock Path Skew:        2.172ns (DCD - SCD - CPR)
    Destination Clock Delay (DCD):    2.172ns
    Source Clock Delay      (SCD):    0.000ns
    Clock Pessimism Removal (CPR):    -0.000ns

    Location             Delay type                Incr(ns)  Path(ns)    Netlist Resource(s)
  -------------------------------------------------------------------    -------------------
    D20                                               0.000     0.000 f  BTN1 (IN)
                         net (fo=0)                   0.000     0.000    BTN1
    D20                  IBUF (Prop_ibuf_I_O)         0.232     0.232 f  BTN1_IBUF_inst/O
                         net (fo=103, routed)         2.283     2.514    tx/AR[0]
    SLICE_X39Y49         FDCE                                         f  tx/ticks_counter_reg[3]/CLR
  -------------------------------------------------------------------    -------------------

                         (clock sys_clk_pin rise edge)
                                                      0.000     0.000 r  
    H16                                               0.000     0.000 r  clk_125mhz (IN)
                         net (fo=0)                   0.000     0.000    clk_125mhz
    H16                  IBUF (Prop_ibuf_I_O)         0.406     0.406 r  clk_125mhz_IBUF_inst/O
                         net (fo=1, routed)           0.907     1.313    clk_125mhz_IBUF
    BUFGCTRL_X0Y16       BUFG (Prop_bufg_I_O)         0.029     1.342 r  clk_125mhz_IBUF_BUFG_inst/O
                         net (fo=266, routed)         0.830     2.172    tx/clk_125mhz_IBUF_BUFG
    SLICE_X39Y49         FDCE                                         r  tx/ticks_counter_reg[3]/C

Slack:                    inf
  Source:                 BTN1
                            (input port)
  Destination:            tx/ticks_counter_reg[4]/CLR
                            (removal check against rising-edge clock sys_clk_pin  {rise@0.000ns fall@4.000ns period=8.000ns})
  Path Group:             (none)
  Path Type:              Removal (Min at Fast Process Corner)
  Data Path Delay:        2.514ns  (logic 0.232ns (9.222%)  route 2.283ns (90.778%))
  Logic Levels:           1  (IBUF=1)
  Clock Path Skew:        2.172ns (DCD - SCD - CPR)
    Destination Clock Delay (DCD):    2.172ns
    Source Clock Delay      (SCD):    0.000ns
    Clock Pessimism Removal (CPR):    -0.000ns

    Location             Delay type                Incr(ns)  Path(ns)    Netlist Resource(s)
  -------------------------------------------------------------------    -------------------
    D20                                               0.000     0.000 f  BTN1 (IN)
                         net (fo=0)                   0.000     0.000    BTN1
    D20                  IBUF (Prop_ibuf_I_O)         0.232     0.232 f  BTN1_IBUF_inst/O
                         net (fo=103, routed)         2.283     2.514    tx/AR[0]
    SLICE_X39Y49         FDCE                                         f  tx/ticks_counter_reg[4]/CLR
  -------------------------------------------------------------------    -------------------

                         (clock sys_clk_pin rise edge)
                                                      0.000     0.000 r  
    H16                                               0.000     0.000 r  clk_125mhz (IN)
                         net (fo=0)                   0.000     0.000    clk_125mhz
    H16                  IBUF (Prop_ibuf_I_O)         0.406     0.406 r  clk_125mhz_IBUF_inst/O
                         net (fo=1, routed)           0.907     1.313    clk_125mhz_IBUF
    BUFGCTRL_X0Y16       BUFG (Prop_bufg_I_O)         0.029     1.342 r  clk_125mhz_IBUF_BUFG_inst/O
                         net (fo=266, routed)         0.830     2.172    tx/clk_125mhz_IBUF_BUFG
    SLICE_X39Y49         FDCE                                         r  tx/ticks_counter_reg[4]/C





