memory_initialization_radix=16;
memory_initialization_vector=
67,67,67,66,66,65,65,64,63,63,63,64,64,64,64,64,
63,63,5E,5C,5E,5E,5D,5E,5E,63,6A,6F,75,7C,86,8D,
90,94,99,9D,9F,9F,9F,9F,A2,A2,A2,A1,A0,A1,A2,A3,
A2,A1,A1,A3,A8,AB,A8,A3,98,8E,85,7F,79,73,6D,67,
5F,5A,53,50,4F,50,52,54,52,53,54,56,59,5C,5D,5E,
5E,5E,5E,5F,5F,60,60,60,61,61,61,61,61,61,61,61,
60,60,62,63,64,65,67,68,69,6A,6A,6A,69,69,69,6A,
6C,6D,6E,6E,6D,6D,6D,6D,6D,6E,73,89,B0,C4,BA,B5,
B2,A8,9B,8D,7F,72,67,61,63,62,61,63,66,69,6A,6A,
6B,6A,68,67,67,68,6A,6B,6F,70,70,71,70,71,72,73,
74,75,76,77,77,78,78,78,77,77,77,76,77,78,7A,7B,
7A,7F,84,86,86,84,81,7E,7F,81,83,83,82,7E,79,75,
70,73,76,7A,81,88,8E,95,9F,A4,A8,A9,A9,AB,AD,AD,
AA,A7,A3,A0,9F,A1,A4,A7,A7,A8,A9,A8,A8,AA,AD,B0,
B2,B2,B3,B3,B3,B3,B2,B2,B2,B3,B4,B6,B6,B7,B6,B6,
B7,B8,B9,BA,B9,B8,B8,B9,B9,BA,BB,BC,BC,BC,BC,BC,
BC,BE,C0,C2,C2,C1,C0,C0,C0,C0,C0,C1,C1,C1,C2,C2,
C5,C5,C5,C5,C4,C4,C4,C5,C6,C6,C6,C7,C7,C7,C7,C6,
C7,C8,C8,C5,C4,C5,C6,C6,CA,CB,CC,CB,CA,C9,C8,C8,
C8,C9,CA,CA,CA,CA,CB,CC,CC,CC,CC,CC,CC,CB,CB,CB,
CC,CE,D0,D3,D5,D4,D3,D1,D5,D7,D8,D1,BD,9F,83,73,
77,7C,80,85,8D,93,95,97,99,9B,99,98,9C,9C,9A,98,
96,97,98,9A,9A,97,92,8D,87,85,84,7D,76,6D,59,4C,
41,3D,38,37,39,43,5B,75,98,B2,C8,CB,C4,C0,BC,B7,
B0,B4,BA,C0,C6,CB,D0,D2,D4,D4,D5,D4,D3,D2,D0,CF,
CE,CD,CD,CD,CE,CF,D0,D1,D0,D2,D4,D5,D8,DA,DA,D9,
D0,C1,AC,83,47,27,2C,2A,2B,2B,2C,2E,32,35,38,39,
38,37,36,34,32,30,2F,2E,2E,2F,2F,2F,2F,2F,2F,2F,
2E,2F,31,34,36,36,34,33,32,33,33,30,2E,2D,2F,30,
2C,36,49,5E,71,7F,88,8C,8F,91,94,96,97,97,97,97,
99,9A,9C,9D,9E,9E,A0,A1,A0,A0,A0,A0,9F,9F,9F,9F,
9E,9E,9E,9E,9D,9D,9C,9C,9C,9B,9B,9A,9A,9B,9B,9C,
69,68,68,67,67,66,66,66,64,65,65,65,65,65,65,66,
64,64,60,5E,60,5F,5E,5F,62,67,6E,74,79,81,8A,91,
90,94,9A,9E,9F,9F,9F,A0,A2,A2,A2,A1,A0,A1,A2,A3,
A3,A2,A2,A4,A9,AC,A9,A4,99,8E,85,7F,79,74,6D,67,
60,5A,54,51,50,50,52,54,53,53,54,57,5A,5D,5E,5F,
5E,5F,5F,5F,60,60,60,60,61,61,61,61,61,61,61,61,
60,61,62,63,64,65,67,68,69,69,6A,6A,69,69,6A,6A,
6C,6D,6E,6E,6E,6D,6C,6C,6D,6F,77,8F,B7,CA,BE,B7,
B2,A8,9B,8D,80,72,67,62,63,62,61,63,66,69,6A,69,
69,68,67,67,67,69,6B,6C,6F,70,71,71,70,71,72,73,
75,75,76,77,78,78,78,78,78,77,77,77,78,79,7B,7B,
7E,82,86,88,87,87,84,82,82,83,83,82,7E,78,72,6E,
6B,72,7A,82,8C,91,94,99,9F,A4,A9,AB,AA,AA,AA,A9,
A8,A6,A3,A1,9F,A1,A3,A6,A8,A8,A8,A7,A8,AB,AF,B2,
B3,B3,B4,B4,B4,B4,B4,B3,B3,B4,B5,B6,B7,B7,B6,B6,
B7,B8,B9,B9,B8,B8,B9,BA,BA,BC,BD,BD,BC,BB,BA,BA,
BB,BD,BF,C1,C1,C0,C0,BF,BF,BF,C0,C0,C1,C1,C2,C2,
C4,C4,C4,C4,C3,C3,C3,C4,C5,C5,C5,C6,C6,C6,C5,C5,
C8,C9,C8,C5,C4,C5,C6,C7,CA,CB,CB,CA,C8,C6,C5,C4,
C7,C7,C8,C8,C8,C9,C9,CA,CB,CB,CB,CB,CB,CB,CA,CA,
CC,CD,CF,D1,D2,D1,D0,CE,D1,D5,D8,D5,C6,AD,95,86,
84,85,84,86,8D,90,92,95,99,9B,99,98,9C,9D,9A,9A,
99,98,97,97,98,96,92,8E,86,82,81,79,71,66,53,48,
43,44,45,4D,59,6A,81,98,AF,BD,C9,C7,C1,BF,BD,BA,
B7,BB,C0,C6,CB,CF,D2,D4,D4,D4,D4,D3,D2,D0,CF,CE,
CD,CD,CD,CD,CD,CF,D0,D1,D1,D3,D4,D5,D8,DA,DA,D9,
D4,C3,AA,81,47,29,2C,2A,2C,2C,2D,2F,33,36,38,39,
38,37,36,34,32,30,2F,2E,2E,2E,2F,2F,2F,2F,2F,2F,
2E,2F,31,34,35,34,32,31,31,32,31,2E,2C,2C,30,34,
33,3F,53,68,79,84,8A,8C,91,93,95,97,97,97,97,97,
99,9A,9C,9D,9D,9E,9F,A0,A0,A0,A0,9F,9F,9F,9F,9F,
9D,9D,9D,9D,9D,9C,9C,9B,9C,9B,9B,9A,9A,9B,9B,9C,
69,69,68,68,67,67,67,66,65,65,65,65,66,66,66,66,
65,64,60,5E,60,60,5E,5F,62,68,6F,75,7B,82,8B,91,
90,95,9A,9E,A0,A0,A0,A0,A3,A2,A2,A1,A1,A1,A2,A3,
A3,A3,A3,A6,AB,AE,AB,A6,9A,8F,86,80,7A,74,6E,67,
60,5B,54,51,50,51,53,55,54,54,56,58,5C,5E,60,60,
5F,5F,5F,60,60,60,60,60,61,61,61,61,61,61,61,61,
60,61,62,63,64,65,66,68,68,69,6A,6A,69,69,6A,6B,
6C,6D,6F,6F,6E,6D,6B,6B,6C,6F,7A,94,BD,CE,BF,B5,
B1,A8,9A,8D,80,72,68,62,64,62,61,63,66,69,69,69,
66,66,66,67,68,6B,6D,6E,71,71,71,71,71,71,72,73,
75,75,76,77,77,78,78,78,78,78,78,78,79,7A,7B,7C,
81,84,86,87,88,88,88,86,85,84,82,7F,79,72,6C,69,
67,72,7F,8B,96,99,99,9B,9D,A3,A9,AB,AA,A7,A5,A3,
A2,A2,A2,A2,A2,A3,A6,A8,A9,A8,A6,A6,A9,AD,B2,B5,
B3,B4,B5,B5,B5,B5,B5,B5,B5,B5,B6,B7,B7,B7,B6,B6,
B7,B7,B7,B7,B7,B8,B9,BA,BC,BD,BF,BE,BB,B8,B7,B7,
BA,BB,BD,BF,BF,BE,BE,BE,BE,BE,BF,C0,C1,C1,C1,C2,
C2,C3,C3,C2,C1,C1,C2,C2,C3,C3,C4,C4,C4,C4,C4,C4,
C9,C9,C8,C6,C6,C7,C7,C7,C9,C9,C8,C7,C4,C2,C0,C0,
C5,C5,C6,C7,C7,C7,C8,C9,C9,C9,C9,C9,C9,C9,CA,CA,
CC,CC,CD,CE,CE,CE,CD,CC,CE,D3,D8,D8,D0,C0,AD,9F,
97,93,8C,8B,8D,8D,8E,92,99,9B,99,98,9B,9C,9B,9B,
9C,98,95,95,95,95,92,8E,87,80,7C,74,6B,5F,4F,48,
46,51,62,78,91,A5,B6,C2,C6,C7,C4,BE,BA,BA,BB,BB,
C1,C4,C9,CE,D1,D3,D5,D5,D3,D3,D3,D2,D1,CF,CE,CD,
CC,CC,CC,CC,CD,CF,D0,D1,D3,D4,D5,D6,D8,DA,DA,D9,
D7,C3,A4,7B,47,2B,2D,2C,2D,2D,2E,30,34,37,39,39,
38,37,35,33,32,30,2F,2E,2E,2E,2E,2F,2F,2F,2F,2F,
2D,2F,31,34,35,33,30,2E,2F,2F,2F,2C,2A,2D,35,3C,
41,4E,62,75,84,8C,8E,8F,93,95,97,98,98,97,97,97,
99,9A,9C,9D,9D,9E,9F,A0,A0,A0,A0,9F,9F,9F,9F,9E,
9D,9D,9D,9D,9C,9C,9B,9B,9C,9B,9B,9A,9A,9B,9B,9C,
68,68,68,67,67,66,66,66,64,64,65,65,65,66,66,66,
64,63,5F,5D,5F,5F,5D,5E,60,66,6E,74,7A,80,89,8F,
91,95,9B,9F,A1,A1,A1,A1,A3,A3,A3,A2,A1,A1,A2,A3,
A4,A4,A4,A7,AC,AF,AC,A8,9B,91,88,82,7C,76,6F,68,
60,5B,54,51,50,51,52,54,54,55,57,5A,5D,60,61,61,
60,60,60,60,60,60,60,60,61,61,61,61,61,61,61,61,
61,62,63,63,64,65,66,67,68,69,69,6A,69,6A,6A,6B,
6B,6D,6F,70,6F,6D,6A,69,6B,71,7E,99,C1,CF,BD,B1,
AF,A6,99,8C,7F,73,68,63,64,63,61,63,66,68,69,68,
66,66,66,68,6A,6E,71,72,73,73,73,72,72,72,73,74,
74,75,75,76,76,77,77,78,78,78,78,78,79,7A,7C,7D,
81,83,84,85,86,88,89,88,87,84,80,7A,74,6E,6C,6B,
6F,7C,88,93,9B,9D,9B,9C,9E,A2,A6,A7,A5,A2,9F,9E,
A1,A2,A3,A4,A4,A4,A6,A7,A5,A5,A5,A7,AB,B0,B5,B8,
B3,B4,B5,B5,B6,B6,B5,B5,B6,B6,B7,B8,B8,B7,B6,B6,
B7,B7,B6,B6,B6,B7,B9,BA,BB,BD,BE,BC,B8,B5,B3,B3,
B8,B9,BB,BC,BC,BC,BC,BC,BC,BD,BE,C0,C1,C1,C1,C1,
C1,C1,C1,C1,C0,C0,C0,C1,C2,C2,C2,C3,C3,C3,C2,C2,
C6,C7,C8,C8,C9,C9,C9,C7,C6,C4,C1,C0,BE,BC,BC,BD,
C3,C4,C5,C5,C5,C6,C7,C7,C8,C8,C8,C8,C9,C9,C9,C9,
CC,CC,CC,CC,CD,CD,CC,CC,CD,D2,D6,D7,D5,CD,C0,B5,
AC,A3,98,92,90,8B,8B,90,98,9A,98,97,9A,9B,9B,9C,
9C,98,94,93,94,93,90,8D,89,7F,79,71,69,60,55,55,
59,6B,83,9D,B6,C5,CA,CC,C8,C2,BB,B6,B6,B9,BD,C0,
C9,CC,D1,D4,D5,D5,D4,D4,D2,D2,D2,D1,D0,CE,CD,CC,
CC,CC,CC,CC,CD,CF,D0,D1,D4,D5,D6,D7,D9,DB,DB,DA,
D7,C2,9D,72,44,2C,2D,2E,2F,2F,2F,31,34,37,38,39,
37,37,35,33,31,30,2F,2E,2E,2E,2E,2F,2F,2F,2E,2E,
2D,2F,32,34,35,33,30,2D,2C,2C,2B,29,2A,30,3E,49,
53,5F,70,80,8B,92,94,93,95,96,97,98,98,97,96,96,
9A,9B,9C,9D,9D,9E,9F,9F,A0,9F,9F,9F,9F,9E,9E,9E,
9D,9D,9D,9D,9C,9C,9B,9B,9B,9B,9B,9B,9B,9B,9B,9B,
68,67,67,67,66,66,66,66,64,64,64,65,65,65,65,66,
64,63,5F,5D,5E,5E,5D,5E,60,66,6E,74,7A,81,89,8F,
92,96,9B,A0,A1,A2,A2,A2,A4,A4,A3,A2,A1,A2,A3,A4,
A5,A5,A5,A8,AD,B0,AD,A8,9C,92,89,84,7D,77,70,68,
60,5B,54,51,50,50,52,54,55,56,57,5B,5E,60,62,62,
61,61,61,61,61,61,61,61,61,61,61,61,61,61,61,61,
62,62,63,63,64,64,66,67,67,68,69,69,6A,6A,6B,6C,
6B,6D,70,71,6F,6C,6A,68,6C,74,84,A0,C5,D1,BD,B1,
AD,A4,98,8B,7F,73,69,64,65,63,62,63,66,68,68,68,
66,67,68,6A,6D,71,74,76,76,75,74,73,73,74,74,74,
73,73,74,74,75,76,76,77,77,77,77,78,79,7A,7B,7C,
7F,80,81,81,83,86,88,88,86,81,7B,75,70,6E,6F,72,
81,8B,94,99,9E,A0,9F,A0,A0,A2,A2,A1,9D,9A,99,99,
A7,A8,A8,A6,A3,A1,A0,A0,A1,A2,A5,A9,AE,B3,B7,B8,
B4,B4,B5,B6,B6,B6,B6,B5,B6,B6,B7,B8,B7,B7,B6,B5,
B7,B6,B6,B5,B6,B6,B7,B7,B8,B9,B9,B7,B4,B1,B0,B1,
B6,B7,B9,BA,B9,B9,B9,BA,BB,BC,BE,BF,C0,C1,C0,C0,
C0,C1,C1,C0,BF,BF,BF,C0,C0,C1,C1,C1,C2,C1,C1,C1,
C2,C4,C7,CA,CC,CC,C9,C5,BF,BB,B7,B6,B6,B7,BA,BD,
C3,C4,C5,C5,C5,C6,C6,C7,C8,C8,C8,C8,C9,C9,C9,C9,
CC,CB,CB,CC,CD,CE,CE,CE,CE,D1,D3,D4,D4,D2,CC,C5,
BE,B5,A7,9C,95,8C,89,8D,97,99,98,96,98,99,9A,9B,
9B,97,94,92,92,91,8D,89,86,7C,77,72,6E,6B,69,6E,
84,94,A7,B6,C3,C7,C5,C1,BA,B6,B4,B5,BA,BF,C6,CC,
D0,D2,D5,D6,D6,D4,D3,D2,D0,D0,CF,CF,CE,CC,CB,CA,
CB,CB,CC,CD,CE,D0,D1,D2,D5,D6,D8,D9,DB,DD,DD,DB,
D8,C0,94,67,42,2C,2D,2F,31,30,30,31,33,36,38,39,
37,36,35,33,31,30,2F,2E,2E,2E,2E,2F,2F,2F,2E,2E,
2D,2F,32,35,36,34,30,2E,2B,2A,29,28,2A,34,46,55,
61,6C,7C,89,91,96,96,95,95,96,97,97,97,96,96,96,
9B,9C,9D,9D,9D,9E,9E,9F,9F,9F,9F,9F,9E,9E,9E,9E,
9D,9D,9D,9D,9D,9C,9C,9B,9B,9B,9B,9B,9B,9B,9B,9B,
68,68,67,67,67,67,66,66,65,65,65,65,65,66,66,66,
65,64,60,5D,5F,5F,5D,5E,61,66,6E,74,79,81,89,90,
93,97,9C,A1,A2,A2,A3,A3,A4,A4,A4,A3,A2,A2,A3,A4,
A5,A5,A5,A8,AE,B0,AD,A8,9D,93,8A,85,7E,77,70,68,
60,5B,54,51,50,50,52,54,55,56,58,5B,5E,60,61,62,
61,61,61,61,61,61,61,61,62,62,62,62,62,62,62,62,
62,63,64,64,64,64,65,66,67,68,69,69,6A,6A,6B,6C,
6B,6D,70,71,6F,6C,69,68,6A,76,8A,A5,C8,D1,BC,B1,
AA,A2,95,8A,7E,72,69,64,65,64,62,63,66,68,68,67,
67,68,69,6C,6F,72,75,77,77,76,74,74,73,74,74,74,
72,72,73,73,74,75,75,76,77,77,77,78,79,7A,7B,7C,
7E,7E,7E,7D,7F,82,84,83,81,7C,75,71,6F,70,76,7C,
90,97,9B,9B,9D,9F,9F,A1,A2,A1,9F,9B,97,93,94,96,
A6,A8,A8,A6,A2,9F,9E,9E,A1,A4,A8,AD,B1,B4,B5,B6,
B4,B4,B5,B5,B6,B6,B5,B5,B5,B5,B6,B7,B7,B6,B5,B5,
B7,B6,B6,B6,B5,B5,B4,B3,B2,B2,B1,B0,AF,AF,B0,B1,
B6,B6,B7,B8,B7,B7,B7,B8,BA,BB,BD,BF,C0,C0,C0,BF,
C0,C0,C0,BF,BE,BE,BE,BF,BF,C0,C0,C0,C0,C0,C0,C0,
BF,C2,C6,CA,CC,CB,C6,C0,B7,B2,AE,AE,B0,B3,B9,BE,
C3,C4,C5,C5,C5,C6,C7,C8,C8,C8,C8,C9,C9,C9,CA,CA,
CB,CB,CB,CC,CD,CE,CF,CF,CD,CE,CE,CF,D0,D1,D0,CD,
CB,C4,B6,A9,9D,90,89,8A,96,99,98,96,97,98,98,9A,
99,96,94,92,90,8E,8A,86,7F,79,79,79,7B,7F,83,8B,
A2,B1,BE,C6,CA,C7,C0,BB,B3,B3,B6,BB,C0,C4,CA,CF,
D3,D5,D6,D6,D4,D2,D0,CF,CC,CC,CC,CB,CB,CA,C9,C9,
CB,CB,CC,CD,CF,D1,D2,D3,D6,D7,D9,DA,DC,DE,DD,DB,
D8,BC,88,5C,3F,2E,2D,30,33,31,30,30,32,34,36,37,
37,36,34,32,31,2F,2F,2E,2E,2E,2E,2F,2F,2F,2F,2F,
2D,2F,32,35,36,34,31,2E,2C,2A,28,28,2D,3A,4F,61,
6B,77,85,90,95,98,96,93,95,96,97,97,97,97,97,97,
9B,9C,9D,9E,9E,9E,9E,9F,9F,9F,9F,9E,9E,9E,9E,9E,
9D,9D,9D,9D,9D,9C,9C,9B,9B,9B,9B,9B,9B,9B,9B,9B,
68,68,67,67,67,67,66,66,66,66,66,66,65,65,65,65,
65,64,60,5E,5F,5F,5D,5E,61,66,6D,73,78,80,89,8F,
94,98,9D,A1,A3,A3,A3,A3,A5,A5,A4,A3,A2,A2,A3,A4,
A5,A5,A5,A8,AD,B0,AC,A7,9D,93,8A,85,7E,77,6F,67,
61,5B,55,51,50,50,52,54,55,56,58,5B,5E,60,61,61,
62,62,62,62,62,62,62,62,62,62,62,62,62,62,62,62,
63,63,64,64,64,64,65,66,66,67,69,69,6A,6A,6C,6D,
6B,6D,70,70,6F,6C,69,68,68,78,8F,AB,CA,CF,BA,AF,
A8,9F,94,88,7D,72,69,65,66,64,62,63,66,68,68,67,
67,68,69,6B,6E,72,74,76,77,75,74,72,72,72,72,72,
72,72,72,72,73,74,75,75,77,77,78,78,79,7A,7B,7B,
7C,7C,7B,7A,7B,7D,7E,7D,79,75,71,70,72,76,7F,88,
97,9D,9E,9B,9B,9B,9B,9C,9F,9E,9C,99,95,92,93,96,
9E,A0,A2,A2,A1,A1,A3,A4,A6,A9,AE,B1,B2,B1,B1,B1,
B2,B3,B3,B4,B4,B4,B3,B3,B3,B4,B5,B6,B6,B6,B5,B5,
B6,B6,B6,B6,B6,B4,B1,AF,AB,AA,A8,A9,AB,AF,B2,B4,
B6,B7,B7,B7,B7,B6,B6,B7,B9,BB,BD,BF,C0,C0,BF,BE,
BF,BF,BF,BE,BD,BC,BD,BD,BE,BF,BF,BF,BF,BF,BF,BF,
BF,C2,C5,C8,C9,C7,C1,BB,B2,AD,A9,AB,AF,B4,BB,C2,
C3,C4,C5,C5,C6,C6,C7,C8,C9,C9,C9,C9,C9,C9,CA,CA,
CA,CA,CA,CB,CD,CE,CF,CF,CC,CA,CA,CA,CB,CB,CC,CE,
D0,CD,C2,B3,A4,96,8C,8A,95,99,98,96,96,96,96,99,
97,95,93,91,8E,8B,87,84,7F,7F,86,8B,92,9A,9F,A7,
AE,BA,C3,C8,C8,C3,BB,B7,B6,B9,BE,C3,C6,C9,CC,CE,
D4,D4,D4,D2,D0,CE,CC,CC,CA,CA,CA,CA,CA,C9,C9,C9,
CB,CC,CD,CE,D0,D2,D3,D4,D6,D8,DA,DC,DD,DE,DC,D9,
D4,B3,79,4F,3E,32,2F,30,34,32,30,2F,30,32,35,36,
36,35,34,32,31,2F,2E,2E,2E,2E,2F,2F,2F,2F,2F,2F,
2E,30,33,35,36,34,31,2F,2D,2A,28,2A,32,42,5A,6D,
75,7F,8B,92,96,97,96,93,95,96,97,98,98,98,99,9A,
9C,9D,9E,9E,9E,9E,9E,9F,9F,9F,9F,9E,9E,9E,9E,9D,
9D,9D,9D,9D,9C,9C,9B,9B,9B,9B,9B,9B,9B,9B,9B,9B,
67,67,67,67,66,66,66,66,66,65,65,65,65,65,64,64,
65,64,60,5D,5F,5E,5D,5E,61,66,6D,73,78,80,89,90,
94,98,9E,A2,A3,A3,A3,A3,A5,A5,A4,A3,A2,A2,A3,A4,
A5,A5,A5,A8,AD,AF,AC,A7,9C,92,8A,85,7E,77,6E,67,
61,5C,55,52,51,51,52,54,55,56,58,5B,5E,60,60,60,
62,62,62,62,62,62,62,62,62,62,62,62,62,62,62,62,
63,64,64,64,64,64,65,66,66,67,68,69,6A,6B,6C,6D,
6B,6D,6F,70,6F,6C,6A,68,69,7B,95,B0,CC,CE,B8,AD,
A6,9E,92,88,7D,72,69,65,66,64,62,63,66,67,68,67,
67,68,69,6B,6D,70,73,75,76,75,72,71,71,71,71,71,
72,72,72,72,73,74,75,75,78,78,78,79,79,7A,7B,7B,
7A,7A,79,77,78,79,79,77,73,6F,6E,71,75,7C,87,92,
9A,A0,A1,9C,9A,99,98,98,9A,9A,99,98,96,93,95,98,
98,9A,9E,A0,A0,A2,A5,A8,AB,AE,B2,B3,B2,AF,AE,AD,
B1,B1,B1,B2,B2,B1,B1,B0,B2,B3,B4,B5,B6,B5,B5,B4,
B6,B6,B6,B7,B6,B3,AF,AC,A6,A4,A3,A4,A9,AF,B4,B6,
B6,B7,B7,B7,B6,B6,B6,B7,B9,BB,BD,BF,C0,BF,BE,BE,
BE,BE,BE,BD,BC,BC,BC,BD,BE,BE,BE,BE,BF,BF,BE,BE,
C0,C2,C4,C6,C7,C4,BD,B6,B0,AB,A9,AC,B1,B6,BE,C4,
C3,C4,C5,C6,C6,C7,C8,C8,C9,C9,C9,C9,C9,C9,C9,CA,
C9,C9,C9,CA,CC,CD,CE,CD,CB,C8,C7,C7,C6,C5,C7,CA,
CF,D0,C8,B9,AA,9B,90,8D,95,99,99,96,96,96,96,98,
96,95,93,90,8C,89,86,84,87,8B,97,9F,A7,B0,B4,BA,
C1,C6,C7,C5,C3,BE,BA,B9,BA,BE,C4,C9,CC,CE,D1,D2,
D3,D3,D2,CF,CC,CA,C9,C9,C9,C9,C9,CA,CA,CA,CA,CA,
CB,CC,CD,CF,D0,D2,D4,D4,D7,D9,DB,DC,DD,DD,DA,D7,
CF,AB,6D,46,3D,35,31,31,35,33,2F,2E,2F,31,34,36,
36,35,34,32,31,2F,2E,2E,2E,2F,2F,2F,2F,2F,2F,2F,
2F,31,33,35,35,34,31,2E,2E,2A,28,2C,37,4A,63,78,
7D,85,8E,91,93,96,96,94,95,96,98,98,99,99,9B,9B,
9D,9E,9F,9F,9E,9E,9F,9F,9F,9F,9E,9E,9E,9E,9D,9D,
9D,9D,9D,9C,9C,9B,9B,9A,9B,9B,9B,9B,9B,9B,9B,9B,
66,66,66,66,66,66,66,66,65,66,66,65,64,64,65,65,
65,64,60,5D,5F,5E,5C,5D,60,66,6D,73,79,80,89,8F,
94,99,9F,A3,A4,A4,A4,A4,A5,A5,A4,A3,A2,A3,A4,A5,
A4,A5,A6,A9,AE,AF,AC,A7,9C,93,8B,86,7E,77,6F,67,
62,5C,56,52,50,50,52,55,55,56,58,5A,5C,5E,60,60,
61,61,61,62,62,62,62,62,62,62,62,62,62,62,62,62,
63,63,63,63,63,64,64,65,66,67,68,69,6A,6A,6C,6D,
6C,6D,6D,6E,6E,6D,6B,6A,6C,79,9A,B4,C8,CD,B7,A9,
A4,9C,91,86,7D,74,6B,65,68,66,64,64,66,68,68,67,
67,66,66,67,68,6B,6E,70,72,72,72,71,70,70,70,71,
71,72,73,74,74,75,77,78,79,79,7A,7B,7C,7C,7C,7C,
7D,7B,79,78,77,74,72,72,70,70,71,75,7D,87,90,95,
98,9B,9F,A0,9E,9A,95,92,92,92,92,94,96,97,96,95,
90,93,97,9C,A0,A4,A8,A9,AB,AD,AF,B1,B2,B2,B0,AE,
AF,B0,B0,B0,B0,AF,AE,AE,B0,B1,B2,B4,B5,B5,B5,B5,
B7,B6,B5,B5,B3,B0,AD,AA,A6,A3,A2,A4,AB,B2,B7,B9,
B7,B7,B6,B6,B6,B6,B6,B6,B8,BA,BC,BD,BE,BE,BD,BC,
BD,BD,BC,BC,BB,BB,BB,BB,BD,BD,BC,BC,BC,BD,BE,BF,
C3,C4,C3,C2,BF,BB,B6,B4,B1,B1,B2,B5,B8,BC,BF,C1,
C3,C3,C4,C4,C5,C6,C6,C6,C8,C8,C8,C8,C8,C8,C8,C8,
C9,C9,CA,CA,C9,C8,C6,C5,C5,C5,C5,C4,C4,C4,C6,C8,
CC,CC,C9,C2,B4,A4,95,8D,96,97,98,98,97,97,98,98,
95,94,93,90,8C,89,8B,8F,96,9F,AA,B2,BA,C1,C4,C3,
C5,C4,C3,C3,BF,B9,B8,BA,BF,C5,CA,CE,D0,D3,D3,D2,
D2,D1,CE,CC,CA,C9,C8,C8,C9,CA,CA,CB,CB,CB,CB,CB,
CC,CD,CF,D1,D2,D3,D5,D6,D7,DA,DB,DE,DD,DB,DB,D3,
CB,A2,61,3E,3C,38,34,32,36,33,30,2D,2E,30,33,34,
36,35,34,32,30,2F,2F,2E,2E,2E,2F,2F,2F,2E,2F,2F,
30,32,32,33,35,33,2E,2D,2C,2B,2C,31,3E,55,6E,7F,
85,8A,90,95,98,97,96,95,97,98,9A,9B,9B,9B,9B,9B,
9D,9D,9E,9E,9E,9E,9E,9E,9E,9E,9E,9E,9E,9D,9D,9D,
9B,9C,9D,9C,9B,9A,9B,9B,9B,9B,9A,9A,9B,9B,9C,9C,
66,66,66,66,66,66,66,66,65,66,66,65,64,64,65,66,
66,65,60,5E,5F,5E,5D,5E,61,66,6D,73,79,80,89,90,
94,99,9E,A3,A4,A4,A4,A4,A5,A5,A4,A3,A3,A3,A4,A5,
A5,A5,A7,AA,AE,AF,AC,A7,9C,93,8C,86,7F,77,6F,67,
62,5C,56,52,50,50,52,55,55,56,57,59,5C,5D,5F,5F,
62,62,62,62,62,62,62,62,62,62,62,62,62,62,62,61,
62,62,62,63,63,63,64,64,66,67,68,69,69,6A,6B,6C,
6C,6D,6D,6D,6D,6C,6B,6B,6D,7B,9D,B6,C8,CA,B5,A8,
A1,9A,8F,85,7C,73,6B,65,68,66,64,64,66,68,68,67,
66,65,64,64,66,68,6B,6D,70,70,71,70,70,70,70,71,
73,74,75,75,75,76,78,79,79,7A,7B,7C,7C,7C,7C,7C,
7C,7A,78,76,74,71,71,72,71,73,77,7D,85,8D,95,99,
99,9C,9F,A0,9E,99,94,91,91,91,92,93,95,96,96,96,
91,94,98,9D,A1,A5,A7,A9,AB,AD,B0,B3,B4,B3,B1,AF,
AE,AE,AE,AE,AE,AD,AC,AB,AE,AF,B0,B2,B3,B4,B4,B3,
B4,B3,B1,B0,AE,AC,AA,A8,A6,A5,A4,A7,AC,B2,B7,B9,
B6,B6,B6,B6,B6,B6,B6,B6,B8,B9,BB,BD,BE,BD,BC,BC,
BD,BC,BC,BB,BB,BB,BB,BB,BC,BC,BC,BC,BC,BD,BD,BD,
C3,C2,C1,BE,BB,B8,B5,B3,B3,B4,B6,B8,BB,BE,C0,C2,
C3,C3,C4,C4,C5,C5,C6,C6,C7,C7,C7,C7,C7,C7,C7,C7,
C7,C8,C9,C8,C7,C5,C4,C3,C4,C5,C5,C5,C4,C4,C4,C6,
C9,CA,CA,C5,BA,AA,9B,92,97,97,98,98,98,98,98,98,
94,93,92,91,90,91,97,9E,A9,B0,B8,BC,BF,C3,C4,C3,
C1,BF,BE,BE,BC,B9,BB,BF,C5,CB,D0,D1,D0,D0,D0,D0,
D0,CF,CC,CA,C9,C8,C8,C8,CB,CB,CC,CC,CD,CD,CD,CD,
CC,CE,D0,D1,D2,D4,D5,D6,D7,DB,DB,DE,DD,DB,DA,D1,
C3,99,59,39,3A,3A,36,34,36,34,30,2E,2F,31,33,34,
35,34,33,32,30,2F,2E,2E,2E,2E,2F,2F,2F,2E,2F,2F,
31,32,31,32,33,31,2C,2B,2A,2C,2F,37,47,5E,77,88,
8A,8D,93,97,99,98,97,96,98,99,9A,9A,9A,9A,9B,9B,
9D,9E,9E,9E,9E,9E,9E,9E,9E,9E,9E,9E,9E,9D,9D,9D,
9C,9C,9C,9C,9B,9A,9B,9B,9B,9B,9B,9B,9B,9B,9C,9C,
65,65,66,66,66,66,66,66,65,66,66,65,64,64,65,66,
66,65,61,5E,60,5F,5D,5E,61,66,6E,74,7A,81,8A,90,
94,98,9E,A2,A4,A4,A4,A4,A5,A5,A5,A4,A3,A4,A5,A6,
A5,A6,A7,AA,AE,B0,AC,A7,9C,93,8C,87,80,78,6F,67,
62,5D,56,52,50,50,52,54,54,55,57,59,5B,5D,5E,5E,
62,62,62,62,62,62,62,62,62,62,62,62,62,61,61,61,
62,62,62,62,62,63,64,64,65,66,67,68,69,69,6A,6B,
6C,6D,6D,6D,6C,6C,6C,6B,6D,7E,A2,BA,C8,C7,B1,A5,
9E,97,8D,84,7C,73,6B,66,69,66,64,64,66,68,68,67,
66,65,63,63,63,65,68,6A,6E,6F,70,70,70,70,71,72,
74,75,75,75,76,76,77,78,79,7A,7B,7C,7C,7C,7C,7C,
7B,79,77,74,72,70,72,74,77,7B,82,89,8F,95,9A,9D,
9C,9E,9F,9F,9D,99,95,93,91,91,91,92,92,93,96,97,
99,9B,9D,A0,A1,A3,A4,A6,A8,AB,B0,B3,B5,B4,B3,B2,
AD,AD,AD,AD,AC,AB,AA,A9,AC,AD,AF,B1,B2,B3,B3,B3,
B1,AF,AC,A9,A8,A7,A7,A7,A7,A8,A9,AB,AE,B2,B6,B8,
B5,B5,B5,B6,B6,B6,B6,B6,B8,B9,BB,BC,BC,BC,BB,BA,
BC,BB,BB,BA,BA,BA,BA,BA,BA,BB,BB,BB,BB,BB,BB,BB,
C0,BF,BC,BA,B7,B5,B4,B3,B6,B7,B9,BC,BE,C0,C1,C1,
C3,C3,C3,C4,C4,C5,C5,C5,C6,C6,C6,C6,C6,C6,C6,C6,
C5,C6,C6,C6,C4,C2,C1,C0,C3,C4,C6,C5,C4,C2,C2,C2,
C3,C7,CA,C9,C1,B2,A2,97,97,96,95,96,97,97,96,95,
94,94,95,96,99,9F,A9,B1,BD,C1,C3,C2,C1,C2,C1,BF,
BB,B9,B8,B9,BA,BC,C1,C7,D0,D4,D6,D3,CE,CB,CA,CA,
CD,CC,CA,C9,C8,C8,C8,C9,CB,CC,CC,CD,CD,CD,CD,CE,
CD,CE,D0,D2,D3,D4,D6,D7,D8,DB,DC,DE,DC,DA,D8,CE,
BC,92,52,35,3B,3D,3A,37,37,34,32,30,31,32,33,34,
34,34,33,31,30,2F,2E,2E,2E,2E,2F,2F,2F,2E,2F,2F,
32,33,31,30,31,2F,2A,29,29,2D,35,41,52,68,7F,8E,
8F,92,96,99,99,99,97,97,99,99,9A,99,99,99,9A,9B,
9D,9E,9E,9E,9E,9E,9E,9E,9E,9E,9E,9E,9E,9E,9E,9E,
9C,9C,9C,9C,9B,9B,9B,9B,9B,9B,9B,9B,9B,9B,9C,9C,
65,65,65,65,66,66,66,66,66,66,66,65,65,64,65,66,
67,66,62,5F,61,60,5E,5E,61,66,6E,74,7A,81,8A,91,
94,98,9E,A2,A4,A4,A4,A4,A6,A6,A5,A5,A4,A4,A5,A7,
A6,A7,A8,AB,AF,B0,AC,A7,9D,94,8D,88,81,78,70,67,
62,5D,56,52,50,50,52,54,55,56,58,5A,5C,5D,5E,5E,
63,63,63,62,62,62,62,62,62,62,62,61,61,61,61,61,
61,61,61,61,62,62,63,64,65,66,67,67,68,68,6A,6B,
6C,6D,6D,6C,6C,6B,6B,6C,6C,81,A9,C0,CA,C6,AE,A2,
9D,97,8D,84,7C,74,6C,67,69,66,64,65,67,69,69,68,
66,65,64,63,63,65,68,69,6C,6E,6F,70,71,71,72,73,
74,74,75,75,74,75,76,77,78,79,7A,7B,7B,7B,7A,7A,
79,78,76,74,72,72,76,7A,80,86,8D,93,96,99,9B,9D,
9D,9D,9C,9A,97,96,95,95,95,95,94,92,91,93,98,9C,
A0,A1,A2,A2,A2,A2,A4,A6,AB,AE,B2,B5,B5,B3,B0,AE,
AC,AC,AC,AC,AC,AB,AB,AA,AB,AC,AE,AF,B1,B1,B1,B1,
AF,AC,A8,A4,A3,A4,A6,A8,AA,AB,AD,AE,AF,B1,B3,B5,
B3,B4,B4,B5,B6,B6,B6,B6,B7,B8,B9,BB,BB,BA,B9,B9,
BA,BA,B9,B9,B8,B8,B8,B8,B8,B9,BA,BA,BA,BA,B9,B8,
BB,BA,B8,B6,B5,B4,B4,B4,B6,B7,B9,BB,BD,BF,C0,C0,
C2,C3,C3,C3,C4,C4,C5,C5,C5,C5,C5,C5,C5,C5,C4,C4,
C2,C3,C4,C4,C2,C0,C0,C0,C3,C4,C5,C4,C1,BF,BF,BF,
C0,C5,CB,CC,C7,B9,A8,9B,99,96,94,95,97,97,95,94,
97,99,9D,A1,A6,AE,B8,C0,C7,C8,C6,C1,BE,BD,BD,BD,
B7,B6,B8,BB,BF,C3,C9,CE,D5,D5,D5,D1,CC,C9,C8,C9,
CC,CB,C9,C8,C7,C7,C8,C8,CB,CB,CB,CB,CC,CC,CD,CD,
CD,CF,D1,D2,D4,D5,D7,D8,D9,DC,DD,DE,DC,DA,D7,CC,
B9,8E,4E,33,3B,3F,3B,38,36,35,33,32,33,33,34,34,
34,33,32,31,2F,2F,2E,2E,2E,2E,2F,2F,2F,2E,2F,2F,
33,33,31,30,31,2F,2B,2B,2B,32,3E,4D,5F,72,85,90,
93,95,97,99,99,99,98,98,9A,9A,99,98,98,98,9A,9B,
9E,9E,9E,9E,9E,9E,9E,9E,9E,9E,9E,9E,9E,9E,9E,9E,
9C,9C,9C,9B,9B,9B,9B,9B,9B,9B,9B,9B,9B,9C,9C,9C,
64,65,65,65,65,66,66,66,66,66,66,65,65,65,65,66,
68,67,62,60,61,60,5E,5F,61,66,6D,74,7A,81,8A,91,
94,98,9E,A2,A3,A4,A4,A5,A6,A6,A6,A5,A4,A5,A6,A7,
A7,A7,A8,AB,AF,B0,AD,A8,9D,94,8E,89,81,79,70,67,
62,5D,56,52,50,50,52,54,56,57,59,5B,5D,5E,5F,5F,
63,63,63,62,62,62,62,62,61,61,61,61,61,61,61,61,
60,60,60,61,61,62,63,63,64,65,66,67,67,68,69,6A,
6C,6D,6D,6C,6B,6A,6A,6B,6A,83,AF,C8,CE,C6,AB,9E,
9C,96,8C,84,7C,74,6C,67,69,67,65,65,67,69,69,69,
67,66,65,64,65,67,69,6A,6C,6D,6F,70,71,72,73,74,
74,75,75,74,74,74,75,76,77,78,79,7A,7A,79,79,78,
77,75,74,74,74,76,7C,82,89,8D,92,96,98,99,9A,9B,
9A,98,95,91,90,90,93,95,9A,99,96,93,92,95,9C,A1,
A2,A3,A2,A2,A2,A4,A8,AB,B3,B5,B7,B7,B3,AE,AA,A7,
AB,AB,AC,AC,AC,AC,AC,AB,AA,AB,AD,AE,AF,AF,AE,AE,
AC,A9,A5,A2,A1,A3,A7,A9,AD,AE,B0,B0,AF,AF,B0,B1,
B1,B1,B3,B4,B5,B5,B6,B6,B6,B7,B8,B9,B9,B9,B8,B7,
B8,B8,B7,B7,B6,B6,B6,B6,B6,B7,B8,B8,B8,B8,B7,B6,
B6,B6,B5,B5,B5,B5,B5,B5,B5,B6,B8,B9,BB,BD,BF,C0,
C1,C2,C2,C2,C3,C3,C3,C3,C3,C3,C3,C3,C3,C3,C2,C2,
C0,C1,C3,C2,C1,BF,BF,BF,C4,C4,C3,C0,BD,BB,BC,BE,
C0,C5,CB,CE,CA,BF,AD,A0,9C,98,95,97,9A,9A,98,97,
9B,A1,A8,AF,B4,BB,C2,C7,CB,CA,C6,C0,BC,BC,BD,BF,
B8,BA,BE,C4,C8,CB,CE,D1,D1,D0,CD,CC,CB,CC,CD,CF,
CC,CB,C9,C8,C7,C7,C8,C8,CA,CA,CA,CA,CB,CC,CC,CD,
CD,CF,D1,D2,D4,D5,D7,D8,D9,DD,DE,DF,DD,DA,D7,CA,
B5,8A,4B,31,3A,3F,3A,36,36,35,34,34,35,35,34,34,
33,32,31,30,2F,2E,2E,2E,2E,2E,2F,2F,2F,2E,2F,2F,
32,33,30,30,33,32,30,31,32,3B,4A,5B,6C,7C,8A,92,
93,95,97,98,98,98,98,98,9A,9A,99,98,98,98,9A,9B,
9E,9E,9E,9E,9E,9E,9E,9E,9E,9E,9E,9E,9E,9E,9E,9E,
9D,9C,9B,9B,9B,9B,9B,9B,9B,9B,9B,9B,9C,9C,9C,9C,
64,64,64,65,65,66,66,66,66,66,66,66,65,65,65,66,
68,67,63,61,62,60,5E,5F,60,66,6D,74,7A,81,8A,91,
94,98,9D,A1,A3,A4,A4,A5,A6,A6,A6,A5,A5,A5,A6,A8,
A7,A7,A8,AB,AF,B0,AC,A7,9D,95,8E,8A,82,79,70,67,
62,5D,56,52,50,50,52,54,56,57,5A,5C,5E,5F,60,60,
62,62,62,62,62,62,62,62,61,61,61,61,61,61,61,60,
60,60,60,61,61,62,63,63,64,65,66,67,67,67,68,69,
6B,6C,6D,6C,6A,69,69,69,6A,86,B5,CE,D2,C6,A9,9B,
9B,95,8C,83,7C,74,6C,66,69,67,65,65,68,6A,6A,69,
67,66,66,65,66,68,69,6A,6B,6C,6E,6F,70,71,73,75,
75,75,76,75,75,75,75,76,76,77,78,79,79,78,77,77,
74,73,73,75,77,7C,82,88,8D,90,93,94,95,96,97,99,
96,94,91,8F,8D,8E,91,93,97,95,93,90,90,94,9A,9F,
A4,A4,A3,A1,A0,A2,A6,AA,B3,B5,B7,B6,B2,AD,A9,A7,
AA,AB,AB,AC,AC,AC,AC,AC,AD,AD,AE,AF,AF,AE,AD,AD,
A9,A7,A4,A1,A1,A4,A9,AC,B0,B0,B1,B0,AE,AD,AE,AE,
AE,AF,B1,B2,B4,B4,B5,B5,B5,B6,B7,B8,B8,B7,B7,B6,
B6,B6,B5,B5,B4,B4,B4,B4,B4,B5,B6,B6,B6,B6,B5,B5,
B4,B4,B5,B5,B5,B5,B5,B5,B6,B6,B7,B9,BB,BD,BE,BF,
BF,BF,C0,C0,C0,C1,C1,C1,C1,C1,C1,C0,C0,C0,C0,C0,
BE,C0,C1,C1,BE,BD,BD,BE,C2,C2,BF,BB,B8,B8,BB,BF,
C1,C5,CA,CC,CB,C2,B2,A4,9F,99,96,98,9C,9D,9D,9D,
A3,AB,B5,BC,C0,C3,C6,C7,C9,C8,C5,C1,BE,BE,C0,C2,
BE,C1,C7,CC,CF,D0,D0,D0,CF,CC,CA,C9,CA,CC,CE,D0,
CC,CB,C9,C8,C7,C7,C8,C8,CA,CA,C9,CA,CA,CB,CC,CD,
CD,CE,D0,D2,D4,D5,D7,D8,D9,DE,DE,DF,DD,DB,D6,C9,
B0,87,4B,32,3B,3E,3B,37,35,35,35,36,37,36,35,33,
33,32,31,30,2F,2F,2E,2E,2E,2E,2F,2F,2F,2E,2F,2F,
32,32,30,31,35,37,36,38,39,43,55,67,77,84,8D,92,
92,94,96,97,97,97,98,98,9A,9A,9A,99,98,99,9B,9D,
9E,9E,9E,9E,9E,9E,9E,9D,9E,9E,9E,9E,9E,9E,9E,9E,
9D,9C,9B,9B,9B,9B,9B,9B,9B,9B,9B,9C,9C,9C,9C,9C,
64,64,64,65,65,65,66,66,66,66,66,66,65,65,65,66,
68,67,63,61,62,61,5E,5E,61,66,6E,74,7A,82,8B,92,
94,98,9D,A1,A3,A4,A4,A5,A6,A6,A6,A5,A5,A5,A7,A8,
A7,A7,A8,AB,AF,B0,AC,A7,9D,95,8E,8A,82,79,6F,67,
62,5C,56,52,50,50,52,55,56,58,5A,5D,5F,60,61,61,
62,62,62,62,62,62,62,62,61,61,61,61,61,60,60,60,
60,60,60,61,61,62,63,63,64,65,66,66,67,67,68,69,
6B,6C,6D,6C,6A,68,67,68,6C,89,BA,D2,D5,C6,A7,99,
9A,94,8B,83,7C,75,6D,68,69,67,65,66,68,6A,6A,6A,
67,67,67,67,68,68,69,6A,6B,6B,6C,6D,6E,70,72,74,
75,76,76,75,75,75,75,76,77,78,79,7A,79,79,77,77,
73,73,74,77,7C,82,88,8D,91,91,91,92,92,93,94,94,
92,92,92,92,91,90,8F,8F,8E,8D,8C,8C,8D,91,96,9A,
A2,A2,A2,9F,9E,9E,A2,A5,AB,AD,B1,B2,B1,AF,AD,AD,
AB,AB,AC,AD,AD,AD,AD,AC,AE,AF,AF,AF,AE,AD,AB,AA,
A7,A6,A5,A4,A5,A8,AC,AF,B1,B1,B0,AF,AE,AD,AD,AE,
AC,AD,AF,B1,B2,B3,B4,B4,B4,B5,B6,B6,B7,B7,B6,B6,
B5,B4,B4,B3,B3,B3,B3,B3,B3,B3,B4,B4,B5,B5,B4,B4,
B6,B6,B5,B4,B4,B3,B3,B3,B6,B7,B8,BA,BB,BC,BC,BC,
BD,BD,BD,BD,BE,BE,BE,BE,BE,BE,BE,BE,BD,BD,BD,BD,
BC,BE,BF,BE,BB,BA,BA,BB,BE,BD,BB,B7,B4,B6,BB,BF,
C0,C3,C6,C8,C8,C2,B5,A8,A1,9C,99,9C,A1,A3,A5,A7,
AF,B7,C0,C4,C5,C5,C4,C3,C4,C4,C4,C3,C2,C3,C4,C6,
C7,C9,CD,D0,D1,D1,CE,CD,CF,CC,CA,C9,C8,C7,C8,CA,
CB,CA,C9,C8,C7,C7,C8,C8,C9,C9,C9,C9,C9,CB,CC,CD,
CC,CE,D0,D2,D3,D5,D6,D8,D8,DD,DD,DE,DD,DB,D6,C7,
AC,85,4B,32,3A,3D,3A,36,34,34,36,37,38,37,35,33,
32,32,31,30,2F,2F,2F,2E,2E,2E,2F,2F,2F,2E,2F,2F,
32,32,31,32,37,3A,3B,3E,41,4D,5F,71,7F,89,8E,90,
92,93,95,97,97,97,97,98,9B,9B,9B,9A,9A,9B,9D,9E,
9E,9E,9E,9E,9E,9E,9E,9D,9E,9E,9E,9E,9E,9F,9F,9F,
9D,9C,9B,9A,9B,9B,9B,9B,9B,9B,9B,9C,9C,9C,9C,9C,
64,64,64,64,65,65,66,66,66,66,66,66,65,65,65,66,
68,67,63,61,62,61,5E,5E,61,67,6E,75,7B,82,8C,92,
94,98,9D,A1,A3,A4,A4,A5,A6,A6,A6,A5,A5,A5,A7,A8,
A7,A7,A8,AB,AF,B0,AC,A7,9D,95,8E,8A,82,79,6F,66,
62,5C,56,52,50,50,52,55,56,58,5A,5D,5F,61,61,62,
61,61,61,62,62,62,62,62,61,61,61,61,60,60,60,60,
60,60,60,61,61,62,63,63,64,65,66,66,67,67,68,69,
6A,6C,6D,6C,6A,67,66,67,6F,8C,BC,D4,D5,C6,A7,98,
9A,94,8C,84,7E,77,6F,6A,69,67,65,66,68,6A,6A,6A,
69,69,69,69,69,69,69,6A,6A,6A,6B,6B,6C,6E,71,73,
75,75,75,75,74,74,75,76,78,78,7A,7A,7A,79,78,77,
74,74,75,7A,80,86,8C,91,93,92,91,90,90,90,90,90,
8E,90,93,94,93,90,8D,8B,89,89,89,8B,8D,91,95,98,
9C,9E,9F,9E,9D,9D,A0,A3,A5,A8,AC,AF,AF,AE,AE,AE,
AD,AD,AE,AE,AE,AE,AD,AD,AD,AD,AD,AC,AB,A9,A7,A6,
A7,A7,A7,A7,A8,AB,AF,B2,B2,B1,AF,AE,AD,AD,AE,AE,
AB,AC,AE,B0,B2,B3,B3,B4,B3,B4,B5,B6,B6,B6,B6,B5,
B4,B3,B3,B2,B2,B2,B2,B2,B3,B3,B3,B3,B4,B4,B4,B4,
B9,B8,B6,B4,B3,B2,B2,B2,B5,B7,B9,BB,BC,BB,BA,B9,
BB,BB,BC,BC,BC,BC,BC,BC,BC,BC,BC,BC,BB,BB,BB,BB,
BB,BD,BE,BC,B9,B7,B7,B8,BA,BA,B8,B5,B3,B5,BA,C0,
BF,C1,C2,C4,C5,C2,B6,AA,A5,A0,9E,A2,A7,AA,AD,B1,
B8,C0,C6,C8,C6,C3,C0,BD,C0,C2,C5,C7,C8,C8,CA,CB,
CC,CE,D0,D1,D1,CF,CC,CA,CB,CA,CA,C9,C6,C4,C5,C7,
CB,CA,C8,C7,C7,C7,C8,C9,C9,C8,C8,C8,C8,CA,CB,CC,
CC,CD,CF,D1,D3,D4,D6,D7,D7,DC,DD,DE,DC,DB,D6,C7,
A8,83,49,31,37,39,36,33,33,34,36,38,39,38,35,33,
32,32,31,30,2F,2F,2F,2F,2E,2E,2F,2F,2F,2E,2F,2F,
32,32,31,32,39,3D,3E,41,4A,55,67,79,86,8D,8F,90,
92,93,95,97,97,97,97,97,9B,9B,9C,9C,9C,9D,9F,A0,
9E,9E,9E,9E,9E,9E,9D,9D,9E,9E,9E,9E,9E,9F,9F,9F,
9D,9C,9B,9A,9B,9B,9B,9B,9B,9B,9C,9C,9C,9C,9C,9C,
61,62,64,65,66,66,67,66,66,65,65,65,65,65,66,67,
65,66,66,64,61,5F,5F,5F,5F,65,6F,77,7A,81,8C,92,
95,99,9E,A1,A2,A3,A3,A3,A5,A5,A5,A4,A4,A5,A7,A9,
A9,A8,AA,AD,AE,AF,AE,A8,9B,95,90,8C,83,79,70,67,
61,5A,54,52,53,54,53,53,54,57,5A,5D,5E,5F,60,61,
62,62,62,62,62,63,63,63,63,62,62,62,62,62,62,62,
61,61,61,62,62,63,63,63,65,66,66,66,67,67,67,68,
6C,6A,69,68,6A,66,5F,66,76,95,C0,D1,CF,C4,AD,A1,
9D,96,8D,88,83,7B,73,6D,6A,68,69,68,66,68,6C,6C,
6A,6A,6A,6A,6A,6A,69,69,6A,6A,6A,6B,6D,6F,71,72,
72,73,74,74,73,72,71,71,73,77,7B,7E,7D,7B,78,76,
71,74,78,7D,83,89,8D,8E,91,92,94,95,94,92,8F,8D,
92,92,93,94,92,8E,8A,89,8A,8C,8E,91,94,96,99,9A,
98,9A,9D,9E,9D,9C,9D,9F,9D,A3,AA,AD,AD,AC,AD,AE,
AE,AF,AF,AF,AF,AD,AC,AB,A9,AA,AB,A9,A6,A3,A1,A0,
A6,A6,A7,A8,AB,AD,AF,B0,B2,B2,B1,B1,B0,AF,AF,AE,
AE,AE,AE,AE,AF,B0,B1,B1,B2,B3,B3,B3,B3,B3,B3,B3,
B2,B2,B1,B1,B1,B1,B1,B1,B1,B2,B2,B2,B2,B3,B4,B5,
B7,B7,B6,B5,B3,B2,B2,B2,B5,B6,B8,BA,BB,BC,BC,BC,
BB,BB,BC,BC,BD,BD,BD,BD,BC,BB,BA,BA,B9,B9,B9,B9,
BA,BC,BE,BD,BA,B7,B7,B8,BB,B9,B7,B6,B4,B5,B8,BD,
B8,BB,BD,C0,C5,C3,B9,B3,A9,A5,A5,A7,AA,B2,BA,BC,
C0,C1,C1,C2,C1,C0,BF,BE,C1,C3,C5,C7,C9,CA,CC,CD,
CF,CF,CF,CE,CD,CB,CA,CA,C9,C8,C8,C7,C7,C7,C7,C7,
C6,C7,C8,C8,C7,C7,C8,C9,C8,C8,C8,C8,C8,C9,CA,CA,
C6,C7,D1,D4,CC,CF,D9,DB,DA,D7,D8,DA,DE,D9,D4,BF,
A1,7B,4C,36,31,2F,32,33,32,32,36,38,35,34,36,35,
32,31,31,31,31,31,31,32,30,30,2F,2E,2F,2F,30,31,
30,33,34,35,36,35,39,41,4C,5D,6E,7A,84,8A,8D,90,
90,91,92,94,96,98,99,9A,9C,9D,9F,9F,9E,9D,9D,9D,
9E,9E,9E,9E,9E,9E,9E,9E,9E,9E,9E,9E,9E,9E,9E,9E,
9C,9C,9C,9C,9C,9C,9C,9C,9B,9B,9B,9B,9B,9B,9B,9B,
61,62,63,65,66,67,67,67,66,65,65,65,65,65,66,66,
65,66,66,64,61,5F,5F,5F,5F,65,6F,76,7A,82,8C,92,
95,99,9E,A1,A3,A3,A3,A3,A6,A6,A5,A5,A4,A5,A7,A9,
A9,A8,AB,AD,AE,B0,AE,A9,9B,95,90,8C,83,79,70,68,
61,5A,54,52,53,54,53,53,54,57,5A,5D,5E,5F,60,61,
62,62,62,62,62,63,63,63,63,62,62,62,62,62,62,62,
62,62,62,62,62,63,63,64,65,66,66,66,67,67,67,67,
6A,69,69,67,69,65,60,68,7C,9A,C2,D1,CE,C4,AF,A5,
A0,98,8F,8A,85,7E,76,70,6B,69,6A,69,67,68,6C,6D,
6A,6A,6A,6A,6A,6A,6A,6A,6B,6B,6C,6D,6F,70,71,72,
72,73,74,74,73,73,73,73,75,78,7B,7D,7C,7A,77,75,
74,78,7D,82,88,8D,90,90,92,92,93,93,92,90,8E,8D,
92,91,90,8F,8C,89,88,89,8E,8F,91,94,96,99,9C,9E,
9C,9F,A1,A1,9F,9E,9E,9F,9D,A2,A8,AB,AA,A9,AA,AB,
AE,AF,AF,AF,AE,AC,AA,A9,A8,A8,A8,A7,A6,A4,A4,A3,
A8,A8,A9,AA,AC,AE,B0,B1,B2,B2,B1,B1,B0,AF,AF,AE,
AD,AE,AE,AE,AF,AF,B0,B1,B1,B2,B2,B2,B2,B2,B2,B2,
B2,B1,B1,B1,B1,B1,B1,B1,B1,B1,B2,B2,B2,B2,B3,B4,
B7,B7,B7,B6,B4,B3,B3,B4,B6,B7,B8,BA,BB,BC,BC,BC,
BA,BB,BB,BC,BC,BC,BC,BC,BC,BB,BA,BA,B9,B8,B8,B8,
B8,BA,BD,BD,BB,B8,B6,B6,BA,B9,B8,B7,B4,B3,B6,BA,
BA,BC,BB,BD,C1,C0,BA,B5,B1,AF,B1,B3,B5,BA,C0,C1,
C1,C1,C1,C0,C0,C0,C0,C0,C3,C5,C7,C9,CB,CC,CD,CE,
CE,CE,CE,CD,CC,CB,CA,C9,C9,C8,C8,C7,C7,C7,C7,C7,
C8,C8,C8,C8,C7,C7,C8,C9,C7,C7,C6,C6,C6,C6,C7,C7,
C7,C8,D2,D4,CD,CF,D7,D8,D6,D5,D8,D9,DC,D6,D0,B9,
96,72,48,34,2E,2C,2E,30,30,31,35,37,34,34,35,34,
32,31,31,31,30,31,31,32,31,30,30,2F,2F,30,31,32,
32,34,35,36,37,38,3D,46,55,65,74,7E,87,8C,8E,90,
90,91,93,95,97,98,99,9A,9C,9D,9F,9F,9E,9E,9D,9D,
9E,9E,9E,9E,9E,9E,9E,9E,9E,9E,9E,9E,9E,9E,9E,9E,
9C,9C,9C,9C,9C,9C,9C,9C,9B,9B,9B,9B,9B,9B,9B,9B,
61,62,63,65,66,67,67,67,66,65,65,65,65,65,66,66,
65,66,66,64,61,5F,5F,5F,5F,64,6F,76,7A,82,8D,93,
95,99,9E,A2,A3,A3,A3,A4,A6,A6,A6,A5,A5,A6,A8,A9,
AA,A9,AB,AE,AE,B0,AF,A9,9C,95,90,8C,83,79,70,68,
61,5A,54,52,53,53,53,53,54,57,5A,5D,5E,5F,60,61,
62,62,62,62,62,62,62,62,63,63,62,62,62,62,62,62,
62,62,62,62,62,63,64,64,65,65,66,66,67,67,67,67,
68,68,69,66,67,63,61,6C,86,A3,C6,D0,CB,C1,B2,A9,
A1,98,8F,8A,86,7F,76,70,6C,6A,6B,6B,68,69,6C,6C,
6A,6A,6A,6A,6A,6A,6A,6A,6C,6D,6E,6F,70,71,71,72,
73,73,74,74,74,75,76,77,78,79,7B,7C,7A,78,76,75,
7B,80,87,8C,91,94,94,93,92,92,92,92,91,8F,8E,8D,
91,8F,8C,88,85,83,86,8A,91,93,95,96,97,9A,9E,A1,
A3,A5,A6,A4,A2,A0,A1,A2,9F,A3,A8,AA,A9,A8,A8,AA,
AE,AE,AE,AE,AE,AC,A9,A7,A6,A5,A5,A5,A6,A8,A9,A9,
AA,AA,AB,AC,AD,AF,B0,B1,B2,B1,B1,B0,B0,AF,AE,AE,
AD,AD,AD,AD,AE,AF,AF,B0,B0,B0,B0,B1,B1,B1,B1,B1,
B1,B1,B0,B0,B0,B0,B0,B0,B0,B1,B1,B1,B1,B2,B3,B4,
B7,B8,B8,B7,B6,B5,B6,B6,B7,B8,BA,BB,BB,BC,BB,BB,
BA,BA,BB,BB,BB,BB,BB,BB,BB,BB,BA,B9,B8,B7,B7,B7,
B6,B9,BD,BE,BB,B8,B6,B5,B7,B8,B8,B7,B4,B2,B4,B7,
BD,BE,BC,BB,BF,BF,BC,BA,BB,BB,BF,C1,C0,C2,C5,C5,
C1,C0,BF,BF,BF,C0,C2,C3,C5,C7,CA,CC,CD,CD,CE,CE,
CD,CC,CC,CB,CA,C9,C9,C8,C8,C8,C8,C8,C8,C8,C8,C8,
CA,CA,C9,C9,C8,C7,C7,C8,C8,C8,C7,C6,C5,C5,C5,C5,
C7,C9,D2,D5,CF,CF,D5,D5,D4,D7,DC,DA,DA,D3,CA,B0,
85,63,40,30,2A,29,2B,2C,2D,2F,34,36,34,33,34,33,
32,32,31,30,30,30,31,31,31,31,30,30,31,32,33,34,
33,35,36,37,3A,3D,46,52,63,71,7D,85,8B,8E,8F,91,
90,91,93,95,97,99,9A,9B,9D,9E,9F,9F,9F,9E,9E,9D,
9D,9D,9D,9D,9E,9E,9E,9E,9E,9E,9E,9E,9D,9D,9D,9D,
9C,9C,9C,9C,9C,9C,9C,9C,9B,9B,9B,9B,9B,9B,9B,9B,
62,62,64,65,66,67,67,67,66,65,65,65,65,65,66,66,
65,66,66,64,61,5F,5F,5F,5F,64,6E,76,79,82,8D,93,
96,99,9E,A2,A3,A3,A4,A4,A7,A7,A6,A6,A6,A6,A8,A9,
AA,A9,AB,AE,AE,B0,AF,AA,9C,95,90,8B,82,79,70,68,
61,5A,54,52,53,53,53,53,54,57,5A,5D,5E,5F,60,61,
62,62,62,62,62,62,62,62,62,62,62,62,62,62,62,62,
62,62,62,62,63,63,64,64,65,65,66,66,66,67,67,67,
67,67,68,66,65,62,63,72,90,AC,C9,D0,C8,BF,B4,AD,
A2,99,90,8B,87,7F,76,70,6D,6C,6E,6D,6A,6A,6C,6B,
6A,6A,6A,6A,6A,6A,6B,6B,6E,6F,70,71,71,71,71,71,
73,74,74,75,75,77,79,7A,7C,7B,7A,79,78,76,76,77,
82,87,8E,93,96,97,96,93,90,8F,8F,8E,8E,8D,8C,8B,
8F,8C,88,83,7F,80,85,8B,92,94,95,95,96,98,9D,A1,
A5,A6,A5,A2,9F,9F,A1,A4,A1,A5,A9,AA,AA,AA,AA,AC,
AE,AE,AD,AD,AD,AC,AA,A7,A4,A3,A2,A4,A7,AB,AE,AF,
AD,AD,AD,AD,AE,AF,B0,B0,B1,B0,B0,AF,AF,AE,AE,AE,
AD,AC,AC,AD,AD,AD,AE,AE,AE,AF,AF,B0,B0,B0,B0,B0,
B0,B0,AF,AF,AF,AF,B0,B0,AF,B0,B1,B1,B1,B1,B2,B3,
B7,B8,B8,B8,B7,B7,B8,B8,B9,BA,BB,BB,BC,BC,BB,BB,
BA,BB,BB,BB,BB,BB,BB,BA,BA,B9,B9,B8,B7,B7,B7,B7,
B7,BA,BC,BD,BA,B7,B5,B4,B6,B7,B8,B7,B2,AF,B0,B3,
BC,BD,BB,BA,BD,BE,BD,BE,C0,C2,C6,C7,C4,C3,C5,C4,
BF,BF,BE,BE,C0,C2,C4,C6,C7,C9,CC,CD,CE,CE,CD,CD,
CB,CB,CB,CA,C9,C9,C8,C8,C8,C8,C8,C8,C8,C9,C9,C9,
CB,CB,CA,C8,C7,C7,C7,C7,C9,C8,C8,C8,C7,C6,C6,C5,
C7,CA,D1,D5,D1,D1,D3,D3,D5,DA,DF,DA,D9,D1,C4,A7,
76,53,38,2C,28,29,29,2A,2C,2E,34,36,33,32,33,33,
32,32,31,30,30,30,30,31,31,31,31,31,32,33,34,35,
33,34,34,37,3D,45,53,62,71,7D,86,8B,90,91,91,91,
90,91,93,96,98,9A,9B,9C,9D,9E,9F,9F,9F,9E,9E,9E,
9D,9D,9D,9D,9D,9E,9E,9E,9E,9E,9E,9D,9D,9D,9D,9D,
9C,9C,9C,9C,9C,9C,9C,9C,9B,9B,9B,9B,9B,9B,9B,9B,
62,63,64,65,66,66,67,67,66,66,65,65,65,65,65,66,
65,66,66,64,61,5F,5F,5F,5F,64,6E,76,79,81,8D,93,
96,9A,9F,A2,A3,A4,A4,A4,A7,A7,A7,A6,A6,A7,A8,A9,
AA,A9,AB,AD,AE,B0,AF,AA,9C,95,90,8B,82,79,70,68,
61,5A,54,52,53,53,53,53,54,57,5B,5D,5E,5F,60,61,
62,62,62,62,62,62,62,62,62,62,62,62,62,62,62,62,
62,62,62,62,63,63,64,64,65,65,65,66,66,67,67,67,
67,67,68,65,64,62,65,77,9A,B5,CD,D1,C7,BD,B6,AF,
A3,9C,93,8D,88,80,77,71,6F,6F,71,71,6D,6B,6C,6A,
6A,6A,6A,6A,6A,6B,6B,6C,6E,6F,71,71,70,70,70,70,
72,73,74,76,78,7A,7C,7E,7E,7B,79,77,76,76,79,7C,
86,8B,91,95,96,95,93,90,8C,8C,8C,8C,8B,8A,8A,89,
8C,89,86,82,7F,80,86,8D,93,94,95,95,94,96,9A,9E,
A0,9F,9D,9A,98,99,9D,A1,A3,A6,A9,AB,AC,AC,AD,AF,
B0,AF,AD,AC,AB,A9,A8,A6,A2,A1,A1,A3,A7,AC,B0,B2,
B0,B0,AF,AF,AF,AF,AF,AF,AF,AF,AF,AE,AE,AD,AD,AD,
AC,AC,AC,AC,AC,AC,AD,AD,AD,AE,AE,AF,AF,AF,AF,AF,
AF,AF,AF,AF,AF,AF,AF,AF,AF,B0,B0,B0,B0,B1,B2,B3,
B7,B7,B8,B9,B9,B9,B9,BA,BB,BB,BC,BC,BC,BB,BB,BB,
BB,BB,BB,BB,BB,BB,BA,BA,B9,B9,B9,B8,B8,B8,B8,B8,
BA,BB,BB,BA,B7,B5,B4,B4,B8,B8,B7,B4,AF,AB,AB,AE,
B5,B8,B8,B8,BD,BF,BF,BF,C1,C2,C5,C5,C0,BF,C1,C1,
BD,BE,BF,C0,C2,C5,C7,C9,CB,CC,CE,CF,CF,CE,CD,CD,
CA,CA,C9,C9,C9,C8,C8,C8,C8,C8,C8,C8,C9,C9,CA,CA,
CB,CA,C9,C7,C7,C7,C7,C7,C8,C8,C8,C8,C8,C7,C7,C6,
C6,C9,D0,D3,D3,D2,D3,D2,D5,DA,DE,DA,D8,CF,BF,9E,
6A,46,31,2A,28,2B,2A,2A,2C,2E,33,35,32,31,33,33,
32,31,30,2F,2F,2F,30,31,32,32,32,32,33,33,34,35,
32,33,33,37,40,4D,5E,6F,7C,85,8C,8F,92,93,92,92,
90,91,94,97,9A,9C,9C,9D,9E,9E,9F,9F,9F,9F,9E,9E,
9D,9D,9D,9D,9D,9E,9E,9E,9E,9E,9E,9D,9D,9D,9D,9D,
9C,9C,9C,9C,9C,9C,9C,9C,9B,9B,9B,9B,9B,9B,9B,9B,
63,64,64,65,66,66,67,67,66,66,65,65,65,65,65,65,
65,66,66,64,61,5F,5F,5F,5F,64,6E,75,79,81,8C,93,
96,9A,9F,A2,A3,A4,A4,A4,A6,A6,A7,A6,A6,A7,A9,AA,
AA,A9,AB,AD,AE,B0,AF,AA,9C,95,8F,8A,81,78,70,68,
61,5A,54,51,52,53,53,53,54,57,5B,5E,5F,60,60,61,
62,62,62,62,62,62,62,62,62,62,62,62,62,62,62,62,
62,62,62,62,62,63,64,64,65,65,65,66,66,67,67,67,
67,67,67,64,63,62,68,7C,A1,BC,D0,D2,C7,BD,B7,AF,
A3,9C,94,8E,88,7F,78,73,73,73,76,76,72,6F,6D,6A,
6B,6B,6A,6A,6B,6B,6C,6C,6E,6F,70,70,6F,6E,6E,6F,
70,72,75,78,7A,7C,7E,7F,7D,7A,77,77,77,79,7E,83,
8C,90,94,95,94,92,90,8E,8C,8D,8E,8E,8E,8C,8B,8A,
89,88,87,86,85,86,8A,8F,94,95,96,95,94,95,97,99,
9A,99,97,94,93,95,9A,9F,A2,A5,A8,AB,AC,AD,AE,AF,
B1,AF,AC,A8,A5,A4,A3,A4,A2,A2,A2,A3,A6,AA,AE,B0,
B1,B1,B0,B0,B0,B0,B0,B0,AF,AF,AE,AE,AD,AD,AD,AC,
AB,AB,AB,AB,AB,AB,AB,AC,AC,AD,AD,AE,AE,AE,AE,AE,
AF,AF,AE,AE,AE,AF,AF,AF,AF,AF,B0,B0,B0,B1,B2,B3,
B6,B7,B8,B9,B9,B9,BA,BB,BB,BB,BC,BB,BB,BB,BA,BA,
BB,BB,BB,BB,BB,BA,B9,B9,B9,B9,B9,B9,B9,B9,B9,BA,
BB,BB,B9,B6,B4,B3,B4,B4,B9,B7,B4,B1,AC,A8,A9,AB,
B1,B5,B7,BA,C0,C2,C1,C1,BF,BF,C1,C0,BC,BC,BF,C0,
BE,BF,C1,C3,C5,C8,CA,CB,CE,CF,D0,D0,CF,CD,CC,CC,
C9,C9,C8,C8,C8,C8,C8,C8,C8,C8,C8,C8,C9,C9,CA,CA,
CA,C9,C7,C6,C6,C7,C8,C8,C9,C8,C7,C6,C6,C7,C8,C9,
C5,C9,CD,D1,D3,D3,D3,D2,D5,D9,DD,DB,DA,CE,BA,95,
5F,3C,2F,2A,28,2D,2A,2B,2D,2E,32,33,2F,2F,32,33,
32,31,30,2F,2F,2F,30,31,32,32,32,32,32,33,33,34,
33,33,33,39,46,55,68,78,83,8B,90,91,93,94,92,91,
90,92,95,99,9B,9D,9E,9E,9F,9F,9F,9F,9F,9F,9F,9E,
9D,9D,9D,9D,9E,9E,9E,9E,9E,9E,9E,9E,9D,9D,9D,9D,
9C,9C,9C,9C,9C,9C,9C,9C,9B,9B,9B,9B,9B,9B,9B,9B,
64,64,65,65,65,66,66,66,66,66,66,65,65,65,65,65,
65,66,66,64,61,5F,5F,5F,5F,64,6E,75,78,81,8C,92,
96,99,9E,A2,A3,A3,A4,A4,A5,A6,A6,A6,A7,A7,A9,AA,
AB,AA,AC,AE,AE,B0,AF,AB,9C,95,8F,8A,81,78,70,69,
61,5A,53,51,52,53,53,53,55,58,5C,5F,60,60,61,62,
62,62,62,62,62,61,61,61,61,61,61,61,62,62,62,62,
62,62,62,62,62,63,63,64,65,65,65,66,66,66,67,67,
68,66,66,63,62,62,69,7F,A4,BF,D0,D2,C7,BB,B7,AC,
A1,9B,95,8F,88,80,79,76,77,78,7C,7C,77,73,6F,6B,
6C,6B,6B,6B,6B,6C,6C,6D,6D,6E,6F,6E,6C,6C,6D,6E,
72,74,78,7A,7C,7C,7C,7C,79,76,75,78,7A,7D,83,89,
93,95,97,95,92,91,8F,8E,8F,90,92,93,92,8F,8D,8B,
85,86,89,8C,8D,8D,8F,90,95,95,96,95,94,94,94,94,
94,94,94,93,92,94,99,9D,A0,A3,A7,AA,AB,AC,AD,AE,
AF,AC,A8,A3,9F,9E,A0,A2,A5,A5,A5,A5,A6,A8,AA,AC,
AF,AF,AF,AF,B0,B0,B0,B0,AF,AF,AE,AE,AE,AD,AD,AD,
AB,AB,AB,AA,AA,AA,AB,AB,AB,AC,AC,AD,AD,AE,AE,AE,
AF,AE,AE,AE,AE,AF,AF,AF,AF,AF,B0,B0,B0,B1,B2,B3,
B5,B6,B7,B8,B9,B9,BA,BB,BB,BB,BB,BA,BA,B9,B9,B8,
BB,BB,BA,BA,B9,B9,B8,B7,B8,B8,B7,B7,B7,B7,B8,B8,
BA,B9,B6,B3,B2,B2,B3,B5,B6,B3,AF,AC,A9,A9,AB,AE,
B4,B8,BA,BD,C3,C5,C2,C0,BD,BB,BC,BC,BA,BC,C1,C2,
C2,C3,C4,C6,C8,CA,CC,CD,CF,CF,D0,CF,CD,CB,CA,C9,
C8,C8,C7,C7,C7,C7,C7,C8,C8,C8,C8,C8,C9,C9,CA,CA,
C9,C8,C6,C6,C7,C8,C9,CA,C8,C6,C2,C0,C0,C2,C6,C8,
C5,C8,CB,CE,D2,D3,D1,D2,D5,D6,DA,DA,DA,CA,AF,86,
55,35,2F,2D,29,2D,29,2B,2D,2E,31,30,2B,2C,30,32,
31,31,2F,2F,2F,2F,30,31,32,32,32,32,32,32,32,32,
33,34,36,40,50,60,72,81,88,8F,91,91,93,93,91,90,
90,92,96,9A,9D,9E,9F,9F,9F,9F,9E,9F,A0,A0,9F,9E,
9E,9E,9E,9E,9E,9E,9E,9E,9E,9E,9E,9E,9E,9E,9E,9E,
9C,9C,9C,9C,9C,9C,9C,9C,9B,9B,9B,9B,9B,9B,9B,9B,
65,65,65,65,65,66,66,66,66,66,66,66,65,65,65,65,
65,66,66,64,61,5F,5F,5F,60,65,6E,75,78,80,8C,92,
95,99,9E,A2,A3,A3,A3,A4,A5,A5,A6,A6,A7,A8,A9,AA,
AB,AA,AC,AE,AF,B1,B0,AB,9C,95,8F,8A,81,78,70,69,
62,5B,53,51,52,53,53,53,55,58,5C,5F,60,60,61,62,
62,62,62,62,62,61,61,61,61,61,61,61,61,62,62,62,
61,61,61,62,62,63,63,63,65,65,65,66,66,66,67,67,
68,66,65,62,62,62,6A,80,A4,C0,CF,D1,C6,BA,B5,A9,
A1,9D,97,91,8A,82,7C,7A,79,7B,7F,80,7B,75,71,6D,
6C,6C,6B,6B,6B,6C,6D,6D,6D,6D,6E,6D,6B,6B,6C,6E,
75,77,7B,7C,7C,7B,79,78,75,73,74,79,7D,80,87,8D,
96,97,97,93,90,8E,8E,8D,90,91,93,94,93,90,8C,89,
84,86,8B,91,93,92,92,92,95,95,96,95,95,93,92,91,
90,91,92,92,91,93,97,9A,9F,A2,A6,A9,AA,AB,AC,AC,
AB,A8,A4,9E,9B,9B,9F,A3,A8,A8,A9,A8,A7,A7,A8,AA,
AC,AC,AD,AE,AE,AF,AF,AF,AF,AF,AF,AE,AE,AE,AD,AD,
AB,AB,AA,AA,AA,AA,AA,AA,AB,AB,AC,AC,AD,AD,AD,AD,
AE,AE,AE,AE,AE,AF,AF,AF,AF,AF,B0,B0,B0,B1,B2,B3,
B4,B5,B7,B8,B9,B9,BA,BB,BA,BA,BA,B9,B9,B8,B8,B7,
BA,BA,B9,B9,B8,B7,B7,B6,B6,B6,B6,B5,B5,B5,B5,B5,
B8,B7,B4,B2,B1,B1,B3,B4,B2,AE,AA,A8,A8,AB,AF,B3,
B8,BB,BC,BE,C3,C3,BF,BC,BA,B9,BA,BB,BA,BE,C3,C5,
C6,C6,C6,C7,C9,CB,CE,CF,CF,CF,CE,CD,CA,C8,C7,C7,
C7,C7,C7,C6,C6,C7,C7,C7,C8,C8,C8,C8,C9,C9,CA,CA,
C9,C7,C5,C5,C7,C9,CB,CB,C5,C1,BB,B8,B8,BB,C1,C5,
C6,C8,C9,CC,D1,D2,D0,D1,D3,D2,D5,D7,D7,C3,A3,78,
4F,31,30,2F,29,2C,28,2C,2E,2E,2F,2E,29,29,2F,31,
31,30,2F,2E,2E,2F,30,31,33,32,32,32,31,31,31,31,
33,34,39,45,58,69,7A,88,8A,90,92,91,93,93,90,8F,
90,93,96,9A,9D,9F,A0,A0,9F,9F,9E,9F,A0,A0,9F,9E,
9E,9E,9E,9E,9E,9E,9E,9E,9E,9E,9E,9E,9E,9E,9E,9E,
9C,9C,9C,9C,9C,9C,9C,9C,9B,9B,9B,9B,9B,9B,9B,9B,
65,66,66,66,66,66,66,66,66,66,66,66,66,66,65,65,
65,65,66,64,61,5F,5E,5E,5E,64,6E,75,77,7F,8B,92,
95,99,9E,A1,A3,A3,A3,A3,A5,A6,A7,A6,A6,A6,A8,A9,
A9,AA,AC,AD,AE,B1,B0,AA,9D,94,8E,88,80,78,71,6A,
61,5B,54,51,51,52,53,54,54,58,5D,60,61,61,61,62,
62,62,62,61,61,61,61,61,61,61,61,61,62,62,62,62,
61,61,61,61,62,62,63,63,64,64,65,65,66,66,66,66,
68,66,60,5F,5E,65,6B,7F,A4,C0,CC,D1,C9,C0,B0,A7,
A2,9D,99,94,8B,84,80,7D,7E,7F,81,81,7F,79,72,6D,
6E,6C,6B,6A,6C,6D,6E,6E,6E,6C,6B,6B,6A,6A,6D,70,
79,7B,7D,7B,79,77,74,70,70,72,76,7B,80,86,8A,8E,
95,96,95,92,90,8F,8F,8E,90,91,91,90,8E,8B,88,85,
82,86,8C,92,95,96,95,94,97,98,99,98,95,93,91,91,
8D,8F,90,93,97,97,97,9A,A0,A3,A5,A8,AD,AC,AA,AA,
A6,A2,9D,9A,99,9A,9F,A5,AC,AD,AD,AC,AA,A8,A7,A7,
AA,AA,AB,AC,AD,AE,AF,B0,AF,AF,AF,AE,AE,AD,AD,AC,
AB,AB,AA,AA,AA,AA,AA,AA,AB,AB,AC,AC,AC,AD,AD,AD,
AE,AE,AE,AE,AE,AE,AE,AF,B0,B0,B0,B0,B0,B1,B2,B3,
B6,B6,B7,B8,B9,B9,B9,B9,B9,B9,B9,B8,B8,B8,B7,B7,
B7,B7,B6,B5,B4,B3,B3,B3,B3,B3,B3,B2,B1,B0,B0,B1,
B2,B2,B3,B4,B4,B3,B0,AF,A9,A7,A5,A6,AA,B1,B8,BC,
C0,C0,BD,BB,BC,BA,B7,B7,B6,BA,BE,C0,C1,C3,C8,CC,
C9,C9,C9,CA,CB,CC,CD,CE,CE,CE,CD,CB,CA,C9,C8,C7,
C7,C7,C7,C7,C7,C7,C7,C6,C8,C8,C7,C7,C8,C8,C9,C9,
C9,C8,C6,C6,C8,CB,CA,C7,C2,B8,AD,A9,AA,AF,B8,C0,
C6,C9,CA,CA,CD,CD,CC,CD,CE,CE,D3,D6,D3,BC,8A,64,
41,35,2E,2C,2A,2A,2B,2B,2E,2D,2C,2A,28,29,2D,31,
31,30,2F,2E,2E,2F,30,31,32,32,32,31,30,30,31,31,
32,38,42,51,62,75,84,8C,8E,8F,90,92,94,93,92,90,
92,95,99,9C,9E,9F,9F,A0,9E,9F,9F,9F,9F,9F,9F,9F,
9E,9E,9E,9E,9E,9E,9F,9F,9F,9F,9E,9E,9E,9E,9D,9D,
9C,9C,9C,9C,9C,9C,9C,9C,9B,9B,9B,9B,9B,9B,9B,9B,
66,66,66,66,66,66,66,66,66,66,66,66,66,65,65,65,
65,65,66,64,61,5F,5E,5E,5E,63,6E,74,77,7F,8B,91,
94,98,9D,A1,A2,A2,A3,A3,A5,A6,A7,A6,A6,A6,A8,A9,
AA,AA,AC,AD,AE,B1,B1,AB,9D,94,8D,88,80,78,71,69,
62,5B,54,51,51,52,53,54,55,59,5E,61,61,61,62,62,
62,62,62,61,61,61,61,61,61,61,61,61,62,62,62,62,
61,61,61,61,62,62,63,63,64,64,65,65,65,66,66,66,
68,66,60,5F,5E,65,6B,81,A4,C1,CD,D2,CB,C1,B1,A6,
A3,9E,9B,96,8D,86,82,7F,82,82,83,83,80,7B,74,6F,
6E,6C,6B,6A,6B,6C,6D,6E,6E,6C,6B,6B,6B,6C,6E,71,
7B,7D,7D,79,75,72,6E,6B,6E,73,7B,81,85,88,8B,8C,
91,93,93,92,90,90,8F,8D,8E,8D,8B,89,86,84,82,81,
85,88,8E,92,95,96,96,97,99,99,99,97,93,90,8F,8F,
8C,8F,90,94,98,98,98,9B,9E,A2,A5,A9,AD,AC,A9,A8,
A4,A0,9C,9A,9A,9D,A3,A8,AE,AF,AF,AD,AB,A9,A8,A8,
A8,A8,A9,AA,AB,AD,AE,AF,AE,AE,AE,AE,AE,AD,AC,AC,
AB,AB,AA,AA,AA,AA,AA,AA,AB,AB,AC,AC,AC,AD,AD,AD,
AE,AE,AE,AE,AE,AE,AE,AE,AF,B0,B0,B0,B0,B1,B2,B3,
B6,B6,B7,B8,B9,B9,B9,B9,B8,B8,B8,B7,B7,B7,B6,B6,
B6,B5,B4,B3,B2,B2,B1,B1,B1,B1,B1,B1,AF,AE,AE,AF,
AE,AF,B1,B2,B2,B0,AD,AB,A4,A4,A6,AB,B1,B8,BD,C0,
C4,C2,BE,BA,BA,B8,B5,B5,B8,BC,C1,C4,C5,C7,CA,CE,
C9,C9,CA,CA,CA,CB,CB,CC,CD,CC,CC,CA,C9,C8,C7,C7,
C7,C7,C7,C7,C7,C7,C7,C7,C8,C8,C8,C8,C8,C8,C9,C9,
CB,CA,C8,C8,CA,CB,C9,C6,BC,B1,A5,A0,A1,A6,AF,B8,
C2,C6,C8,C9,CB,C9,C8,C9,C9,CD,D5,D6,D0,B1,77,4F,
3C,32,2C,2B,29,29,2A,2A,2F,2E,2C,2A,29,2A,2F,32,
31,30,2F,2E,2E,2F,31,31,32,32,31,31,30,31,32,32,
32,3A,48,59,6C,7E,8B,90,8F,90,91,92,94,93,92,90,
93,96,99,9D,9E,9F,9F,A0,9E,9F,9F,9F,9F,9F,9F,9E,
9E,9E,9E,9E,9E,9E,9E,9E,9F,9E,9E,9E,9E,9E,9D,9D,
9C,9C,9C,9C,9C,9C,9C,9C,9B,9B,9B,9B,9B,9B,9B,9B,
66,66,66,66,66,66,66,66,66,66,66,66,66,65,65,65,
65,65,66,64,61,5F,5E,5E,5E,63,6D,74,76,7E,8A,91,
93,97,9C,A0,A2,A2,A2,A3,A5,A6,A6,A6,A6,A6,A8,A9,
AA,AA,AC,AD,AE,B2,B1,AB,9D,94,8D,87,7F,78,70,69,
62,5B,54,51,51,52,53,54,55,59,5E,61,61,61,62,63,
62,62,62,61,61,61,60,60,61,61,61,61,61,62,62,62,
61,61,61,61,62,62,63,63,64,64,65,65,65,66,66,66,
68,66,61,60,5E,65,6C,83,A4,C1,CD,D4,CD,C3,B1,A6,
A5,A0,9D,98,8F,89,86,84,84,84,83,82,80,7B,74,6F,
6F,6D,6A,69,69,6B,6C,6D,6D,6D,6C,6D,6D,6E,70,73,
7A,7B,7A,75,6F,6B,68,67,6E,76,82,8A,8C,8C,8B,8B,
8D,8F,91,91,92,92,8F,8C,89,85,81,7F,7D,7A,7A,7C,
89,8C,90,92,93,95,97,99,9C,9B,99,95,91,8D,8C,8C,
8B,8D,8F,93,97,97,96,98,9C,A1,A4,A8,AC,AA,A6,A5,
A1,9E,9C,9C,9E,A1,A7,AC,B0,B0,AF,AD,AB,A9,A8,A8,
A6,A6,A7,A8,A9,AB,AC,AD,AD,AD,AD,AD,AD,AC,AC,AB,
AB,AB,AB,AA,AA,AA,AA,AA,AB,AB,AB,AC,AC,AD,AD,AD,
AE,AE,AD,AD,AD,AD,AD,AE,AE,AF,AF,AF,AF,B0,B2,B3,
B6,B6,B7,B8,B9,B9,B9,B8,B7,B6,B6,B6,B6,B5,B5,B5,
B4,B3,B2,B1,B0,AF,AF,AF,B0,B0,B0,AF,AD,AC,AC,AC,
AD,AD,AF,B0,AF,AC,A8,A5,A0,A4,AB,B4,BB,C0,C2,C2,
C3,C2,BC,B8,B8,B7,B5,B5,BA,BE,C4,C7,C7,C8,CA,CC,
CA,CA,C9,C9,C9,C9,C9,C9,CA,CA,CA,C9,C8,C8,C7,C7,
C8,C8,C8,C8,C8,C8,C8,C8,C8,C8,C8,C8,C8,C8,C8,C8,
CB,CA,CA,CA,CB,CB,C7,C2,B6,AC,A0,9A,9B,A0,A9,B1,
BB,C1,C4,C5,C5,C3,C2,C5,C7,D0,D8,D6,CB,A3,63,3B,
35,2F,2B,2B,29,29,2B,2B,2F,2F,2D,2B,2B,2D,31,33,
31,30,2F,2F,2F,30,31,32,33,32,31,31,32,33,35,36,
36,40,51,64,78,88,91,93,91,91,92,93,93,93,92,91,
94,97,9A,9D,9E,9F,9F,A0,9E,9E,9F,9F,9F,9F,9E,9E,
9D,9D,9D,9E,9E,9E,9E,9E,9E,9E,9E,9E,9E,9D,9D,9D,
9C,9C,9C,9C,9C,9C,9C,9C,9B,9B,9B,9B,9B,9B,9B,9B,
67,67,67,66,66,66,66,66,66,66,66,66,66,66,65,65,
65,65,66,64,61,5F,5E,5E,5E,63,6D,74,76,7E,8A,91,
93,97,9C,A0,A2,A2,A2,A3,A5,A6,A6,A6,A6,A6,A8,AA,
AB,AB,AC,AE,AE,B2,B1,AC,9D,94,8C,87,7F,77,70,69,
62,5B,54,51,51,52,53,54,56,5A,5F,61,62,61,62,63,
62,62,61,61,61,60,60,60,60,60,60,61,61,62,62,62,
61,61,61,61,62,62,63,63,64,64,64,65,65,66,66,66,
68,67,63,62,5F,65,6C,84,A7,C3,CD,D3,CC,C3,B2,A7,
A5,A1,9E,9A,91,8C,8A,88,87,85,83,82,7F,7A,74,70,
70,6E,6A,68,67,68,6A,6C,6C,6D,6D,6D,6E,6F,71,73,
76,76,74,6F,6A,68,69,6A,73,7D,89,90,91,8E,8B,8A,
8B,8D,90,92,94,93,90,8C,87,81,7C,7A,78,76,78,7D,
8D,90,92,92,92,93,96,99,9C,9B,98,94,8F,8C,8B,8C,
8C,8F,90,93,97,95,93,94,99,9D,9F,A1,A5,A3,A0,9F,
9F,9F,9F,A1,A3,A7,AC,AF,AF,AE,AC,AB,A9,A7,A7,A7,
A4,A5,A5,A6,A8,A9,AA,AB,AC,AC,AC,AC,AC,AB,AB,AB,
AB,AA,AA,AA,A9,A9,A9,AA,AA,AA,AA,AB,AB,AC,AC,AC,
AD,AC,AC,AC,AC,AC,AC,AC,AD,AD,AE,AE,AF,AF,B1,B2,
B5,B6,B7,B8,B9,B8,B8,B8,B6,B6,B5,B5,B5,B4,B4,B4,
B3,B2,B1,B0,AF,AE,AE,AE,AF,AF,AF,AD,AC,AA,AA,AA,
AF,AF,AF,AE,AC,A9,A5,A3,A4,AA,B3,BD,C3,C4,C1,BE,
C0,BF,BB,BA,BC,BD,BC,BD,BE,C2,C6,C8,C7,C7,C8,C9,
C9,C9,C8,C7,C7,C6,C6,C7,C8,C8,C8,C8,C8,C8,C7,C7,
C8,C8,C8,C8,C8,C8,C8,C8,C8,C8,C8,C8,C8,C8,C8,C8,
C9,CA,CA,CA,CA,C8,C2,BD,B2,A9,A0,9B,9C,A0,A7,AC,
B3,B9,BD,BE,BE,BB,BC,C2,C8,D2,D8,D0,BE,92,55,32,
30,2C,2C,2D,2B,2B,2D,2D,30,2F,2F,2E,2F,30,32,33,
31,30,30,2F,30,30,31,32,34,32,32,33,36,38,3A,3C,
3E,49,5B,6E,80,8D,92,93,92,92,92,93,93,93,92,92,
96,98,9B,9D,9E,9F,9F,9F,9E,9E,9F,9F,9F,9F,9E,9E,
9D,9D,9D,9D,9D,9D,9D,9E,9E,9E,9E,9E,9D,9D,9D,9D,
9C,9C,9C,9C,9C,9C,9C,9C,9B,9B,9B,9B,9B,9B,9B,9B,
68,67,67,66,66,66,66,66,67,67,67,67,66,66,65,65,
65,65,66,64,61,5F,5E,5E,5E,64,6D,74,76,7E,8A,91,
93,97,9D,A0,A2,A2,A3,A3,A5,A6,A7,A6,A6,A7,A8,AA,
AB,AB,AD,AE,AE,B2,B2,AC,9D,94,8C,86,7E,77,70,6A,
62,5B,54,50,50,51,53,54,56,5A,5F,62,62,61,62,63,
62,62,61,61,61,60,60,60,60,60,60,61,61,61,62,62,
61,61,61,61,62,62,63,63,64,64,64,65,65,66,66,66,
69,68,64,63,5F,63,6A,83,AA,C4,CC,CF,C8,C0,B2,A8,
A5,A1,9F,9B,92,8D,8C,8C,8A,87,84,82,7F,7C,76,72,
72,6F,6B,67,65,66,68,6A,6C,6D,6E,6E,6E,6F,71,72,
72,71,6F,6C,69,6A,6E,73,7C,84,8E,93,92,8E,8A,89,
8B,8D,90,92,93,93,8F,8B,85,7F,7B,7C,7B,7B,7F,85,
91,93,95,94,92,92,94,96,99,99,97,93,8F,8D,8E,8F,
92,94,94,95,98,95,92,92,95,97,98,99,9C,9B,98,99,
9F,A1,A4,A6,A8,AB,AD,AE,AC,AB,AA,A8,A7,A6,A6,A5,
A4,A4,A5,A5,A6,A8,A9,A9,AA,AA,AA,AA,AA,AA,AA,A9,
A9,A9,A9,A8,A8,A8,A8,A8,A8,A8,A8,A9,AA,AA,AB,AB,
AA,AA,AA,AA,AA,AA,AA,AA,AB,AC,AD,AD,AD,AE,AF,B0,
B4,B5,B6,B7,B8,B8,B7,B7,B5,B5,B4,B4,B3,B3,B3,B3,
B3,B2,B0,AF,AE,AE,AE,AE,AF,AF,AE,AD,AB,A9,A9,A9,
B0,AE,AC,AB,AA,A9,A8,A7,AD,B2,BA,C2,C5,C3,BF,BB,
BE,BF,BE,C0,C4,C6,C5,C7,C6,C8,CA,CA,C8,C7,C8,C9,
C7,C7,C6,C5,C5,C5,C5,C5,C6,C7,C7,C8,C8,C8,C8,C8,
C7,C7,C7,C7,C7,C8,C8,C8,C9,C9,C9,C9,C9,C9,C9,C8,
C8,C9,CA,CA,C9,C4,BD,B6,AB,A6,A1,9F,9F,A2,A5,A7,
AB,AE,B1,B2,B4,B4,B8,BF,C7,D0,D4,C5,A8,7B,48,2D,
2C,2B,2F,31,2F,2F,30,30,2F,30,31,32,33,33,32,32,
31,30,30,30,30,31,31,31,34,32,33,36,39,3C,40,44,
49,54,65,77,85,8F,92,92,93,93,92,92,92,92,93,93,
98,9A,9C,9D,9E,9E,9E,9F,9E,9E,9F,9F,9F,9E,9E,9D,
9C,9C,9C,9D,9D,9D,9D,9D,9E,9E,9D,9D,9D,9D,9C,9C,
9C,9C,9C,9C,9C,9C,9C,9C,9B,9B,9B,9B,9B,9B,9B,9B,
68,68,67,66,65,65,65,66,67,67,67,67,66,66,65,65,
65,65,66,64,61,5F,5E,5E,5E,63,6D,73,75,7D,8A,91,
94,97,9D,A1,A2,A3,A3,A4,A5,A6,A7,A7,A6,A7,A9,AB,
AB,AB,AC,AD,AE,B2,B2,AC,9D,94,8C,86,7E,77,70,6A,
63,5C,54,50,50,51,53,54,56,5A,5F,61,62,61,62,63,
62,62,61,61,60,60,60,5F,5F,5F,60,60,61,61,62,62,
61,61,61,61,62,62,63,63,64,64,64,65,65,65,66,66,
68,68,65,64,5F,61,68,81,AC,C5,CA,CA,C1,BA,AF,A8,
A4,A0,9E,9A,92,8E,8E,8E,8B,88,83,81,7F,7C,77,74,
75,71,6B,66,63,63,65,67,6B,6D,6E,6E,6E,6F,6F,6F,
6E,6E,6D,6D,6D,70,77,7C,85,8A,8F,91,8E,8B,89,88,
8B,8D,8F,8F,8E,8D,8A,86,80,7D,7B,7D,7F,82,86,8B,
92,94,96,96,95,93,93,93,95,95,95,94,92,91,92,93,
96,96,94,94,96,93,90,90,95,97,95,95,98,98,97,98,
9F,A3,A7,A9,AA,AB,AB,AB,AA,A9,A8,A7,A6,A6,A6,A5,
A5,A5,A5,A5,A6,A6,A7,A7,A8,A8,A8,A9,A9,A9,A8,A8,
A7,A7,A7,A6,A6,A5,A5,A5,A5,A5,A6,A7,A7,A8,A8,A9,
A8,A8,A8,A8,A8,A8,A9,A9,AA,AA,AB,AC,AC,AC,AD,AE,
B2,B3,B5,B6,B7,B7,B7,B6,B4,B4,B3,B2,B1,B1,B1,B1,
B1,B0,AF,AE,AD,AD,AD,AD,AE,AE,AD,AC,AA,A8,A8,A8,
AD,AB,A9,A8,AA,AD,B0,B2,B5,B8,BD,C1,C3,C1,BE,BB,
BE,C0,C0,C3,C8,C9,C8,C9,C9,CA,CA,C9,C7,C6,C7,C8,
C6,C5,C4,C3,C3,C3,C4,C4,C5,C6,C6,C7,C8,C8,C8,C8,
C6,C7,C7,C7,C7,C7,C8,C8,C9,C9,C9,C9,C9,C9,C9,C9,
C9,CA,CB,CA,C6,C0,B7,B0,A6,A4,A3,A3,A4,A4,A3,A2,
A2,A2,A3,A5,AA,AE,B4,BD,C8,CD,CF,B7,8D,62,3B,29,
2A,2B,31,34,33,33,33,32,2F,30,31,34,35,34,31,2F,
30,30,30,30,30,31,31,31,33,32,33,38,3C,41,47,4D,
55,61,71,7F,8A,91,93,93,93,93,93,92,92,93,94,96,
9A,9B,9C,9D,9D,9D,9E,9E,9E,9E,9F,9F,9F,9E,9D,9D,
9C,9C,9C,9C,9C,9C,9C,9C,9D,9D,9D,9C,9C,9C,9C,9C,
9C,9C,9C,9C,9C,9C,9C,9C,9B,9B,9B,9B,9B,9B,9B,9B,
68,68,67,66,65,65,65,65,66,66,66,66,66,65,65,64,
65,65,66,64,61,5F,5E,5E,5E,63,6C,72,74,7C,89,90,
93,97,9D,A1,A2,A3,A3,A4,A5,A6,A7,A7,A7,A8,AA,AB,
AB,AB,AC,AD,AE,B2,B2,AC,9E,94,8C,86,7E,77,71,6A,
63,5C,54,50,50,51,52,54,56,5A,5F,61,61,61,61,62,
62,62,61,61,60,60,5F,5F,5F,5F,5F,60,61,61,61,62,
61,61,61,61,62,62,63,63,64,64,64,65,65,65,66,66,
65,66,64,64,5E,5F,65,7F,AC,C4,C7,C5,BB,B4,AB,A7,
A2,9F,9E,9A,92,8E,8F,90,8C,88,83,80,7F,7D,79,76,
77,73,6C,65,61,60,63,65,6A,6C,6E,6D,6D,6D,6D,6C,
6B,6B,6D,71,75,7A,80,85,8B,8D,8E,8D,8A,88,87,87,
8A,8B,8B,89,86,84,82,7F,7B,7B,7C,7F,83,88,8C,8F,
90,92,96,97,96,94,91,8F,91,92,94,95,95,95,96,97,
96,95,92,91,93,91,8E,8F,96,97,96,96,99,9A,99,9B,
A0,A4,A7,A7,A8,A9,A8,A7,A7,A6,A6,A6,A6,A7,A6,A6,
A6,A5,A5,A5,A5,A5,A5,A6,A6,A6,A7,A7,A7,A7,A7,A7,
A5,A5,A4,A4,A3,A3,A3,A3,A3,A3,A3,A4,A5,A6,A6,A6,
A7,A7,A7,A7,A7,A8,A8,A9,A9,A9,AA,AB,AB,AB,AC,AD,
B1,B2,B4,B5,B6,B6,B6,B5,B3,B2,B1,B0,AF,AE,AE,AE,
AF,AE,AD,AC,AB,AB,AB,AC,AC,AC,AB,AA,A8,A6,A6,A6,
AA,A9,A7,A8,AD,B4,BA,BD,BC,BC,BC,BD,BE,BE,BE,BD,
BF,C1,C0,C2,C7,C7,C6,C6,C6,C7,C7,C7,C5,C5,C5,C6,
C5,C4,C3,C2,C1,C2,C2,C3,C4,C5,C6,C7,C8,C8,C8,C8,
C6,C6,C7,C7,C7,C7,C8,C8,C9,C9,CA,CA,CA,CA,CA,CA,
C9,CB,CB,C8,C3,BB,B0,A8,A3,A4,A5,A6,A7,A5,A1,9E,
9A,99,98,9C,A5,AB,B3,BC,CA,C9,C8,A7,72,4A,32,28,
28,2A,31,36,36,36,35,31,2F,30,31,33,35,33,30,2D,
30,30,30,30,30,31,31,31,32,32,36,3B,40,45,4E,56,
61,6C,7B,87,8D,92,93,94,93,94,93,93,93,94,96,98,
9B,9C,9D,9D,9D,9D,9D,9E,9E,9E,9F,9F,9F,9E,9D,9C,
9B,9B,9B,9C,9C,9C,9C,9C,9C,9C,9C,9C,9B,9B,9B,9B,
9C,9C,9C,9C,9C,9C,9C,9C,9B,9B,9B,9B,9B,9B,9B,9B,
68,68,66,65,65,65,65,65,66,66,66,66,65,65,64,64,
65,65,66,64,61,5F,5E,5E,5D,62,6B,71,74,7C,88,8F,
93,97,9C,A0,A2,A3,A3,A4,A6,A7,A8,A8,A7,A8,AA,AC,
AB,AB,AC,AD,AE,B1,B1,AC,9E,94,8C,86,7E,77,71,6B,
63,5C,54,50,50,51,52,54,56,5A,5F,61,61,61,61,62,
62,62,61,61,60,60,5F,5F,5F,5F,5F,60,60,61,61,62,
61,61,61,61,62,62,63,63,64,64,64,64,65,65,66,66,
63,64,63,64,5D,5D,64,7E,AB,C3,C6,C2,B7,B0,A8,A5,
A2,9F,9D,9A,92,8F,90,91,8E,8A,85,81,81,7F,7C,79,
78,74,6D,65,60,5F,61,64,6A,6C,6E,6C,6C,6C,6B,6A,
68,69,6D,74,7B,81,86,8B,8E,8E,8C,8A,87,86,86,86,
89,8A,89,85,80,7E,7C,7A,79,7B,7E,82,87,8D,91,93,
8C,8F,94,97,97,93,8F,8C,8E,91,94,96,97,97,99,9A,
97,95,91,90,93,91,8F,91,95,97,96,96,9A,9B,9A,9C,
A0,A3,A5,A5,A5,A6,A6,A5,A5,A4,A4,A5,A6,A7,A6,A5,
A6,A6,A5,A5,A4,A4,A4,A5,A5,A6,A6,A6,A7,A7,A7,A6,
A4,A4,A3,A3,A2,A2,A2,A2,A1,A1,A2,A3,A3,A4,A5,A5,
A6,A6,A6,A6,A7,A8,A8,A9,A8,A9,AA,AA,AA,AA,AB,AC,
B0,B1,B3,B5,B6,B6,B5,B5,B2,B1,AF,AE,AD,AC,AC,AC,
AD,AC,AB,AA,A9,A9,AA,AB,AA,AA,A9,A8,A6,A4,A4,A4,
AA,A9,A8,AA,B0,B8,C0,C4,C0,BD,BB,B9,BA,BC,BE,BF,
C1,C2,C1,C2,C6,C6,C4,C5,C3,C5,C6,C6,C5,C5,C6,C6,
C5,C4,C2,C1,C1,C1,C1,C2,C3,C4,C5,C6,C7,C7,C7,C7,
C6,C7,C7,C7,C7,C8,C8,C8,C9,C9,CA,CA,CB,CB,CB,CA,
C9,CB,CA,C6,C0,B7,AB,A3,A1,A3,A5,A7,A7,A4,9F,9A,
97,94,93,99,A4,AC,B3,BC,CA,C5,C1,9A,5E,3A,2D,28,
27,2A,31,37,37,37,35,31,30,2F,30,32,33,32,2F,2C,
30,30,30,30,30,30,30,30,33,34,38,3E,43,49,53,5C,
69,74,82,8B,8F,91,92,92,94,94,94,93,93,95,98,9A,
9B,9C,9D,9D,9D,9C,9D,9D,9E,9E,9F,9F,9F,9E,9D,9C,
9B,9B,9B,9B,9C,9C,9C,9C,9C,9C,9C,9B,9B,9B,9B,9A,
9C,9C,9C,9C,9C,9C,9C,9C,9B,9B,9B,9B,9B,9B,9B,9B,
65,65,64,64,64,63,64,64,64,64,63,62,62,61,61,61,
62,62,61,60,5F,5F,5F,5F,60,61,63,67,6F,79,85,8C,
91,95,9B,9F,A1,A2,A2,A2,A5,A7,A8,A8,A7,A7,A8,A9,
AA,AA,A9,AB,AF,B2,B0,AC,A0,96,8D,87,80,79,72,6C,
65,5D,54,50,4F,50,51,53,56,5A,5F,61,61,61,62,63,
62,62,61,61,61,61,61,61,61,60,60,60,60,60,60,61,
61,61,62,62,63,63,63,63,63,62,63,64,65,66,66,66,
62,62,60,5D,5F,5F,66,7E,A7,BF,C9,C3,B5,AC,AA,A6,
A0,9E,9B,98,95,93,91,8F,8E,8B,8B,89,85,82,80,7D,
77,71,6A,65,62,61,63,65,67,69,6B,6C,6B,6A,68,66,
61,68,73,7D,83,86,87,87,8A,8B,8B,89,86,85,88,8B,
90,8E,89,81,7A,78,78,79,79,7D,81,83,86,8B,8F,91,
91,92,93,93,92,90,8E,8C,8F,90,92,94,96,95,94,93,
91,92,95,99,9C,9B,97,93,93,90,90,93,97,98,99,9A,
9F,A1,A3,A3,A2,A1,A2,A3,A1,A2,A3,A4,A4,A5,A6,A6,
A7,A4,A2,A2,A3,A5,A5,A5,A5,A6,A7,A9,AA,A9,A7,A5,
A6,A5,A4,A3,A2,A2,A2,A2,9F,A0,A0,A0,A1,A2,A5,A7,
A5,A5,A5,A6,A7,A8,AA,AB,AB,AB,AA,A9,A9,A9,AB,AC,
AE,B0,B5,B8,B8,B6,B2,B0,AD,AC,AA,AA,AB,AB,A9,A8,
AA,A8,A7,A7,A7,A9,A9,A9,A7,A5,A3,A2,A2,A3,A4,A4,
A9,AA,AD,B1,B6,BA,BD,BE,BB,BB,BA,BB,BC,BE,C0,C2,
C1,C1,C1,C2,C3,C3,C4,C4,C4,C4,C5,C5,C5,C5,C5,C5,
C4,C3,C2,C1,C1,C0,C0,C0,C2,C4,C6,C7,C8,C9,C9,CA,
CA,C8,C7,C6,C8,C9,CB,CC,CB,CB,CA,CB,CC,CD,CD,CE,
D2,D0,C6,BD,B8,AE,A3,A1,A3,A3,A2,A1,A2,A2,9F,9B,
95,95,94,9D,AE,B5,B6,BB,C6,C6,C4,9E,55,2D,2D,24,
26,2A,2F,33,34,34,32,31,31,31,31,31,2F,2F,2F,30,
2D,2C,2D,30,32,31,2F,2E,32,37,3E,43,45,4B,58,64,
6E,78,83,8A,90,94,93,8F,8F,90,91,94,98,9A,9B,9A,
9C,9C,9D,9D,9D,9D,9D,9D,9D,9D,9D,9D,9D,9D,9C,9C,
9C,9C,9C,9C,9C,9C,9C,9C,9C,9C,9C,9C,9C,9C,9C,9C,
9D,9D,9D,9D,9D,9D,9D,9D,9C,9C,9C,9C,9C,9C,9B,9B,
65,64,64,63,63,63,63,63,62,62,62,61,60,60,60,5F,
61,61,61,61,60,5F,5F,60,60,61,63,67,6F,79,85,8C,
91,96,9B,A0,A1,A2,A2,A3,A5,A7,A8,A8,A7,A7,A8,A9,
AA,AA,A9,AB,AF,B2,B0,AC,A0,96,8E,88,80,7A,73,6C,
66,5E,55,50,4F,50,51,53,56,5A,5E,61,61,61,61,62,
61,61,61,61,61,61,61,61,61,61,60,60,60,60,60,60,
61,61,62,62,63,63,63,63,63,62,63,63,65,66,66,66,
62,61,5F,5D,60,62,6A,81,A7,C0,C9,C3,B6,AC,AA,A7,
A2,A1,9E,9B,98,95,92,90,8E,8B,8B,89,85,82,80,7D,
77,71,6B,66,63,62,63,65,65,67,68,6A,6A,69,68,67,
65,6D,78,81,87,89,89,89,89,8A,8A,89,87,88,8A,8D,
8D,89,83,7C,76,74,75,78,7B,80,84,87,89,8D,8F,90,
90,90,91,91,91,8F,8E,8D,8E,8F,91,93,95,94,93,91,
91,93,96,99,9B,9A,96,93,92,91,93,97,99,99,99,9A,
9D,9F,A0,A0,9F,9F,A0,A2,A1,A2,A4,A6,A6,A6,A7,A7,
A5,A3,A2,A1,A1,A2,A2,A3,A6,A6,A6,A6,A7,A7,A7,A7,
A9,A7,A4,A2,A0,9F,9F,A0,A1,A1,A1,A1,A0,A1,A3,A4,
A5,A5,A5,A6,A7,A9,AB,AC,AD,AC,AB,AA,A9,A9,AA,AB,
AE,B0,B2,B4,B4,B3,B1,AF,AB,A9,A7,A7,A8,A9,A8,A8,
A7,A6,A5,A6,A6,A7,A7,A6,A3,A2,A0,A0,A3,A6,A9,AB,
AD,AE,B1,B4,B7,BA,BC,BD,BD,BD,BD,BD,BE,C0,C1,C1,
C1,C1,C1,C2,C3,C3,C4,C4,C4,C4,C5,C5,C5,C5,C5,C5,
C4,C3,C2,C1,C1,C1,C1,C1,C3,C5,C7,C8,C9,C9,C9,CA,
CA,C8,C7,C7,C8,CA,CB,CC,CA,CA,CA,CB,CC,CD,CD,CC,
D0,CE,C3,B8,B2,A8,9E,9C,A1,A3,A5,A4,A3,A0,99,93,
94,97,99,A0,AD,B3,B5,BB,C3,C0,B6,90,4F,2B,2B,25,
26,29,2E,31,32,32,30,30,31,32,32,31,30,2F,2F,2F,
2D,2D,2E,31,32,31,2F,2E,34,39,40,45,49,50,5D,69,
71,7A,85,8C,91,95,93,90,90,90,92,95,99,9B,9B,9B,
9C,9C,9D,9D,9D,9D,9D,9D,9D,9D,9D,9D,9D,9D,9C,9C,
9C,9C,9C,9C,9C,9C,9C,9C,9C,9C,9C,9C,9C,9C,9C,9C,
9C,9C,9C,9C,9C,9C,9C,9C,9C,9C,9C,9C,9C,9C,9C,9B,
64,64,63,63,62,62,62,62,61,61,61,60,60,5F,5F,5F,
5F,60,61,61,61,60,61,61,60,61,64,68,70,7B,86,8E,
92,96,9C,A0,A2,A2,A3,A3,A6,A7,A8,A8,A7,A7,A8,A9,
AA,AA,A9,AB,AF,B2,B0,AC,A1,97,8E,89,81,7A,73,6C,
66,5E,55,50,4F,50,51,52,56,59,5E,60,60,60,61,62,
61,61,61,61,61,61,61,61,61,61,61,60,60,60,60,60,
61,61,62,62,63,63,63,63,63,63,63,63,65,65,66,65,
62,60,5E,5D,61,65,6F,86,AA,C0,C9,C2,B6,AD,AB,A7,
A5,A3,A1,9E,9B,98,95,92,8F,8C,8B,89,85,83,81,7D,
77,72,6C,67,65,63,63,64,63,64,66,68,69,6A,6A,6A,
6C,74,7F,88,8C,8C,8A,89,88,88,89,88,89,8A,8C,8E,
88,82,7C,76,72,71,74,7A,80,84,89,8C,8D,8F,8F,8E,
8D,8E,8F,90,90,8F,8E,8D,8D,8E,8F,91,93,93,92,91,
91,92,95,97,96,95,92,90,92,95,99,9D,9E,9D,9C,9C,
9A,9B,9B,9B,9A,9B,9C,9E,A1,A3,A6,A8,A8,A7,A7,A6,
A3,A3,A3,A2,A1,A1,A1,A2,A5,A5,A4,A2,A1,A3,A6,A9,
AA,A8,A3,9F,9D,9C,9D,9E,A1,A1,A1,A0,9F,9F,9F,9F,
A5,A5,A6,A7,A9,AC,AE,AF,B0,AF,AD,AB,AA,AA,AB,AC,
AF,AF,AF,AF,AF,AF,AE,AE,AC,A9,A7,A6,A7,A8,A9,A9,
A4,A4,A4,A4,A5,A4,A3,A3,9F,9E,9F,A1,A6,AB,B0,B3,
B3,B5,B6,B7,B7,B8,BB,BC,BF,BF,C1,C2,C2,C2,C1,C1,
C1,C1,C1,C2,C3,C3,C4,C4,C4,C4,C5,C5,C5,C5,C5,C5,
C3,C3,C2,C1,C1,C1,C3,C3,C5,C7,C8,C9,CA,CA,CA,CA,
CA,C9,C8,C8,C9,CB,CC,CD,CA,CA,CA,CC,CD,CD,CC,CB,
CB,C7,BC,B0,A9,A2,9C,9C,A2,A5,A7,A7,A4,9E,94,8C,
91,98,9E,A4,AB,AF,B4,BB,C0,B7,A1,7B,49,2C,2B,29,
27,2A,2D,30,30,30,2F,2F,32,32,33,32,31,2F,2F,2F,
2E,2E,30,32,32,30,2F,2E,34,39,40,46,4D,57,64,6F,
77,7F,88,8F,93,96,94,91,91,92,94,97,9A,9C,9C,9C,
9C,9C,9D,9D,9D,9D,9D,9D,9D,9D,9D,9D,9D,9D,9C,9C,
9C,9C,9C,9C,9C,9C,9C,9C,9C,9C,9C,9C,9C,9C,9C,9C,
9C,9C,9C,9C,9C,9C,9C,9C,9C,9C,9C,9C,9C,9C,9C,9C,
64,64,63,62,62,61,61,61,61,61,61,61,61,60,60,5F,
5E,5F,61,62,62,61,61,61,62,63,66,6B,73,7E,89,91,
93,97,9D,A1,A3,A3,A3,A3,A6,A7,A8,A8,A7,A7,A7,A8,
AA,AA,AA,AC,B0,B2,B0,AC,A1,97,8F,89,82,7B,73,6C,
66,5E,55,50,4F,50,51,52,56,59,5E,60,60,60,61,63,
61,61,61,61,61,61,61,60,61,61,61,61,60,60,60,60,
61,61,62,62,63,63,63,63,63,63,63,63,64,65,65,65,
63,5F,5E,5D,60,68,75,8C,AD,C1,C8,C2,B7,AD,AB,A6,
A5,A4,A2,A0,9E,9B,97,94,90,8D,8B,89,85,83,82,7E,
78,72,6D,69,66,64,63,64,62,62,63,67,69,6B,6D,6F,
75,7C,86,8D,8F,8D,8A,88,87,87,87,88,89,8A,8B,8B,
83,7C,77,74,73,72,78,7F,85,8A,8F,91,91,90,8E,8B,
8B,8C,8E,90,90,90,8E,8D,8B,8B,8C,8E,91,93,94,94,
93,94,94,94,93,90,90,90,95,99,A0,A3,A3,A0,9E,9D,
9A,9A,9A,99,98,99,9B,9C,A0,A3,A6,A8,A8,A6,A4,A3,
A1,A2,A3,A2,A0,A0,A1,A3,A5,A4,A2,9F,9D,9F,A5,A9,
A7,A5,A1,9D,9B,9C,9E,9F,A3,A3,A2,A2,A1,A0,A0,A0,
A4,A4,A5,A7,A9,AC,AE,AF,B0,AF,AD,AB,A9,A8,A9,AA,
AE,AD,AC,AB,AB,AB,AC,AD,AD,AA,A7,A6,A6,A8,A9,AA,
A4,A4,A3,A3,A2,A1,A1,A0,9E,9F,A2,A6,AB,B1,B6,B9,
B8,B9,B9,B8,B6,B7,B9,BC,C0,C2,C4,C5,C5,C3,C1,BF,
C1,C1,C1,C2,C3,C3,C4,C4,C4,C4,C5,C5,C5,C5,C5,C5,
C3,C2,C1,C0,C1,C2,C4,C5,C7,C8,CA,CA,CA,CA,CA,CA,
CA,CA,C9,C9,CA,CC,CD,CD,CB,CB,CB,CC,CD,CE,CC,CB,
CA,C3,B6,A9,A1,9E,9F,A2,A4,A5,A5,A4,A1,9B,93,8E,
91,9A,A3,A7,A8,AC,B4,BD,C1,AE,88,62,41,2E,2D,2D,
2A,2C,2E,30,30,2F,2F,2F,32,33,33,33,31,30,2F,2F,
2F,30,32,33,32,30,2F,2F,34,38,3F,48,51,5E,6C,76,
7D,84,8C,91,95,96,95,92,92,94,96,99,9C,9D,9D,9D,
9C,9C,9D,9D,9D,9D,9D,9D,9D,9D,9D,9D,9D,9D,9C,9C,
9C,9C,9C,9C,9C,9C,9C,9C,9C,9C,9C,9C,9C,9C,9C,9C,
9C,9C,9C,9C,9C,9C,9C,9C,9C,9C,9C,9C,9C,9C,9C,9C,
65,64,63,62,62,61,61,61,61,61,61,61,61,60,60,60,
5D,5E,60,61,61,61,61,62,63,65,69,6E,76,80,8B,92,
94,98,9D,A2,A3,A3,A4,A4,A6,A7,A8,A8,A7,A7,A7,A8,
AA,AA,AA,AC,B0,B3,B0,AC,A1,97,8F,8A,82,7B,73,6C,
66,5E,55,50,4F,50,51,52,56,59,5E,60,60,61,62,63,
61,61,61,61,61,61,61,61,61,61,61,61,60,60,60,60,
61,61,62,62,63,63,63,63,63,63,63,63,64,65,65,64,
63,5E,5E,5C,5E,69,7B,92,B2,C3,C7,C1,B8,AF,AB,A5,
A4,A2,A1,A0,9F,9C,98,95,92,8D,8B,89,86,85,84,80,
79,74,6E,6B,68,65,64,63,60,60,62,67,6B,6E,72,75,
7F,84,8B,90,90,8C,89,86,87,87,87,87,87,87,86,85,
7D,78,75,76,77,79,7E,85,8B,8F,92,94,93,90,8C,89,
88,8A,8D,8F,90,8F,8D,8B,89,89,8A,8C,90,93,96,97,
97,96,95,94,91,8F,90,93,97,9D,A3,A6,A4,A1,9D,9B,
9C,9C,9B,9A,9A,9B,9C,9D,9F,A1,A4,A5,A4,A2,9F,9E,
9E,9F,A1,A0,9F,9F,A1,A3,A7,A7,A4,A0,9D,9D,A1,A5,
A1,9F,9D,9C,9C,9E,A1,A3,A6,A6,A6,A5,A5,A5,A5,A4,
A0,A1,A1,A3,A5,A8,AA,AB,AC,AB,AA,A7,A5,A4,A5,A6,
AC,AB,A9,A8,A8,A9,AB,AC,AC,AA,A7,A6,A5,A5,A6,A6,
A3,A3,A1,A0,9F,9F,9F,A0,A2,A5,A9,AE,B2,B6,B9,BA,
BA,BA,B9,B6,B5,B6,BA,BD,C1,C3,C5,C6,C5,C3,C0,BF,
C1,C1,C1,C2,C3,C3,C4,C4,C4,C4,C5,C5,C5,C5,C5,C5,
C2,C1,C1,C1,C2,C3,C5,C7,C8,C9,CA,CA,CA,C9,C9,CA,
CB,CB,CA,CA,CC,CD,CE,CE,CC,CC,CB,CC,CE,CE,CD,CB,
CE,C3,B3,A5,9C,9C,A2,A6,A6,A4,A0,9D,9A,98,96,95,
94,9B,A5,A8,A8,AD,B8,C0,C2,A6,72,4B,39,2E,2D,2E,
2D,2E,2F,30,2F,2F,2E,2E,32,32,33,32,31,30,30,30,
31,32,34,34,32,2F,2F,30,35,39,41,4B,58,67,76,7E,
84,89,8F,93,95,96,95,93,94,95,98,9B,9D,9E,9E,9E,
9C,9C,9D,9D,9D,9D,9D,9D,9D,9D,9D,9D,9D,9D,9C,9C,
9C,9C,9C,9C,9C,9C,9C,9C,9C,9C,9C,9C,9C,9C,9C,9C,
9C,9C,9C,9C,9C,9C,9C,9C,9C,9C,9C,9C,9C,9C,9C,9C,
65,64,63,62,61,61,60,60,5F,60,60,61,60,60,60,5F,
5D,5E,5F,60,60,60,61,61,64,67,6B,71,78,82,8B,91,
95,99,9E,A2,A4,A4,A4,A4,A6,A7,A9,A8,A7,A7,A7,A8,
AA,AA,AA,AC,B0,B3,B0,AC,A1,98,90,8B,83,7B,73,6C,
65,5D,54,50,4F,50,51,53,56,59,5E,60,60,61,62,63,
62,62,62,61,61,61,61,61,61,61,61,61,61,60,60,60,
61,61,62,62,63,63,63,63,64,63,63,63,64,64,64,64,
63,5D,5D,5A,5C,69,80,98,B6,C3,C5,C1,BA,B2,AD,A6,
A3,A1,A0,9F,9F,9D,99,96,94,8F,8D,8B,89,88,88,84,
7C,77,71,6D,6A,67,65,64,60,60,63,69,6E,72,77,7C,
86,89,8D,8F,8E,8A,87,85,86,87,87,86,85,82,7F,7D,
76,75,77,7B,7E,81,85,89,8E,91,93,93,92,90,8C,88,
87,88,8B,8C,8D,8C,8A,89,88,89,8A,8D,91,94,97,98,
95,93,91,91,90,8E,90,94,97,9D,A2,A4,A2,9F,9B,98,
99,99,9A,9A,9A,9B,9C,9C,9C,9E,A0,A1,9F,9C,9A,99,
9C,9D,9E,9E,9E,9F,A1,A3,A8,A8,A7,A3,9E,9B,9B,9D,
9B,9B,9C,9D,9F,A2,A5,A7,A7,A7,A6,A6,A6,A7,A7,A6,
A0,A0,A0,A1,A3,A5,A7,A8,A9,A9,A8,A6,A5,A4,A4,A5,
A9,A8,A7,A6,A6,A7,A8,A9,AA,A9,A8,A6,A5,A4,A3,A2,
A0,A0,A0,9F,9F,A0,A2,A3,A9,AC,B1,B5,B7,B8,B8,B8,
B8,B7,B7,B6,B6,B9,BD,C0,C2,C3,C4,C4,C4,C2,C0,BF,
C1,C1,C1,C2,C3,C3,C4,C4,C4,C4,C5,C5,C5,C5,C5,C5,
C2,C1,C1,C2,C3,C5,C7,C8,C9,CA,CB,CB,CA,C9,C9,CA,
CC,CB,CB,CB,CC,CD,CD,CD,CD,CC,CC,CD,CF,CF,CD,CB,
CA,BD,AF,A2,9B,9F,A8,AC,A8,A4,9E,9A,98,97,99,9B,
97,9B,A3,A8,AA,B2,BD,C2,C0,9D,63,3D,32,2D,2D,2F,
2E,2F,30,30,2F,2E,2D,2D,31,32,32,32,31,31,31,31,
33,34,35,35,31,2E,2F,32,35,3A,41,4D,5E,70,7D,84,
89,8C,90,93,94,94,94,93,95,97,9A,9D,9E,9E,9E,9D,
9C,9C,9D,9D,9D,9D,9D,9D,9D,9D,9D,9D,9D,9D,9C,9C,
9C,9C,9C,9C,9C,9C,9C,9C,9C,9C,9C,9C,9C,9C,9C,9C,
9C,9C,9C,9C,9C,9C,9C,9C,9C,9C,9C,9C,9C,9C,9D,9D,
64,64,63,61,60,60,5F,5F,5F,5F,60,60,60,60,60,5F,
5D,5D,5E,5F,5F,5F,60,61,65,69,6E,74,7B,83,8B,91,
95,99,9F,A3,A4,A4,A5,A5,A6,A7,A9,A8,A7,A6,A7,A8,
AA,AA,AA,AC,B1,B3,B0,AC,A2,98,91,8B,84,7C,74,6C,
64,5C,54,4F,4F,50,51,53,56,59,5D,5F,60,60,62,63,
62,62,62,62,62,61,61,61,61,61,61,61,61,61,60,60,
61,61,62,62,63,63,63,63,64,63,63,63,64,64,64,63,
61,5B,5C,58,59,69,84,9E,B9,C4,C3,C1,BD,B6,B0,A7,
A6,A4,A2,A1,A1,9F,9C,99,96,91,8E,8D,8B,8C,8C,89,
80,7A,73,6F,6C,69,66,65,63,62,66,6D,74,78,7E,83,
88,8A,8C,8C,89,86,85,84,86,87,87,86,83,7E,79,76,
73,75,7B,81,86,89,8B,8C,8E,90,92,91,91,8F,8D,8A,
87,87,87,87,87,87,87,87,89,8A,8C,8F,93,95,95,95,
8E,8C,8C,8E,8F,8E,90,93,96,9B,9F,A0,9F,9C,99,95,
93,93,95,97,98,99,99,99,99,9B,9C,9C,9A,98,96,95,
99,99,9A,9A,9A,9B,9E,A0,A4,A5,A6,A4,9F,9A,97,96,
99,9A,9D,A0,A3,A6,A7,A8,A7,A6,A5,A4,A4,A5,A5,A4,
A1,A1,A1,A1,A2,A3,A5,A6,A7,A8,A8,A7,A6,A6,A6,A6,
A5,A5,A6,A6,A5,A4,A4,A3,A5,A6,A7,A7,A5,A2,A0,9E,
9C,9E,9F,A1,A3,A5,A8,AA,AE,B1,B6,B9,B9,B8,B6,B5,
B4,B4,B6,B8,BA,BE,C1,C2,C3,C3,C3,C2,C2,C1,C0,C0,
C1,C1,C1,C2,C3,C3,C4,C4,C4,C4,C5,C5,C5,C5,C5,C5,
C2,C2,C3,C4,C5,C7,C8,C9,CA,CB,CB,CB,CA,CA,CA,CA,
CB,CB,CB,CB,CC,CC,CC,CC,CB,CB,CC,CF,D1,D0,CC,C8,
C0,B4,AA,A1,9C,A2,AB,AD,A6,A2,9E,9C,99,97,98,9A,
99,99,9F,A6,AB,B7,C1,C1,B4,90,57,34,2B,2A,2D,2F,
2F,30,31,30,2F,2E,2D,2D,30,31,31,30,30,31,32,33,
34,35,37,35,30,2D,2F,33,36,3B,43,51,64,77,84,8A,
8D,8E,90,92,92,92,93,93,96,98,9B,9E,9E,9E,9D,9D,
9C,9C,9D,9D,9D,9D,9D,9D,9D,9D,9D,9D,9D,9D,9C,9C,
9C,9C,9C,9C,9C,9C,9C,9C,9C,9C,9C,9C,9C,9C,9C,9C,
9B,9B,9B,9B,9B,9B,9B,9B,9C,9C,9C,9C,9C,9D,9D,9D,
64,63,62,61,60,5F,5F,5E,5F,60,60,61,61,61,60,60,
5D,5D,5E,5E,5E,5E,5F,60,67,6B,70,77,7D,85,8C,91,
96,9A,9F,A3,A4,A5,A5,A5,A6,A8,A9,A8,A7,A6,A7,A8,
AA,AA,AA,AD,B1,B3,B0,AC,A2,99,92,8C,85,7D,74,6C,
64,5C,53,4F,4F,50,51,53,55,58,5D,5F,5F,60,61,63,
62,62,62,62,62,62,62,62,60,61,61,61,61,61,61,60,
61,61,62,62,63,63,63,63,64,63,63,63,64,64,64,63,
5F,5A,5B,57,57,69,87,A2,BA,C3,C2,C1,BF,B9,B2,A9,
AA,A8,A5,A4,A4,A2,9F,9C,97,92,90,8F,8E,8F,8F,8C,
82,7C,75,71,6E,6A,68,66,65,65,69,71,78,7D,83,89,
88,89,89,88,85,83,82,83,85,87,88,86,81,7B,76,73,
71,77,7E,85,8B,8F,8F,8D,8E,8F,90,90,90,8F,8E,8B,
87,86,84,83,83,84,85,86,8A,8C,8F,92,95,95,94,92,
8A,88,8A,8E,90,90,91,93,96,9A,9D,9E,9D,9B,98,95,
8E,90,93,96,98,99,99,98,97,98,99,99,97,95,94,94,
94,94,93,93,94,96,98,9A,9D,A0,A3,A3,9F,9A,95,92,
98,9B,9F,A3,A6,A7,A8,A8,A9,A7,A5,A3,A3,A4,A3,A3,
A1,A1,A0,A0,A0,A1,A3,A3,A5,A6,A7,A7,A7,A6,A6,A6,
A3,A4,A5,A5,A4,A3,A1,9F,A0,A2,A4,A4,A3,9F,9C,9A,
9A,9C,A0,A4,A7,AA,AE,B0,B0,B3,B7,BA,B9,B7,B4,B3,
B1,B2,B5,BA,BE,C2,C4,C4,C4,C3,C2,C1,C1,C0,C1,C1,
C1,C1,C1,C2,C3,C3,C4,C4,C4,C4,C5,C5,C5,C5,C5,C5,
C3,C3,C4,C5,C7,C8,CA,CA,CB,CB,CC,CB,CB,CA,CA,CB,
CB,CB,CA,CB,CB,CC,CC,CB,CA,CB,CD,D0,D2,D0,CB,C6,
BC,B0,A8,A2,9D,A2,A8,A8,A1,9F,9D,9C,99,94,93,93,
98,96,9B,A4,AC,BA,C2,BF,A5,83,4D,2D,25,25,2C,2F,
30,31,32,32,30,2F,2E,2D,30,30,30,30,30,31,33,34,
35,36,37,35,30,2D,2F,34,39,3E,47,55,69,7D,8A,8F,
8F,8F,90,91,91,91,92,93,96,99,9C,9E,9E,9D,9C,9C,
9C,9C,9D,9D,9D,9D,9D,9D,9D,9D,9D,9D,9D,9D,9C,9C,
9C,9C,9C,9C,9C,9C,9C,9C,9C,9C,9C,9C,9C,9C,9C,9C,
9B,9B,9B,9B,9B,9B,9B,9B,9C,9C,9C,9C,9D,9D,9D,9D,
64,63,62,61,60,5F,5F,5F,5F,5F,60,60,61,61,61,61,
5F,5F,5F,5E,5D,5C,5E,61,68,6D,75,7C,81,86,8C,91,
95,9A,A0,A4,A5,A5,A5,A6,A7,A8,A9,A8,A8,A7,A7,A7,
AB,AB,AB,AD,B0,B2,B0,AD,A2,9A,94,8E,86,7E,74,6A,
64,5C,54,50,4F,50,52,53,55,58,5C,5E,5F,60,62,63,
61,61,61,62,62,62,62,62,61,61,61,61,61,61,61,61,
61,61,61,61,62,62,63,63,63,64,64,63,63,63,63,61,
5F,5B,59,57,56,67,89,A5,BE,C5,C3,C3,C2,BB,B6,B0,
B0,AF,AD,AC,A9,A6,A3,A0,9B,98,93,90,8F,8E,8E,8D,
84,7E,77,72,6D,69,68,69,67,6A,6F,77,7E,84,87,89,
87,86,85,84,82,82,82,82,84,83,84,85,82,7C,77,74,
72,78,80,87,8C,8F,8D,8B,8C,8C,8D,8F,91,91,8F,8D,
89,85,82,82,81,81,84,88,8E,92,96,96,95,94,91,8D,
86,87,8A,8F,92,93,95,97,99,9A,9C,9D,9E,9D,9A,98,
92,93,94,96,98,99,99,99,99,9A,9B,9C,98,93,90,91,
91,8E,8B,8B,8D,8F,8F,8F,8F,92,98,A0,A1,9A,92,8E,
99,9C,9E,9F,A0,A3,A5,A5,A5,A5,A5,A5,A3,A2,A0,9F,
A3,A3,A3,A3,A2,A1,A2,A3,A3,A4,A5,A7,A8,A8,A8,A7,
A4,A4,A4,A4,A3,A1,9E,9C,9A,9C,9E,9F,9F,9D,9B,9A,
97,9A,A2,AB,B2,B6,B5,B4,B3,B3,B3,B4,B5,B6,B6,B6,
B3,B5,B9,BE,C1,C4,C5,C5,C4,C3,C2,C1,C0,C0,C1,C2,
C1,C1,C1,C2,C3,C3,C4,C4,C4,C4,C5,C5,C5,C5,C5,C5,
C5,C5,C6,C7,C7,C8,C9,C9,CA,CA,CA,CA,CA,CB,CB,CC,
CB,CA,CA,CB,CB,CB,CA,C9,CB,CD,CF,D1,D2,D0,C9,C2,
B7,AA,A4,9F,96,99,A1,A0,98,99,97,96,94,8E,8A,8C,
93,99,96,A3,B2,BE,C5,B4,95,6A,41,28,23,27,29,2D,
2E,30,32,32,32,30,2F,2E,2F,2F,2E,2F,30,33,36,37,
35,37,38,35,2F,2D,31,37,3B,42,4B,5B,71,83,8C,91,
90,90,90,90,8F,8E,91,94,97,99,9D,9F,9F,9E,9D,9D,
9C,9C,9D,9D,9D,9D,9D,9D,9D,9D,9D,9D,9D,9D,9C,9C,
9B,9B,9B,9B,9B,9B,9B,9B,9B,9B,9B,9B,9B,9B,9B,9B,
9A,9A,9A,9B,9B,9B,9B,9B,9C,9C,9C,9C,9C,9C,9C,9C,
64,63,62,61,60,60,5F,5F,5F,60,60,61,61,61,61,61,
60,60,60,60,5E,5D,5F,62,69,6F,77,7E,83,87,8C,90,
95,9A,A0,A4,A5,A5,A5,A6,A7,A8,A9,A8,A8,A7,A7,A7,
AB,AB,AB,AD,B0,B2,B0,AC,A2,9B,94,8E,86,7E,74,6A,
64,5C,54,50,4F,50,52,53,55,58,5B,5E,5F,60,61,62,
61,61,61,62,62,62,62,62,61,61,61,61,61,61,61,61,
61,61,61,61,62,62,63,63,63,64,64,63,63,63,62,61,
5E,5A,58,56,56,67,8A,A6,BE,C6,C5,C5,C4,BE,BA,B4,
B3,B2,B0,AD,AA,A7,A4,A2,9C,98,93,90,8F,8E,8E,8D,
86,80,78,72,6D,6A,69,6A,6A,6D,73,7A,81,86,89,8A,
85,85,84,84,84,83,82,81,80,7F,7F,80,7F,7C,78,77,
78,7D,83,88,8B,8D,8C,8A,8B,8C,8E,90,91,90,8D,8C,
89,85,81,80,80,80,85,8B,92,95,97,96,94,90,8C,89,
87,89,8D,93,97,98,9A,9C,9D,9D,9D,9C,9A,97,93,91,
8F,90,91,92,92,93,94,95,98,99,9C,9C,98,93,8F,8D,
8B,88,86,86,89,8A,89,87,83,85,8D,98,9E,9B,95,91,
9D,9F,A0,A0,A0,A0,A1,A0,A2,A3,A3,A3,A3,A2,A1,A0,
A6,A6,A6,A4,A2,A1,A0,A0,A2,A3,A5,A6,A7,A7,A7,A7,
A4,A4,A4,A4,A3,A0,9C,99,9A,9A,9B,9B,9B,9A,9A,99,
9B,A0,A7,AF,B6,B8,B8,B7,B3,B3,B3,B4,B6,B8,B9,BA,
B9,BB,BD,C0,C2,C4,C5,C5,C3,C2,C2,C1,C1,C1,C1,C1,
C1,C1,C1,C2,C3,C3,C4,C4,C4,C4,C5,C5,C5,C5,C5,C5,
C6,C6,C7,C8,C8,C9,CA,CA,C9,C9,C9,CA,CA,CA,CB,CB,
CC,CB,CB,CB,CC,CC,CB,CA,CB,CD,D0,D1,D1,CD,C5,BE,
B1,A6,A2,9F,97,99,9F,9D,98,94,8D,87,83,7D,7C,81,
89,95,99,A9,B9,C1,C3,AF,88,5E,38,26,24,29,29,2C,
2D,2F,32,33,32,31,30,2F,2F,2F,2E,2E,30,33,36,38,
36,37,37,35,30,2E,32,38,3E,46,52,62,78,88,90,94,
91,91,90,90,90,8F,92,95,98,9A,9D,9F,9F,9E,9D,9D,
9C,9C,9D,9D,9D,9D,9D,9D,9D,9D,9D,9D,9D,9D,9C,9C,
9B,9B,9B,9B,9B,9B,9B,9B,9B,9B,9B,9B,9B,9B,9B,9B,
9A,9A,9A,9B,9B,9B,9B,9B,9C,9C,9C,9C,9C,9C,9C,9C,
63,63,62,61,60,60,60,5F,60,60,60,61,61,61,61,61,
61,61,62,62,60,5F,60,63,6C,72,7A,80,84,88,8D,90,
95,9A,A0,A4,A5,A5,A5,A5,A7,A8,A8,A8,A8,A7,A7,A7,
AA,AA,AB,AD,B0,B2,B0,AC,A3,9B,94,8E,86,7E,74,6A,
64,5C,54,50,50,51,52,53,54,57,5B,5D,5E,5F,61,62,
62,62,62,62,62,62,62,62,62,62,62,61,61,61,61,61,
61,61,61,61,61,62,63,63,63,64,65,63,63,63,62,60,
5D,59,57,55,56,68,8C,A8,BF,C8,C8,C8,C7,C1,BE,B9,
B7,B5,B1,AD,AA,A7,A4,A3,9D,9A,95,91,8F,8F,8E,8E,
88,82,7A,73,6F,6B,6B,6C,6D,70,76,7C,83,87,88,89,
83,83,83,84,86,85,83,80,7B,79,79,7A,7B,7A,7A,7B,
7F,83,88,89,8A,8A,8A,89,8A,8C,8F,90,90,8D,8B,89,
87,83,80,7F,7E,80,87,8E,95,98,99,96,91,8C,88,85,
8A,8C,91,98,9D,9F,A1,A3,A2,A1,9D,98,93,8D,89,87,
8A,8C,8E,8D,8C,8C,8D,8F,92,96,9A,9A,97,91,8C,88,
86,84,83,84,87,87,82,7E,77,78,80,8E,99,9B,97,94,
9D,9F,A1,A1,A1,A1,A0,9E,9F,9F,A0,A1,A1,A2,A2,A2,
A6,A6,A6,A5,A4,A3,A2,A1,A2,A3,A5,A4,A3,A2,A1,A1,
A5,A5,A4,A3,A2,A0,9D,9B,97,96,95,96,97,9A,9D,9F,
A3,A7,AE,B4,B8,BA,BA,B9,B5,B4,B4,B6,B8,BB,BE,BF,
C0,C0,C1,C2,C2,C3,C3,C3,C1,C1,C1,C1,C1,C1,C1,C0,
C1,C1,C1,C2,C3,C3,C4,C4,C4,C4,C5,C5,C5,C5,C5,C5,
C7,C8,C8,C9,C9,CA,CA,CA,C9,C9,C9,C9,C9,CA,CB,CB,
CD,CC,CC,CC,CD,CD,CD,CD,CC,D0,D3,D3,D0,CA,C1,BA,
AC,A1,9C,99,95,98,9F,9E,98,8F,81,76,6E,66,67,6F,
80,93,A1,B4,C2,C9,C4,AB,79,51,30,24,26,2A,29,2B,
2D,2F,31,33,33,32,30,30,30,2F,2E,2E,30,34,38,3A,
38,37,36,34,32,31,35,3A,43,4E,5B,6D,80,8D,92,95,
92,91,91,90,90,91,94,97,9A,9C,9E,9F,9F,9E,9E,9D,
9C,9C,9D,9D,9D,9D,9D,9D,9D,9D,9D,9D,9D,9D,9C,9C,
9B,9B,9B,9B,9B,9B,9B,9B,9B,9B,9B,9B,9B,9B,9B,9B,
9B,9B,9B,9B,9B,9B,9B,9B,9B,9B,9B,9B,9B,9B,9B,9B,
63,63,62,61,61,60,60,60,61,61,61,61,61,61,61,61,
62,63,64,65,63,61,62,64,6D,73,7C,82,86,89,8C,8F,
95,99,9F,A3,A4,A4,A4,A5,A7,A8,A8,A8,A7,A7,A7,A7,
A9,AA,AB,AD,B0,B2,B0,AC,A3,9B,95,8F,86,7E,73,69,
64,5D,54,50,50,51,52,53,54,57,5A,5C,5E,5F,60,62,
62,62,62,62,62,62,62,62,62,62,62,62,61,61,61,61,
61,61,61,61,61,62,63,63,64,65,65,63,62,62,61,5F,
5D,59,57,55,56,69,8C,A9,BF,CA,CB,CA,C8,C3,C0,BB,
B8,B5,B0,AB,A8,A5,A3,A2,9E,9B,97,93,91,90,90,8F,
8B,84,7C,75,70,6D,6D,6E,6F,72,77,7D,82,85,85,85,
82,81,82,84,87,87,83,7F,77,75,74,75,78,7A,7C,7D,
86,89,8B,8B,89,89,89,89,8A,8C,8F,90,8D,8A,87,85,
84,82,80,80,80,82,89,90,95,97,97,94,8E,89,86,84,
8B,8E,93,9A,9E,A1,A1,A1,9E,9C,96,8E,86,7F,7B,79,
80,83,85,84,81,80,82,85,88,8D,93,94,91,8D,88,83,
85,85,85,87,8A,89,82,7C,73,74,7A,86,91,96,97,96,
9C,9F,A2,A4,A4,A3,A1,9E,9A,9A,9A,9B,9D,9F,A1,A2,
A3,A4,A4,A5,A4,A3,A2,A1,A0,A1,A2,A0,9D,9A,99,99,
A1,A0,9F,9E,9F,9F,9F,9F,99,96,93,93,96,9D,A3,A7,
AB,AE,B3,B6,B7,B7,B8,BA,B7,B8,B9,BA,BD,C0,C2,C3,
C4,C4,C3,C1,C0,C0,BF,BF,C0,C0,C0,C1,C1,C0,C0,C0,
C1,C1,C1,C2,C3,C3,C4,C4,C4,C4,C5,C5,C5,C5,C5,C5,
C8,C8,C9,C9,CA,CA,CB,CB,C9,C9,C9,C9,CA,CA,CB,CB,
CE,CD,CD,CD,CE,CE,CF,CE,CE,D2,D4,D3,CE,C5,BA,B2,
A9,A1,9C,99,94,93,93,91,89,7F,71,68,63,5E,62,6E,
81,97,AC,BE,C9,CB,BE,A2,6F,4A,2E,26,28,2A,28,29,
2C,2E,31,33,33,32,31,30,30,2F,2E,2E,30,34,39,3C,
39,37,34,33,33,35,38,3C,47,55,65,77,87,90,92,93,
93,91,90,90,91,92,96,9A,9C,9E,9F,9F,9F,9E,9E,9E,
9C,9C,9D,9D,9D,9D,9D,9D,9D,9D,9D,9D,9D,9D,9C,9C,
9B,9B,9B,9B,9B,9B,9B,9B,9B,9B,9B,9B,9B,9B,9B,9B,
9B,9B,9B,9B,9B,9B,9B,9B,9B,9B,9B,9B,9B,9B,9B,9B,
63,62,62,61,61,60,60,60,61,61,62,62,62,62,61,61,
62,64,66,67,66,63,63,65,6D,74,7C,82,86,88,8C,8E,
94,99,9F,A3,A4,A4,A4,A5,A7,A8,A8,A8,A7,A7,A7,A7,
A9,A9,AA,AD,B0,B2,B0,AC,A3,9B,95,8F,86,7D,73,69,
64,5D,55,51,51,51,52,53,54,56,5A,5C,5D,5E,60,61,
62,62,62,62,62,62,62,62,63,62,62,62,62,61,61,61,
62,61,61,61,61,62,62,63,64,65,65,63,62,61,60,5E,
5D,59,58,56,56,69,8C,A9,BF,CB,CD,CB,C8,C2,C0,BC,
B6,B2,AD,A8,A4,A2,A1,A1,9F,9D,99,96,94,92,91,91,
8D,86,7E,77,72,6F,6E,6F,70,73,77,7C,80,82,81,80,
80,7F,80,82,86,86,82,7E,76,74,72,75,78,7B,7E,7F,
89,8C,8D,8C,8A,8A,8A,8A,8A,8C,8D,8D,8A,86,82,81,
81,81,81,82,82,85,8A,8F,92,93,92,90,8C,89,87,88,
8C,8F,93,98,9B,9B,99,97,91,8E,88,80,79,73,70,6F,
74,76,78,77,74,73,73,75,7A,80,85,88,87,84,81,7E,
84,87,8B,8E,8F,8D,87,80,78,77,7A,80,87,8D,92,95,
9B,9F,A2,A4,A4,A3,9F,9C,96,95,94,94,96,98,9A,9B,
9F,9F,A1,A1,A2,A1,A0,9F,9E,9E,9D,99,95,90,8D,8C,
92,92,94,97,9A,9D,9E,9E,9C,99,95,95,99,A0,A8,AC,
B2,B3,B4,B4,B3,B4,B7,B9,BB,BC,BE,C0,C2,C3,C4,C5,
C6,C5,C3,C1,BF,BE,BD,BD,BE,BF,BF,C0,C0,C0,C0,BF,
C1,C1,C1,C2,C3,C3,C4,C4,C4,C4,C5,C5,C5,C5,C5,C5,
C7,C8,C9,C9,CA,CA,CB,CB,C9,C9,C9,CA,CA,CB,CB,CC,
CD,CC,CC,CD,CE,CF,CF,CF,CE,D1,D3,D0,C8,BD,B0,A7,
A7,A3,A1,9C,93,86,7A,71,6C,67,61,61,63,66,70,7E,
88,A0,B8,C9,CE,C7,AF,8F,64,44,2E,27,28,2A,27,2A,
2C,2E,31,32,32,32,31,30,31,2F,2E,2F,31,35,39,3C,
39,36,33,33,34,37,3C,3F,4B,5B,6E,7F,8D,93,92,92,
93,91,90,90,91,94,97,9B,9E,9F,9F,9F,9E,9E,9E,9E,
9C,9C,9D,9D,9D,9D,9D,9D,9D,9D,9D,9D,9D,9D,9C,9C,
9B,9B,9B,9B,9B,9B,9B,9B,9B,9B,9B,9B,9B,9B,9B,9B,
9B,9B,9B,9B,9B,9B,9B,9B,9B,9B,9B,9B,9B,9B,9B,9B,
63,62,62,61,61,61,61,61,62,62,62,62,62,62,61,61,
62,64,67,69,68,65,65,66,6C,73,7B,81,85,88,8B,8E,
94,99,9F,A3,A4,A4,A4,A5,A7,A7,A8,A8,A7,A7,A7,A7,
A8,A9,AA,AC,B0,B2,AF,AC,A2,9B,95,8F,86,7D,73,68,
64,5D,55,51,51,52,53,53,54,56,59,5B,5D,5E,60,61,
62,62,62,62,62,62,62,62,63,62,62,62,62,62,62,62,
62,62,61,61,61,61,62,63,64,65,64,63,62,61,60,5E,
5C,59,57,56,56,68,8B,A8,BE,CC,CF,CC,C7,C1,C0,BC,
B5,B1,AB,A6,A2,A1,A0,A0,A0,9F,9C,9A,97,95,93,92,
8F,89,80,7A,74,71,70,71,72,74,77,7B,7E,7F,7E,7D,
7D,7C,7B,7E,81,82,80,7D,78,76,76,79,7D,7F,81,81,
89,8B,8C,8B,8A,8B,8B,8A,89,8A,8A,88,86,82,7F,7E,
80,80,82,83,85,88,8B,8D,8E,8D,8C,8B,8A,8A,8B,8D,
90,93,95,97,97,95,90,8C,83,80,7B,77,75,74,73,73,
73,75,76,76,73,6F,6D,6B,6E,70,75,78,79,77,77,78,
81,89,90,94,94,92,8C,86,80,7E,7C,7B,7D,83,8A,90,
91,94,98,9C,9E,9E,9C,99,95,94,92,92,93,95,95,95,
95,96,98,9B,9D,9E,9E,9E,9C,9A,95,8F,87,7F,79,75,
7B,7F,86,8E,95,99,9B,9B,9B,99,98,9A,A1,A9,AF,B3,
B4,B4,B3,B1,B0,B2,B7,BA,BE,C0,C2,C4,C5,C5,C5,C5,
C5,C4,C2,C0,BF,BE,BE,BE,BE,BE,BF,C0,C0,C0,C0,C0,
C1,C1,C1,C2,C3,C3,C4,C4,C4,C4,C5,C5,C5,C5,C5,C5,
C6,C7,C8,C9,CA,CB,CB,CB,CA,CA,CA,CA,CA,CB,CB,CC,
CA,CA,CB,CC,CD,CE,CE,CD,CF,D0,D0,CC,C3,B6,A7,9D,
A1,9E,98,90,83,73,65,5E,5F,5F,5E,61,69,71,7E,8B,
92,A8,C3,D3,D2,C1,9D,7B,54,3B,2C,27,27,29,28,2C,
2D,2F,31,32,31,31,30,30,31,30,2F,30,32,35,39,3C,
38,35,32,32,35,3A,3F,43,4F,61,76,87,93,96,94,94,
92,91,90,91,93,95,99,9D,9F,9F,9F,9E,9D,9D,9E,9E,
9C,9C,9D,9D,9D,9D,9D,9D,9D,9D,9D,9D,9D,9D,9C,9C,
9B,9B,9B,9B,9B,9B,9B,9B,9B,9B,9B,9B,9B,9B,9B,9B,
9B,9B,9B,9B,9B,9B,9B,9B,9B,9B,9B,9B,9B,9B,9B,9B,
62,62,62,61,61,61,61,61,63,63,63,63,62,62,61,61,
61,64,68,6A,69,66,66,67,6B,71,7A,80,84,88,8C,8F,
94,99,9F,A3,A4,A4,A4,A4,A7,A7,A8,A8,A7,A7,A7,A7,
A8,A9,AA,AC,B0,B2,AF,AB,A2,9A,94,8E,86,7D,72,68,
64,5D,55,52,51,52,53,54,54,56,59,5B,5C,5E,60,61,
63,63,63,62,62,62,62,62,62,62,62,62,62,62,62,62,
62,62,61,61,61,61,62,63,63,64,64,62,61,61,60,5E,
5A,57,56,55,56,68,8B,A7,BD,CD,D0,CD,C7,C1,C0,BC,
B6,B2,AC,A6,A3,A1,A0,A0,A1,A0,9F,9D,9A,97,95,94,
91,8B,83,7C,77,73,72,72,72,74,77,7A,7C,7C,7B,79,
79,77,76,78,7C,7E,7E,7D,7A,79,7B,80,84,85,84,84,
87,89,8A,8A,8B,8B,8B,89,88,87,85,84,82,80,7E,7D,
7F,80,81,84,87,89,8A,8B,8B,88,86,87,89,8C,8F,92,
94,96,97,96,94,90,88,81,79,77,75,76,7A,7E,80,81,
7E,7E,7D,7D,7A,74,6D,68,65,64,66,6A,6A,69,6C,71,
7F,8A,96,9A,99,96,92,8E,8B,86,7F,79,77,7B,82,87,
81,84,87,8B,8F,93,94,92,91,91,91,93,94,94,92,90,
89,8A,8B,8E,91,93,93,93,90,8C,86,7E,76,6D,65,60,
63,69,72,7F,8A,93,98,9B,99,9A,9D,A3,AB,B1,B4,B6,
B1,B0,AF,AE,AF,B2,B8,BC,C0,C2,C3,C4,C4,C4,C4,C5,
C2,C1,C0,C0,BF,BF,BF,BF,BE,BF,BF,C0,C1,C1,C1,C2,
C1,C1,C1,C2,C3,C3,C4,C4,C4,C4,C5,C5,C5,C5,C5,C5,
C6,C6,C8,C9,CA,CB,CB,CB,CB,CB,CB,CA,CA,CB,CB,CB,
C7,C7,C8,CA,CB,CC,CB,CA,CD,CD,CB,C6,BC,AE,9E,92,
92,8D,83,77,6D,62,5C,5C,64,66,65,66,6F,7C,8A,97,
A1,B2,CB,D6,CD,B3,87,63,41,32,2B,26,24,27,2A,2F,
2E,2F,30,31,30,30,30,30,32,31,30,31,32,35,39,3B,
38,34,32,33,36,3C,42,47,55,68,7D,8E,97,98,94,93,
92,91,90,92,94,97,9B,9E,9F,9F,9E,9D,9D,9D,9E,9F,
9C,9C,9D,9D,9D,9D,9D,9D,9D,9D,9D,9D,9D,9D,9C,9C,
9B,9B,9B,9B,9B,9B,9B,9B,9B,9B,9B,9B,9B,9B,9B,9B,
9C,9C,9C,9B,9B,9B,9B,9B,9A,9A,9A,9A,9A,9A,9A,9A,
62,62,62,61,61,61,61,61,63,63,63,63,62,62,61,61,
61,64,68,6B,6A,67,66,67,6B,71,79,7F,84,88,8C,90,
94,99,9F,A3,A4,A3,A4,A4,A7,A7,A8,A8,A7,A6,A6,A7,
A8,A8,AA,AC,B0,B2,AF,AB,A1,9A,94,8E,86,7D,72,68,
64,5D,55,52,52,52,53,54,54,56,59,5B,5C,5E,60,62,
63,63,63,62,62,62,62,62,62,62,62,62,62,62,62,62,
63,62,61,60,61,61,62,63,63,64,64,62,61,61,60,5E,
58,55,55,55,56,68,8A,A6,BD,CD,D1,CD,C7,C1,C0,BD,
B8,B4,AE,A8,A4,A2,A1,A1,A1,A1,A0,9E,9C,99,96,95,
92,8C,85,7E,79,75,73,73,72,74,76,78,7A,7A,79,77,
75,73,72,74,78,7B,7D,7E,7C,7C,7F,84,89,89,87,86,
85,87,89,89,8B,8B,8A,88,87,85,82,81,80,7F,7E,7D,
80,80,81,83,87,8A,8A,89,8A,86,83,85,89,8C,91,94,
95,96,96,94,90,8A,81,79,73,71,71,76,7E,86,8A,8C,
84,83,82,81,7D,76,6C,65,61,5D,5D,61,62,60,65,6D,
7F,8C,9A,9E,9C,9A,97,95,93,8D,82,78,74,76,7B,7F,
78,7A,7B,7E,82,86,88,88,8A,8B,8E,92,94,93,90,8D,
82,81,81,82,82,82,81,80,7E,7A,75,6F,6A,63,5C,57,
51,57,61,6F,7E,8C,96,9B,9E,A0,A5,AB,B1,B4,B3,B2,
AD,AC,AB,AB,AE,B3,B8,BC,C1,C2,C3,C3,C3,C3,C4,C5,
BF,BF,BF,BF,BF,BF,C0,C0,BF,BF,C0,C0,C1,C2,C2,C3,
C1,C1,C1,C2,C3,C3,C4,C4,C4,C4,C5,C5,C5,C5,C5,C5,
C5,C6,C8,C9,CA,CB,CB,CB,CB,CB,CB,CA,CA,CA,CB,CB,
C4,C5,C6,C8,CA,CA,C9,C8,C9,C8,C5,BF,B5,A6,95,88,
83,7F,74,69,60,59,56,59,66,6A,69,6A,75,87,99,A7,
B1,BC,CF,D3,C3,A2,71,4C,36,2C,2A,25,23,26,2A,30,
2F,30,30,30,2F,2F,2F,30,32,32,31,31,33,36,38,3A,
38,34,32,33,37,3D,44,49,5A,6D,82,91,98,97,92,91,
92,91,91,93,96,98,9C,9F,9F,9F,9E,9D,9C,9C,9D,9F,
9C,9C,9D,9D,9D,9D,9D,9D,9D,9D,9D,9D,9D,9D,9C,9C,
9B,9B,9B,9B,9B,9B,9B,9B,9B,9B,9B,9B,9B,9B,9B,9B,
9C,9C,9C,9B,9B,9B,9B,9B,9A,9A,9A,9A,9A,9A,9A,9A,
63,63,62,61,61,61,61,62,63,63,63,64,64,63,63,63,
62,64,6A,6B,67,65,67,67,69,70,7A,81,84,88,8D,91,
95,99,9F,A3,A4,A4,A4,A4,A6,A7,A7,A7,A6,A7,A8,A9,
A8,A9,AB,AD,AE,B2,B1,AC,A0,99,93,8D,84,7C,73,6C,
64,5D,56,53,52,52,53,55,55,57,59,5C,5F,61,62,63,
64,63,63,63,62,62,62,62,62,62,62,62,62,62,62,62,
63,62,62,62,62,62,63,63,63,64,63,62,61,62,60,5E,
5A,56,51,4E,52,65,88,A7,BB,C9,D2,D0,C5,C0,C4,C1,
BC,B7,B3,B1,AD,A7,A1,9E,9C,9D,A0,A1,9D,99,97,92,
8E,8B,86,80,7A,76,72,71,71,75,78,7A,7A,79,77,74,
73,72,72,74,76,77,78,7A,7C,7D,80,83,85,87,87,86,
86,88,8B,8D,8C,89,86,83,81,81,83,83,82,81,7E,7D,
82,82,83,84,85,87,88,89,8A,88,86,86,87,8A,8E,90,
92,93,94,94,91,88,7E,77,73,77,7B,80,86,89,89,86,
85,84,83,7E,78,6F,66,61,5F,5E,5B,5C,5D,5D,62,6D,
82,91,97,9B,A0,A0,9D,96,92,8D,84,7C,79,7B,7E,80,
7A,7A,7C,7D,79,78,7A,79,7C,7E,83,89,90,93,91,8C,
85,82,7D,76,6F,6A,66,64,5F,5E,5E,60,64,66,60,59,
4B,4B,4A,58,6E,84,99,A5,A8,AD,B2,B7,B8,B0,A7,A4,
A6,A9,AC,AF,B2,B6,BA,BD,C2,C3,C5,C6,C6,C5,C4,C3,
BF,BF,BF,BE,BE,BE,BF,BF,C0,C0,C0,C1,C1,C2,C2,C2,
C2,C2,C3,C3,C4,C4,C4,C4,C5,C5,C5,C5,C6,C6,C7,C7,
C7,C7,C8,CA,CD,CD,CB,C9,CE,CC,CB,C9,C6,C9,CB,C9,
C4,C4,C5,CA,D1,CF,C7,C2,C4,C1,B9,B2,AE,A4,94,89,
7B,6F,64,5F,5C,59,59,5C,62,66,65,6A,7F,91,A2,B4,
BC,C4,D3,CC,B4,8E,57,36,2F,2B,2C,2B,24,26,2E,32,
2E,2E,2E,2F,2F,30,31,31,30,30,31,32,33,35,36,37,
36,34,34,35,35,3B,48,54,66,76,82,8C,98,99,93,90,
8F,91,94,97,9A,9D,9E,9F,9F,9E,9E,9E,9F,9F,9E,9E,
9D,9D,9E,9E,9E,9E,9E,9E,9E,9E,9D,9D,9D,9D,9C,9B,
9B,9B,9B,9B,9B,9B,9B,9B,9B,9B,9B,9B,9B,9B,9B,9B,
9B,9B,9B,9B,9B,9B,9A,9A,9A,9A,9A,9A,9A,9A,9A,9A,
64,63,63,62,62,62,62,62,63,63,64,64,64,63,63,63,
62,64,6A,6C,67,66,67,67,69,70,7A,81,84,88,8D,92,
96,9A,9F,A3,A4,A5,A5,A5,A6,A7,A7,A7,A6,A7,A8,A9,
A9,A9,AB,AD,AE,B2,B1,AC,A0,98,92,8D,84,7B,73,6C,
64,5D,56,53,52,52,53,55,55,57,59,5C,5E,61,62,62,
63,63,63,63,62,62,62,62,62,62,62,62,62,62,62,62,
63,63,62,62,62,63,63,63,63,63,63,61,61,61,60,5E,
5B,56,51,4F,53,64,86,A4,BA,C9,D2,D0,C6,C1,C5,C2,
BD,B9,B6,B4,B0,A9,A0,9B,98,98,9B,9B,98,96,95,91,
90,8C,85,7F,79,75,73,72,72,75,78,78,78,78,77,75,
74,72,72,73,74,75,77,7A,7E,7F,82,84,86,86,86,86,
87,89,8B,8D,8C,89,85,82,80,81,82,83,82,81,7F,7E,
82,83,83,84,85,87,88,89,89,88,86,85,87,8A,8D,8F,
94,94,92,8E,88,81,7B,78,79,7E,83,87,89,88,85,81,
83,81,7E,78,70,68,61,5D,59,58,56,57,58,57,5D,67,
80,8F,97,9D,A1,A0,9E,96,91,8C,86,81,7E,7E,7E,7D,
78,76,78,77,6F,6B,6D,6F,70,73,78,7E,83,86,85,82,
7C,76,6D,64,5C,56,50,4C,4B,4B,4C,51,57,5B,57,51,
45,41,3E,4C,68,84,9C,AA,AE,AE,AE,B1,B5,B0,A7,A4,
AB,AD,B1,B4,B6,B9,BD,BF,C2,C3,C4,C5,C5,C3,C2,C1,
BF,BF,BF,BE,BE,BF,BF,BF,C0,C0,C0,C1,C1,C2,C2,C2,
C2,C2,C2,C2,C3,C3,C4,C4,C5,C5,C5,C5,C5,C5,C6,C6,
C5,C6,C8,CA,CC,CC,CC,CC,CE,CD,CC,CA,C7,C8,CA,CA,
C6,C7,C7,CA,CE,CA,C0,B9,BA,B5,A9,A0,9C,92,83,79,
6E,65,5D,5C,5B,58,59,5C,61,69,6E,78,8D,9E,AB,B9,
C3,C7,CE,BC,99,72,48,30,2E,2A,29,2A,2A,2C,2F,31,
2E,2E,2E,2E,2F,30,30,31,30,30,31,32,33,34,35,36,
36,36,36,37,39,40,4F,5E,6E,7C,86,8E,95,96,91,8F,
91,93,96,99,9C,9E,9F,A0,9F,9E,9E,9E,9E,9E,9E,9D,
9D,9D,9E,9E,9E,9E,9E,9E,9E,9E,9D,9D,9D,9D,9C,9B,
9B,9B,9B,9B,9B,9B,9B,9B,9B,9B,9B,9B,9B,9B,9B,9B,
9B,9B,9B,9B,9B,9B,9A,9A,9A,9A,9A,9A,9A,9A,9A,9A,
64,64,63,63,62,62,62,62,64,64,64,64,64,63,63,63,
62,65,6B,6C,68,66,68,67,69,71,7A,81,84,88,8D,92,
96,9A,9F,A3,A5,A5,A5,A6,A7,A7,A7,A7,A6,A7,A8,A9,
A9,A9,AB,AD,AE,B2,B2,AC,9F,97,92,8C,83,7B,73,6B,
64,5E,57,53,52,53,54,55,55,56,58,5B,5E,60,61,62,
62,62,62,62,62,62,62,62,63,62,62,62,62,62,62,62,
63,63,63,63,63,63,64,64,63,63,63,61,61,61,60,5E,
5B,57,53,51,54,63,83,A1,BA,CA,D2,D1,C9,C4,C6,C2,
BE,BB,B8,B8,B5,AC,A0,98,93,92,93,94,91,91,92,91,
92,8D,85,7C,76,73,73,73,74,76,77,76,76,77,78,77,
77,75,73,72,71,72,77,7B,81,83,86,87,86,86,85,86,
87,89,8B,8B,8A,87,83,81,7F,80,81,82,82,82,81,80,
83,83,84,85,86,87,88,89,88,87,86,85,87,89,8C,8E,
98,95,8F,86,7C,77,76,78,7F,85,8B,8C,8A,86,81,7D,
74,73,6F,68,61,5A,56,54,53,53,50,4F,4F,4D,53,5D,
7B,8B,93,9A,9F,9D,9A,93,8E,8B,86,84,82,7F,7A,76,
73,72,73,6F,63,5A,5C,60,6E,70,70,6F,6D,6C,6A,67,
68,5F,54,4D,4A,46,41,3C,39,3D,42,45,46,47,48,48,
3F,3A,3A,4B,6C,8B,A0,AD,AF,A8,A0,A1,AA,AE,AE,AF,
B2,B4,B8,BA,BC,BE,C0,C2,C2,C2,C3,C3,C3,C1,C0,BF,
BF,BF,BF,BE,BF,BF,BF,BF,C0,C0,C0,C1,C1,C2,C2,C3,
C2,C2,C1,C1,C2,C2,C3,C4,C5,C5,C5,C5,C5,C5,C4,C4,
C3,C5,C9,CB,CB,CC,CE,D0,D1,D1,D2,D1,CD,C9,C8,C8,
C8,CA,C9,C9,CC,C7,BB,B3,B0,A7,98,8A,83,78,69,5F,
5D,59,56,58,59,57,59,5C,65,72,7F,8E,A2,B0,BA,C5,
CC,CB,C7,A7,77,53,3A,2D,2B,29,27,2A,31,33,30,2F,
2D,2D,2D,2E,2F,2F,30,31,30,30,31,31,32,33,34,35,
35,35,36,37,3A,45,59,6A,78,83,8C,90,93,92,90,8F,
92,94,98,9B,9E,A0,A0,A0,9F,9E,9D,9D,9E,9E,9D,9D,
9D,9D,9E,9E,9E,9E,9E,9E,9E,9E,9D,9D,9D,9D,9C,9B,
9B,9B,9B,9B,9B,9B,9B,9B,9B,9B,9B,9B,9B,9B,9B,9B,
9B,9B,9B,9B,9B,9B,9A,9A,9A,9A,9A,9A,9A,9A,9A,9A,
64,64,64,63,63,63,63,63,64,64,64,64,63,63,63,63,
62,65,6B,6D,68,67,68,68,69,71,7A,80,84,87,8C,91,
95,9A,9F,A3,A5,A6,A6,A6,A8,A8,A7,A7,A6,A7,A8,A9,
A9,A9,AC,AD,AF,B2,B2,AC,9F,97,92,8C,84,7B,73,6C,
64,5E,57,53,52,53,53,55,54,55,58,5A,5D,5F,60,61,
61,61,62,62,62,62,62,62,63,62,62,62,62,61,61,61,
63,63,63,63,63,64,64,64,63,63,63,61,61,61,60,5E,
5B,57,55,54,55,62,80,9D,BA,CC,D2,D0,CA,C6,C5,C1,
BE,BB,B9,B9,B7,AF,A1,97,90,8D,8D,8D,8B,8C,8F,90,
93,8E,85,7B,74,71,72,73,75,76,76,75,75,77,79,7A,
7A,77,73,70,6F,71,78,7E,84,87,89,89,87,85,85,86,
88,89,89,89,88,85,82,80,7F,7F,81,82,82,82,82,82,
83,84,85,86,87,88,88,88,87,86,86,86,87,89,8C,8D,
96,90,87,7D,76,75,7A,7F,89,8D,8F,8C,85,7E,79,75,
70,6E,6A,64,5C,57,54,53,51,51,4E,4D,4D,4D,53,5E,
7A,89,91,98,9D,9C,99,93,8C,88,83,81,7E,77,6E,68,
64,64,68,66,59,51,54,5A,69,68,64,5D,57,54,54,54,
54,4B,42,3E,3D,3C,39,36,33,36,3A,3D,3E,3D,3C,3A,
36,39,47,5F,7E,96,9F,A7,A6,9F,97,98,A4,AF,B4,B8,
B8,BA,BD,BF,C0,C1,C2,C3,C2,C2,C3,C3,C2,C1,BF,BE,
BF,BF,BF,BF,BF,BF,BF,C0,C0,C0,C1,C1,C2,C2,C3,C3,
C3,C2,C1,C1,C1,C2,C3,C4,C5,C5,C6,C6,C6,C5,C4,C3,
C2,C6,CA,CC,CC,CD,D1,D4,D3,D3,D1,D0,CE,CA,C8,C9,
C9,CA,C5,BF,BC,B3,A4,99,97,90,81,74,6F,66,5A,52,
55,55,57,5A,59,58,5C,62,6F,7F,90,A0,AF,BA,C2,CA,
D2,C9,B7,8E,5A,3A,30,2C,28,29,27,2B,35,36,30,2E,
2D,2D,2D,2E,2F,30,30,31,30,30,30,31,31,32,33,33,
34,34,35,36,3C,4C,64,77,7E,88,90,93,92,91,91,92,
93,95,99,9D,9F,A0,A0,9F,9E,9E,9D,9D,9E,9E,9D,9C,
9D,9D,9E,9E,9E,9E,9E,9E,9E,9E,9D,9D,9D,9D,9C,9B,
9B,9B,9B,9B,9B,9B,9B,9B,9B,9B,9B,9B,9B,9B,9B,9B,
9B,9B,9B,9B,9B,9B,9A,9A,9A,9A,9A,9A,9A,9A,9A,9A,
63,63,63,64,64,64,64,64,63,63,63,63,63,63,63,63,
63,66,6C,6E,69,68,6A,69,6A,71,7A,80,83,86,8B,90,
95,99,9F,A3,A5,A6,A6,A6,A8,A8,A8,A7,A6,A6,A8,A9,
A9,AA,AC,AD,AF,B2,B2,AC,9F,98,92,8D,84,7B,73,6C,
64,5E,57,53,52,52,53,54,54,55,57,59,5C,5E,5F,60,
61,61,61,61,62,62,62,62,62,62,62,62,61,61,61,61,
63,63,63,63,64,64,64,64,63,63,63,61,61,61,60,5E,
5B,57,56,56,56,60,7B,97,BA,CD,D2,CF,CC,C7,C5,C0,
BE,BB,B9,B9,B7,B0,A4,99,91,8C,8A,8A,87,88,8D,8F,
93,8E,85,7B,73,70,71,72,75,76,77,76,76,78,7A,7B,
79,76,72,6F,6E,72,7A,81,87,88,8A,89,87,85,86,86,
88,88,87,86,84,82,80,7F,7E,7F,80,81,82,83,83,83,
84,85,86,87,88,88,88,87,86,86,86,87,88,89,8B,8B,
8A,84,7C,76,76,7C,85,8B,93,92,8E,85,7C,74,6F,6D,
73,72,6E,68,61,5B,57,55,54,54,52,52,55,58,60,6B,
7E,89,8E,95,9B,9B,9A,95,8A,83,7B,76,70,67,5C,55,
4E,50,58,5A,53,4F,55,5C,65,61,58,4D,44,42,43,44,
3C,37,34,34,37,38,39,3A,31,2D,2D,37,41,43,38,2D,
2E,3E,5E,7C,95,9F,97,96,9B,9C,9D,A1,AB,B2,B5,B8,
BC,BE,C0,C2,C2,C2,C2,C2,C2,C3,C3,C3,C2,C1,BF,BE,
BF,BF,BF,BF,BF,BF,C0,C0,C0,C1,C1,C1,C2,C3,C3,C3,
C4,C3,C2,C2,C2,C3,C3,C4,C5,C5,C6,C6,C6,C5,C4,C3,
C3,C7,CC,CF,CF,CF,D2,D5,D2,D0,C9,C7,C9,C9,C8,CB,
CD,CA,BE,AF,A4,94,80,74,72,6F,66,62,63,61,5B,56,
56,59,5D,5F,5D,5D,64,6D,7C,8D,9F,AB,B4,BB,C3,CA,
D6,C3,9F,71,42,2A,28,28,26,2A,2A,2D,34,34,2E,2E,
2D,2D,2D,2E,2F,30,31,31,30,30,30,30,30,31,31,32,
34,34,34,37,41,55,6E,82,83,8B,94,96,92,90,92,93,
95,97,9B,9E,A0,A1,A0,9F,9E,9D,9D,9D,9D,9E,9D,9C,
9D,9D,9E,9E,9E,9E,9E,9E,9E,9E,9D,9D,9D,9D,9C,9B,
9A,9A,9A,9A,9A,9A,9A,9A,9A,9A,9A,9A,9A,9A,9A,9A,
9B,9B,9B,9B,9A,9A,9A,9A,9A,9A,9A,9A,9A,9A,9A,9A,
63,64,64,65,65,65,65,65,63,63,63,63,63,63,63,64,
64,67,6D,6F,6B,69,6B,6B,6B,72,7A,80,82,86,8B,8F,
95,99,9F,A3,A5,A6,A6,A7,A9,A9,A8,A7,A6,A6,A7,A9,
AA,AA,AC,AE,AF,B3,B2,AD,A0,98,92,8D,85,7C,74,6D,
64,5E,56,53,52,52,53,54,54,55,57,59,5B,5D,5F,60,
61,61,61,62,62,62,62,62,62,62,62,61,61,61,61,61,
62,63,63,64,64,64,64,64,63,64,63,62,61,62,60,5E,
5B,58,58,58,56,5C,75,90,B8,CC,D0,CD,CC,C8,C5,C1,
C0,BD,BA,B8,B7,B1,A5,9B,92,8C,89,87,84,84,88,8B,
8F,8C,84,7C,74,71,70,71,74,77,78,78,78,79,79,79,
76,73,70,6F,70,74,7B,82,87,87,88,87,85,85,86,87,
88,87,85,83,81,80,7F,7F,7F,7F,80,81,82,83,83,84,
84,85,86,88,88,88,87,86,86,86,87,88,88,88,88,87,
81,7C,77,76,7A,82,89,8D,8F,8C,85,7B,74,71,70,6F,
72,71,6F,6C,68,64,61,5F,60,5E,59,57,5A,5E,65,6E,
77,7E,7F,84,8C,8F,91,8D,83,7A,70,68,60,56,4C,47,
43,46,4E,51,4E,4E,54,58,5E,59,4F,44,3C,3A,3B,3B,
32,31,31,33,33,33,34,37,2E,2C,2F,39,42,43,3A,32,
35,4D,79,97,A7,A4,90,8C,97,9F,A5,AA,B0,B5,B8,BB,
BE,BF,C1,C2,C2,C2,C1,C1,C2,C2,C3,C3,C3,C2,C1,C0,
BF,BF,BF,BF,BF,BF,C0,C0,C1,C1,C1,C2,C2,C3,C3,C3,
C4,C4,C3,C3,C3,C3,C4,C4,C5,C5,C6,C6,C6,C5,C5,C4,
C5,C8,CD,D0,D1,D1,D1,D2,D3,D1,C7,C2,C8,C6,BC,B8,
B9,B2,A4,95,89,78,68,5F,5F,5F,5B,5A,5E,5F,5B,5A,
56,5B,61,64,64,68,72,7D,8B,9B,AD,B7,BC,C1,C8,CB,
D3,B8,85,57,36,26,26,26,26,2C,2F,2F,30,2F,2E,2F,
2D,2D,2E,2E,2F,30,31,31,30,30,2F,2F,2F,30,30,30,
32,31,32,39,47,5E,76,87,88,8E,96,97,91,8F,93,94,
98,9A,9D,A0,A1,A1,A0,9F,9E,9D,9D,9D,9E,9E,9D,9D,
9D,9D,9E,9E,9E,9E,9E,9E,9E,9E,9D,9D,9D,9D,9C,9B,
9A,9A,9A,9A,9A,9A,9A,9A,9A,9A,9A,9A,9A,9A,9A,9A,
9B,9B,9B,9A,9A,9A,9A,9A,9A,9A,9A,9A,9A,9A,9A,9A,
65,66,66,66,66,66,66,65,64,64,63,63,64,64,65,65,
65,68,6E,70,6C,6A,6C,6C,6D,73,7B,80,83,86,8B,8F,
95,99,9F,A4,A6,A7,A7,A8,A9,A9,A8,A7,A6,A6,A7,A9,
AA,AA,AC,AE,AF,B3,B3,AD,A0,98,92,8D,85,7C,74,6D,
64,5D,56,52,51,51,52,53,55,56,57,59,5C,5E,60,60,
62,62,62,62,62,62,62,62,61,61,61,61,61,61,61,61,
62,62,63,63,64,64,64,64,64,64,63,62,62,62,61,5F,
5C,59,59,58,54,58,6F,89,B4,C9,CC,CA,CC,CA,C7,C4,
C4,C1,BD,BA,B7,B1,A6,9C,93,8C,88,86,81,7F,83,86,
8A,88,84,7D,77,72,71,71,74,77,7A,7B,7A,79,77,74,
71,70,70,72,76,79,7E,82,85,85,84,83,83,84,86,87,
87,86,82,80,7E,7E,7F,80,80,80,80,80,81,83,84,84,
84,85,87,88,88,88,86,86,86,87,89,89,88,86,83,82,
7D,7A,78,79,7D,81,85,86,83,7F,78,73,73,76,79,79,
74,73,73,73,74,73,71,6F,6B,66,5D,57,58,5B,60,67,
67,6A,66,6A,74,7B,80,7E,76,6D,62,5B,54,4C,46,43,
4A,4B,4D,4D,4A,4C,50,4F,4E,4C,46,42,41,43,43,41,
3C,39,38,36,30,28,25,26,2D,31,37,3B,3B,3C,42,49,
4F,67,91,A7,AF,A7,90,8E,9B,A6,AE,B2,B6,B8,BC,C1,
BF,BF,C0,C1,C1,C1,C0,C0,C0,C1,C2,C2,C3,C2,C1,C1,
BF,BF,BF,BF,BF,C0,C0,C0,C1,C1,C1,C2,C2,C3,C3,C4,
C5,C5,C4,C4,C4,C4,C4,C4,C4,C4,C5,C5,C5,C5,C5,C5,
C6,C9,CD,D1,D3,D1,CF,CC,D2,CE,BF,B7,BC,B7,A2,94,
8D,85,78,70,6B,62,59,58,5D,5F,5D,5B,5D,5D,5A,59,
59,5E,65,6C,72,7B,88,93,9C,A8,B8,C0,C1,C3,C2,BF,
BE,A0,67,42,34,2A,27,26,28,2D,33,31,2C,2B,2F,30,
2D,2D,2D,2E,2E,2F,30,30,30,2F,2F,2F,2F,2F,2F,2F,
2E,2E,32,3C,4F,67,7D,89,8B,8E,96,97,90,8F,94,96,
9A,9B,9E,A0,A1,A1,A0,9F,9D,9D,9D,9D,9E,9E,9E,9E,
9D,9D,9E,9E,9E,9E,9E,9E,9E,9E,9D,9D,9D,9D,9C,9B,
9A,9A,9A,9A,9A,9A,9A,9A,9A,9A,9A,9A,9A,9A,9A,9A,
9B,9B,9A,9A,9A,9A,9A,9A,99,99,99,99,99,99,99,99,
67,67,67,67,67,66,66,65,64,64,64,64,64,65,65,66,
65,68,6E,70,6C,6B,6D,6C,6E,74,7C,81,83,86,8B,8F,
95,9A,A0,A4,A6,A7,A8,A8,AA,A9,A8,A7,A6,A6,A7,A9,
AA,AA,AC,AE,AF,B3,B3,AD,9F,98,92,8D,85,7C,74,6D,
64,5D,56,52,51,51,52,53,56,56,58,5A,5C,5E,60,61,
62,62,62,62,62,62,62,62,61,61,61,61,61,61,61,61,
62,62,63,63,64,64,64,64,64,64,64,62,62,62,61,5F,
5C,5A,59,59,53,55,6B,84,B1,C6,C9,C8,CC,CC,C9,C6,
C6,C4,C0,BC,B7,B1,A5,9B,93,8C,87,84,7F,7C,7F,82,
86,86,83,7E,78,74,72,71,74,78,7B,7C,7B,78,74,71,
6E,6E,71,76,7B,7E,80,83,84,83,81,81,82,84,86,87,
87,85,81,7E,7C,7D,7F,80,80,80,80,80,81,82,83,84,
84,85,87,88,89,88,86,85,87,88,8A,8A,88,84,80,7E,
78,78,79,7C,7E,81,82,82,7C,77,71,6F,74,7A,7E,7E,
75,74,74,75,77,78,77,75,6F,69,5E,56,56,58,5C,62,
5C,5D,56,59,65,6E,75,75,6B,61,58,53,4E,49,46,46,
52,51,50,4C,4A,4E,50,4C,4C,4A,48,46,48,49,46,42,
39,37,37,35,2F,26,22,22,2E,32,36,35,34,3A,4C,5D,
67,7A,9F,AD,AF,A7,92,93,9F,AD,B9,BD,BF,BD,BE,C0,
BF,BF,BF,C0,C0,C0,C0,BF,BF,C0,C1,C2,C2,C2,C2,C1,
BF,BF,BF,BF,BF,C0,C0,C0,C1,C1,C2,C2,C3,C3,C3,C4,
C4,C5,C5,C5,C4,C4,C4,C3,C4,C4,C4,C4,C4,C5,C5,C6,
C6,C8,CC,D1,D3,D1,CD,C8,CD,C5,AE,A1,A6,A2,8C,7C,
72,69,5E,5B,5B,56,53,56,5A,5D,5C,5B,5D,5D,5B,5C,
5D,62,6A,74,81,8E,9C,A6,A8,B1,BE,C2,BF,BA,B1,A7,
A1,86,4E,32,33,2D,27,24,2A,2E,34,32,29,29,30,31,
2D,2D,2D,2D,2E,2F,2F,30,30,2F,2F,2F,2E,2E,2E,2F,
2D,2E,33,41,57,6F,82,8C,8C,8D,94,96,8F,8F,97,99,
9A,9B,9D,9F,A0,9F,9E,9E,9D,9D,9D,9D,9E,9F,9F,9E,
9D,9D,9E,9E,9E,9E,9E,9E,9E,9E,9D,9D,9D,9D,9C,9B,
9A,9A,9A,9A,9A,9A,9A,9A,9A,9A,9A,9A,9A,9A,9A,9A,
9B,9B,9A,9A,9A,9A,9A,9A,99,99,99,99,99,99,99,99,
69,68,68,67,67,66,65,64,64,64,65,65,66,67,67,67,
67,69,6F,71,6D,6C,6D,6C,6D,73,7C,81,85,88,8C,90,
95,99,9F,A4,A6,A7,A7,A8,AA,A9,A8,A7,A6,A6,A7,A9,
AB,AB,AD,AE,B0,B3,B3,AD,A0,98,92,8D,86,7D,75,6D,
64,5D,55,52,51,51,52,54,55,56,58,5B,5E,60,61,61,
62,62,62,62,62,62,62,61,61,61,61,61,61,61,61,61,
62,62,62,62,63,63,64,64,63,63,63,63,62,62,61,61,
5F,5A,5A,57,53,55,65,80,AC,C2,C6,C8,CB,CA,CC,C9,
CB,C8,C3,BE,B9,B1,A5,9A,91,88,82,7E,7A,79,7D,7F,
84,84,82,7F,7A,76,74,73,74,77,79,7A,78,75,71,6E,
6B,70,75,7A,7F,83,85,84,82,81,81,82,83,84,85,85,
84,82,7F,7C,7C,7D,7F,81,83,82,81,80,80,81,83,85,
85,86,87,87,87,87,87,87,87,89,8A,88,85,81,7C,78,
74,76,7A,7D,81,83,81,7D,7A,79,77,78,7B,7D,7F,80,
7A,79,77,77,78,77,75,73,6C,64,5A,52,4D,4E,54,59,
5B,59,58,5B,63,6B,6F,70,65,5F,57,52,50,4F,50,51,
5D,5A,55,52,50,4F,4F,50,50,51,50,51,4B,48,47,3D,
35,2F,32,30,2B,28,24,27,30,30,2E,2D,31,3D,54,6B,
79,8C,9F,A7,A9,A6,A1,A1,AA,B1,BD,C4,C2,C1,C1,C0,
C0,C1,C2,C3,C3,C2,C1,C0,BF,BF,C0,C1,C1,C0,BF,BE,
BF,BF,BF,BF,C0,C1,C0,C0,C1,C1,C2,C2,C3,C3,C3,C4,
C4,C4,C4,C4,C4,C4,C3,C3,C3,C1,C1,C3,C4,C4,C6,C8,
CB,C8,C5,C7,CD,D2,D2,CF,CD,B7,92,7D,82,81,76,70,
66,60,59,56,56,55,55,56,5C,5D,5C,5C,5E,5D,5D,5F,
61,67,71,80,91,A1,AC,B0,AB,B0,B9,BD,B6,A6,90,7D,
73,5D,3F,2F,2D,2D,29,27,2E,2E,2F,2F,2F,2F,2F,2F,
2D,2C,2D,2D,2E,2F,30,30,30,31,31,2F,2F,2F,2F,2D,
29,2C,36,4A,61,75,85,8D,8C,8F,92,92,91,92,95,99,
9A,9C,9E,9F,A0,A0,9F,9E,9C,9D,9D,9E,9F,9F,9E,9E,
9D,9D,9E,9E,9E,9E,9E,9E,9E,9E,9D,9D,9D,9D,9C,9B,
9A,9A,9A,9A,9A,9A,9A,9A,9A,9A,9A,9A,9A,9A,9A,9A,
9A,9A,9A,9A,9A,9A,9A,99,98,98,99,99,99,99,99,99,
6A,69,69,68,67,66,65,65,64,65,65,66,67,67,68,68,
67,69,6F,71,6D,6C,6D,6D,6E,74,7C,82,85,88,8C,90,
95,99,9F,A4,A6,A7,A7,A8,AA,A9,A8,A7,A6,A6,A8,A9,
AA,AA,AD,AE,AF,B3,B2,AC,A0,98,92,8D,85,7D,75,6D,
63,5D,55,52,51,51,53,54,55,56,58,5B,5E,60,61,61,
62,62,62,62,61,61,61,61,61,61,61,61,61,61,61,61,
62,62,62,62,62,63,63,64,63,63,63,62,62,62,61,61,
61,5C,5C,57,53,54,62,7C,A5,BB,C3,C7,CA,CA,CD,CA,
CD,CA,C5,C0,BB,B2,A4,98,8D,85,7F,7C,79,7A,7E,81,
85,84,82,7F,7B,78,76,75,77,77,76,75,73,71,6E,6C,
6E,72,79,7E,82,85,85,84,83,82,82,83,84,84,84,83,
82,81,7E,7C,7B,7D,7F,80,82,82,81,80,80,81,83,84,
84,85,87,87,86,86,86,87,87,88,88,87,84,7F,7B,78,
78,7A,7D,80,81,81,7D,79,79,79,7A,7C,7E,7E,7C,7A,
77,75,72,6F,6D,6A,67,64,5D,57,4F,49,46,48,4E,53,
57,56,57,5C,64,6B,6E,6D,63,5E,5A,59,5A,5B,5A,5B,
62,61,5F,5C,58,52,4D,4B,4B,4C,4D,4F,4B,4C,4F,47,
37,2E,2F,2E,2B,29,27,29,2C,2F,33,39,45,54,68,79,
86,8F,9A,A0,A3,A6,AB,AE,AD,B4,C0,C7,C4,C1,C1,BF,
C1,C2,C3,C3,C3,C2,C1,C0,BF,C0,C0,C1,C1,C0,BF,BE,
C0,BF,BF,BF,C0,C0,C0,C0,C1,C1,C1,C2,C2,C3,C3,C4,
C2,C3,C3,C4,C4,C4,C4,C4,C3,C2,C1,C3,C4,C5,C6,C8,
CD,CA,C6,C5,C8,CB,C7,C1,B2,9D,7B,6A,6F,6F,66,64,
61,5D,58,57,57,56,56,57,5B,5E,5D,5E,61,63,64,67,
6B,72,7E,8C,9D,AC,B6,BA,B0,B1,B2,AB,9A,85,6F,5C,
51,44,35,2B,29,2A,2B,2C,2E,2E,2F,30,30,30,2F,2E,
2D,2D,2D,2D,2E,2F,30,30,2F,30,30,2F,2F,2F,2F,2D,
2B,2E,3B,51,69,7C,88,8D,8D,8F,91,91,90,92,95,98,
9A,9C,9E,9F,A0,A0,9F,9E,9C,9D,9E,9E,9F,9F,9E,9E,
9D,9D,9E,9E,9E,9E,9E,9E,9E,9E,9D,9D,9D,9D,9C,9B,
9A,9A,9A,9A,9A,9A,9A,9A,9A,9A,9A,9A,9A,9A,9A,9A,
9A,9A,9A,9A,9A,9A,99,99,99,99,99,99,99,99,99,99,
6B,6B,6A,69,67,66,66,65,65,66,67,68,68,69,69,69,
66,69,6E,70,6D,6C,6D,6D,6E,74,7C,82,85,88,8C,90,
95,99,9F,A4,A6,A7,A7,A7,AA,A9,A9,A7,A7,A7,A8,A9,
AA,AA,AC,AE,AF,B2,B1,AC,9F,97,91,8C,85,7C,74,6D,
63,5D,55,52,51,51,53,54,55,56,58,5B,5E,60,61,61,
61,61,61,61,61,61,61,61,61,61,61,61,61,61,61,61,
61,61,61,61,62,62,63,63,63,63,63,62,62,61,61,61,
63,5E,5D,58,54,54,5F,76,9A,B1,BF,C6,C9,CA,CD,CC,
CD,CA,C6,C2,BE,B4,A5,97,8A,82,7E,7D,7B,7D,83,86,
88,86,83,7F,7C,7A,79,79,78,75,71,6E,6C,6C,6C,6D,
72,77,7D,82,86,87,86,84,84,84,85,85,85,84,82,80,
80,7E,7D,7C,7C,7D,7F,80,82,82,81,81,80,81,82,83,
84,85,86,86,86,86,86,86,87,87,86,84,81,7D,79,77,
80,83,85,85,83,7E,77,72,73,75,79,7D,7F,7D,78,74,
6F,6B,65,5E,56,50,4B,48,46,42,3E,3B,3B,3E,44,49,
4E,52,57,5F,68,70,71,6F,69,66,65,69,6C,6D,6C,6B,
67,69,6B,68,61,55,49,41,43,43,44,47,48,4F,59,56,
41,33,2D,28,25,26,27,2C,22,27,31,48,68,80,8B,8E,
89,8B,95,9E,A1,A8,B1,B4,B2,B8,C2,C6,C1,BF,C0,BF,
C2,C2,C3,C3,C3,C2,C1,C0,C0,C0,C1,C1,C1,C0,BF,BE,
C0,BF,BF,BF,BF,C0,C0,C0,C1,C1,C1,C2,C2,C3,C3,C3,
C1,C2,C2,C3,C4,C4,C4,C4,C3,C2,C3,C4,C6,C7,C9,CB,
CA,CB,CB,C9,C7,C1,B2,A4,90,80,68,5F,65,65,5E,5D,
5F,5D,5B,5A,59,58,59,5A,5D,60,61,63,67,6A,6D,72,
7D,87,94,A0,AB,B3,B8,BA,B5,AF,A4,90,75,5D,4A,3C,
35,30,30,2E,26,26,2C,2E,2E,2E,2F,31,32,31,2E,2C,
2D,2D,2D,2E,2E,2F,30,30,2F,30,31,31,30,31,30,2F,
2D,33,43,5B,73,84,8B,8E,90,90,90,90,8F,91,95,98,
9B,9C,9E,9F,A0,9F,9F,9E,9D,9D,9E,9F,9F,9F,9E,9E,
9D,9E,9E,9E,9E,9E,9E,9E,9E,9E,9D,9D,9D,9D,9C,9B,
9A,9A,9A,9A,9A,9A,9A,9A,9A,9A,9A,9A,9A,9A,9A,9A,
9A,9A,9A,9A,9A,99,99,99,99,99,99,99,99,99,99,99,
6C,6B,6A,69,67,67,66,66,67,68,69,69,6A,6A,69,69,
66,69,6E,6F,6C,6B,6C,6B,6D,73,7C,82,85,88,8D,91,
96,9A,A0,A4,A6,A6,A7,A7,A9,A9,A9,A8,A7,A7,A9,AA,
AA,AA,AC,AD,AE,B2,B1,AB,9F,97,91,8C,84,7C,74,6C,
63,5C,55,52,51,51,53,54,55,56,58,5B,5E,61,62,62,
61,61,61,61,61,61,61,61,61,61,61,61,61,60,60,60,
60,60,60,61,61,62,62,62,63,63,62,62,62,61,61,61,
63,60,5F,5A,55,54,5C,6F,8E,A6,BC,C5,C8,CA,CD,CD,
CB,C9,C6,C4,C0,B7,A6,98,8A,83,80,81,81,84,8A,8E,
8C,8A,85,81,7E,7D,7C,7C,77,72,6C,68,67,69,6D,71,
77,7C,81,85,88,89,87,84,85,86,86,86,86,83,80,7D,
7E,7D,7C,7C,7D,7E,80,81,81,81,81,81,80,80,81,82,
84,85,86,86,86,86,86,85,86,84,82,80,7D,7A,77,77,
81,85,88,88,84,7D,75,70,6E,70,74,78,78,74,6D,68,
65,62,5B,53,4A,42,3D,3B,39,38,36,36,37,39,3F,44,
49,50,5A,63,6D,72,72,6E,66,63,62,66,6A,6A,68,66,
62,67,6D,6E,67,5A,4A,3F,3D,3B,38,3A,3E,4C,5E,60,
48,37,2D,27,24,27,2A,30,30,3C,4E,69,89,9C,9B,94,
85,85,93,9F,A1,A9,B4,B7,B8,BB,C0,C0,BA,BA,BE,C0,
C0,C1,C2,C3,C3,C2,C1,C0,C1,C1,C1,C1,C1,C0,BF,BE,
C0,BF,BF,BE,BE,BF,C0,C0,C0,C1,C1,C1,C2,C3,C3,C3,
C2,C2,C3,C3,C4,C4,C5,C5,C5,C5,C5,C5,C6,C6,C7,C7,
C7,CA,CA,C4,BB,AD,99,88,72,69,5E,5F,66,63,5B,5A,
5F,5E,5D,5C,5A,58,59,5B,5E,63,67,6D,75,7A,7F,84,
89,95,A5,B1,B6,B8,B9,B9,B9,AA,93,75,56,42,38,33,
2B,2A,31,32,28,27,2D,2D,2D,2E,31,32,32,30,2D,2B,
2D,2D,2E,2E,2E,2F,30,31,31,32,33,33,33,33,32,32,
31,3B,4F,66,7B,88,8E,8F,92,91,90,8E,8F,91,95,98,
9C,9D,9E,9F,A0,9F,9F,9E,9E,9E,9F,9F,9F,9F,9E,9E,
9D,9D,9E,9E,9E,9E,9E,9E,9E,9E,9D,9D,9D,9D,9C,9B,
9A,9A,9A,9A,9A,9A,9A,9A,9A,9A,9A,9A,9A,9A,9A,9A,
9A,9A,9A,9A,99,99,99,99,99,99,99,99,99,99,99,99,
6C,6C,6A,69,68,67,67,67,69,6A,6B,6B,6B,6B,6A,69,
66,68,6D,6E,6A,69,6A,69,6C,72,7B,81,85,89,8E,92,
96,9A,A0,A4,A6,A6,A7,A7,A9,A9,A8,A8,A7,A8,A9,AA,
AA,AA,AC,AE,AF,B2,B1,AB,9E,97,91,8C,84,7C,74,6D,
63,5D,55,52,51,51,53,54,55,56,58,5B,5E,60,61,61,
61,61,61,61,61,61,61,61,61,61,61,61,60,60,60,60,
60,60,60,60,61,61,62,62,63,62,62,62,61,61,61,60,
63,60,60,5B,57,55,5A,69,82,9C,BA,C6,C7,C9,CB,CC,
C9,C7,C5,C4,C1,B8,A7,99,8D,87,85,87,88,8B,90,93,
91,8E,88,84,81,7F,7E,7D,75,70,6A,67,67,69,6F,74,
7D,80,84,86,88,88,87,85,86,86,86,85,84,81,7E,7B,
7C,7C,7C,7D,7E,7F,80,81,80,80,81,81,80,80,81,82,
84,85,86,87,87,87,86,85,85,81,7E,7C,79,77,77,78,
7C,81,85,85,83,7E,77,72,6E,6D,6D,6B,68,62,5B,56,
56,54,50,4B,45,40,3D,3B,3C,3B,3A,3A,3A,3C,41,46,
4C,55,5F,67,6D,6F,6B,65,5C,58,55,56,57,57,55,54,
55,5C,65,6A,69,60,52,46,3E,38,31,30,34,45,5B,5F,
43,33,2C,2A,2A,2F,33,3B,4D,65,7F,92,9E,A1,9C,98,
88,88,95,A0,A2,AA,B9,BD,BD,BC,BC,B8,B3,B5,BD,C2,
BE,BE,C0,C1,C1,C1,C1,C0,C2,C2,C1,C1,C0,BF,BE,BD,
BF,BF,BF,BE,BE,BF,BF,C0,C0,C0,C1,C1,C2,C2,C3,C3,
C4,C4,C3,C3,C4,C4,C5,C5,C8,C8,C7,C6,C4,C2,C1,BF,
C7,C4,BA,AB,9D,91,83,78,66,61,5F,65,6A,66,5E,5B,
5B,5A,5A,5A,59,58,5A,5D,61,69,72,7C,87,8F,95,9B,
9A,A6,B3,BA,BA,B8,B5,B3,B7,A2,82,60,43,36,36,38,
2C,29,2F,31,2A,2A,30,2E,2D,2F,32,33,31,2E,2D,2C,
2D,2E,2F,2F,2F,2F,30,31,34,34,35,36,35,34,35,35,
38,47,5D,71,80,89,90,93,92,91,8F,8E,8F,92,97,9A,
9D,9E,9F,A0,A0,A0,9F,9E,9E,9F,9F,A0,A0,9F,9F,9E,
9D,9D,9D,9E,9E,9E,9E,9E,9E,9E,9D,9D,9D,9D,9C,9B,
9B,9B,9B,9B,9B,9B,9B,9B,9B,9B,9B,9B,9B,9B,9B,9B,
9A,9A,9A,9A,99,99,99,99,99,99,99,99,99,99,99,99,
6C,6B,6A,69,68,68,68,69,6B,6C,6D,6D,6C,6B,69,68,
65,67,6C,6D,69,67,69,68,6A,71,7A,81,85,89,8E,92,
97,9B,A0,A4,A6,A6,A6,A7,A8,A8,A8,A8,A7,A8,A9,AA,
AA,AA,AC,AE,AE,B2,B1,AB,9E,96,90,8C,84,7C,74,6D,
64,5D,56,52,51,51,52,54,54,55,57,5A,5D,5F,60,60,
61,61,61,61,61,62,62,62,61,61,61,60,60,60,60,60,
60,60,60,60,60,61,62,62,62,62,62,61,61,61,60,60,
62,61,61,5D,59,57,57,62,77,92,B8,C6,C5,C7,C8,C9,
C8,C7,C6,C4,C0,B7,A7,9B,92,8C,8B,8D,8D,8E,92,94,
93,90,8C,89,86,82,7D,7A,73,6E,6A,69,6A,6C,72,77,
80,82,85,86,87,88,87,86,85,84,83,82,80,7E,7C,7A,
7B,7C,7D,7E,7F,80,80,80,7F,80,80,80,80,80,81,82,
85,85,86,87,88,88,86,85,83,7E,7A,78,76,75,77,7A,
7F,81,83,82,7E,79,72,6C,65,63,60,5C,58,54,4F,4B,
4B,4A,48,46,43,3F,3C,3A,3D,3C,3B,3A,3A,3C,42,47,
53,5C,66,6C,6E,6E,67,5F,55,50,4B,49,4A,4A,4B,4C,
52,57,5D,62,64,5F,54,49,40,39,2F,2D,30,3F,52,53,
3F,2E,27,26,2A,35,44,53,6A,81,98,A1,A2,9C,95,93,
8B,8F,9B,A5,A8,AF,B9,BD,BE,BB,B9,B5,B1,B4,BD,C1,
BB,BC,BD,BF,BF,C0,C0,C0,C0,C0,C0,BF,BE,BD,BC,BB,
BD,BE,BF,BF,BF,BF,BF,C0,C0,C0,C0,C1,C1,C2,C2,C3,
C4,C4,C3,C3,C3,C3,C4,C5,C7,C8,C7,C5,C2,BF,BC,B9,
BA,B1,A1,92,86,7F,78,72,69,65,64,67,69,66,62,5E,
5A,5A,5C,5F,61,63,67,6B,70,78,82,8B,95,9C,A1,A6,
A8,B0,B8,BD,BC,B7,B1,AC,A9,90,6E,4E,37,32,37,3B,
32,2D,2E,30,2D,2E,31,30,2F,30,32,31,30,2E,2D,2D,
2E,2F,30,30,2F,2F,31,32,35,35,36,37,36,36,37,39,
43,55,6C,7C,84,8A,91,96,92,91,90,8F,8F,93,99,9D,
9E,9F,A0,A1,A1,A1,A0,9F,9F,A0,A0,A0,A0,9F,9F,9E,
9D,9D,9E,9E,9E,9E,9E,9E,9E,9E,9D,9D,9D,9D,9C,9B,
9B,9B,9B,9B,9B,9B,9B,9B,9B,9B,9B,9B,9B,9B,9B,9B,
9A,9A,9A,99,99,99,99,99,99,99,99,99,99,99,98,98,
6C,6C,6A,69,69,69,6A,6B,6D,6E,6E,6E,6D,6B,68,67,
63,65,6A,6C,68,67,69,69,6A,71,7A,81,85,89,8E,92,
97,9B,A1,A5,A6,A6,A6,A6,A7,A8,A8,A8,A7,A8,A9,AA,
AA,AA,AC,AD,AE,B1,B0,AA,9D,95,90,8B,84,7C,74,6C,
64,5D,56,52,51,51,52,53,54,54,56,59,5B,5D,5E,5E,
61,61,61,61,61,61,61,61,61,61,61,60,60,60,60,5F,
60,60,60,60,60,61,62,62,62,62,62,61,61,60,60,60,
61,61,63,5F,5B,58,55,5D,6D,89,B5,C6,C3,C4,C4,C6,
C6,C6,C5,C4,C0,B7,A9,9E,98,92,91,92,90,8F,90,91,
90,8F,8F,8E,8B,85,7C,76,6F,6C,6A,6D,6F,71,75,7A,
81,84,86,86,87,88,87,85,83,81,7F,7D,7C,7B,7B,7A,
7B,7C,7D,7F,7F,80,80,7F,7F,7F,7F,7F,7F,80,81,82,
85,85,86,87,88,88,86,85,81,7B,77,75,74,74,78,7C,
84,83,80,7A,74,6C,63,5C,55,53,51,50,4F,4E,4D,4B,
49,48,47,46,44,41,3C,38,38,37,36,37,38,3D,45,4C,
5C,65,6D,70,6F,6C,63,5A,4E,49,44,43,44,47,4C,50,
59,59,59,59,5A,58,4F,44,3D,37,30,31,33,3D,49,45,
3A,29,24,25,2D,41,5A,72,88,93,9A,9B,98,90,88,85,
8F,98,A3,AC,B1,B5,B8,B8,B9,B7,B7,B6,B4,B6,BB,BC,
BA,BB,BC,BD,BE,BE,BE,BE,BE,BE,BD,BC,BB,BA,B9,B8,
BC,BD,BF,BF,BF,BF,BF,C0,C0,C0,C0,C1,C1,C2,C2,C2,
C3,C3,C2,C1,C1,C2,C3,C4,C5,C6,C4,C0,BB,B5,AF,AA,
9F,93,85,7F,7D,7C,78,75,6E,69,66,65,64,65,64,60,
63,65,69,70,75,7A,7E,82,87,8E,94,99,9F,A2,A4,A8,
A8,AC,B3,BA,BE,B9,AC,A0,8C,73,56,3F,32,31,37,3A,
36,33,31,30,30,30,31,32,34,32,30,2F,30,30,2F,2D,
2F,30,31,30,30,30,31,33,35,35,36,38,38,38,3B,3F,
4D,60,76,83,88,8B,91,96,90,91,91,90,90,94,9B,A0,
A0,A0,A1,A2,A2,A1,A1,A0,A0,A0,A0,A0,A0,9F,9F,9E,
9E,9E,9E,9F,9F,9F,9F,9E,9E,9E,9D,9D,9D,9D,9C,9B,
9B,9B,9B,9B,9B,9B,9B,9B,9B,9B,9B,9B,9B,9B,9B,9B,
9A,9A,99,99,99,99,99,99,99,99,99,98,98,98,98,98,
6D,6C,6A,69,69,6A,6B,6C,6E,6F,6F,6F,6D,6A,68,66,
62,64,69,6B,68,68,6A,6A,6A,71,7A,80,84,88,8D,91,
97,9B,A1,A5,A6,A6,A6,A6,A7,A7,A8,A7,A7,A8,A9,AA,
AA,AA,AC,AD,AD,B1,B0,AA,9D,95,8F,8B,83,7B,73,6C,
65,5E,56,52,51,51,52,53,53,53,55,58,5A,5C,5D,5C,
60,60,60,60,61,61,61,61,61,61,61,60,60,60,5F,5F,
60,60,60,60,60,61,62,62,62,62,62,61,61,60,60,60,
61,62,64,60,5C,58,53,59,66,83,B3,C5,C2,C3,C2,C4,
C3,C4,C4,C3,BF,B8,AC,A2,9C,96,95,95,91,8E,8E,8D,
8D,8E,90,91,8F,86,7B,72,6B,69,6A,6F,73,75,78,7D,
81,84,86,87,88,88,87,85,82,7F,7C,79,79,79,7A,7A,
7B,7C,7D,7F,7F,7F,7F,7F,7F,7F,7F,7F,7F,80,82,83,
85,85,85,87,88,88,86,85,7F,7A,75,74,73,74,78,7E,
82,7F,79,71,69,60,56,4F,4B,4A,49,49,4B,4C,4D,4C,
41,41,41,41,41,3D,38,34,34,33,34,36,3A,41,4C,54,
63,6C,72,71,6D,67,5C,52,4C,48,44,43,46,4C,54,5A,
5E,5B,55,52,54,53,4B,42,37,34,31,35,37,3E,44,3C,
2E,23,25,2D,3B,52,6E,87,94,99,9A,95,8F,88,86,88,
98,A1,A8,AE,B5,BA,B9,B9,B4,B4,B7,B9,B7,B8,B9,B8,
BA,BB,BC,BD,BD,BD,BD,BD,BC,BC,BB,BA,B9,B7,B6,B6,
BB,BD,BF,C0,BF,BF,BF,BF,C0,C0,C0,C1,C1,C2,C2,C2,
C2,C1,C0,C0,C0,C1,C2,C3,C7,C6,C2,BA,B0,A7,9D,96,
89,7B,6F,70,77,7C,7C,7C,76,71,6C,69,68,6A,6B,68,
6D,6F,76,7E,86,8C,90,93,98,9D,A1,A4,A6,A7,A8,AB,
AF,B0,B4,BA,BD,B2,9B,86,72,5C,44,35,30,33,38,39,
34,34,31,30,31,31,31,34,38,33,2E,2E,30,32,30,2D,
2F,30,31,31,30,30,31,33,36,36,37,39,3A,3B,3F,43,
52,65,7B,87,89,8B,90,95,8F,91,91,91,91,95,9C,A2,
A1,A1,A2,A2,A2,A2,A1,A1,A0,A0,A1,A1,A0,A0,9F,9E,
9E,9F,9F,9F,9F,9F,9F,9F,9E,9E,9D,9D,9D,9D,9C,9B,
9B,9B,9B,9B,9B,9B,9B,9B,9B,9B,9B,9B,9B,9B,9B,9B,
9A,99,99,99,99,99,99,99,99,98,98,98,98,98,98,98,
6E,6D,6C,6B,6B,6B,6B,6B,6C,6C,6B,6B,6A,69,68,67,
67,66,66,67,6A,6D,6E,6F,71,75,7A,7D,7F,84,8B,91,
95,99,9F,A3,A4,A4,A4,A4,A6,A7,A8,A8,A7,A6,A6,A7,
A7,A7,AA,AC,AC,AE,AE,A9,9D,96,8F,88,7E,77,71,6C,
67,60,58,52,50,4F,51,53,53,53,53,55,56,56,57,59,
5B,5D,60,60,61,62,62,62,61,61,61,60,60,60,5F,5F,
60,60,61,61,61,61,61,61,61,61,61,61,61,61,61,61,
62,63,63,60,5A,54,53,56,62,81,AB,C5,C7,C2,BE,BA,
BE,BE,C0,BF,B9,B4,AF,A9,A3,9C,94,91,8F,8D,8B,89,
87,8B,91,96,95,8B,78,68,5F,64,6D,75,79,79,7A,7C,
7F,82,86,8A,8C,8A,86,83,7E,7C,7A,79,79,7A,7A,7A,
76,79,7D,7F,7E,7D,7C,7B,7D,7F,7E,7B,7A,7D,82,85,
85,86,86,87,89,89,85,80,7A,78,76,75,77,7B,7B,79,
7C,76,6B,62,5D,53,47,42,44,48,4C,50,54,56,54,4F,
44,3F,3A,3A,3B,34,2C,2A,2D,30,33,35,3B,48,57,62,
65,6A,70,70,6A,5E,4F,43,4B,48,4A,4D,4E,58,61,62,
57,50,52,54,5D,5B,46,3C,30,2E,29,37,4D,4F,41,33,
26,24,2D,3D,4E,67,81,8D,99,94,8E,8B,8A,8D,93,99,
A2,A5,AB,B1,B5,B8,B9,B9,B6,B5,B4,B4,B6,B8,B9,B9,
BB,BB,BB,BB,BB,BB,BB,BC,BB,BA,B9,B7,B7,B7,B7,B8,
B7,BB,C0,C3,C3,C1,BF,BD,BF,BD,BD,BF,C2,C3,C1,C0,
BD,BD,BC,BD,C1,C2,C1,C3,CA,C8,C0,AF,9D,8D,81,79,
74,72,71,71,76,7D,7F,7F,79,75,72,73,73,72,71,71,
76,7B,84,8C,93,97,99,9A,9D,A0,A7,AB,AA,AA,AD,AE,
AB,AF,B4,BF,C3,AA,7D,5F,52,47,3C,34,2F,2F,32,33,
32,32,32,32,33,34,34,35,35,34,32,31,30,30,2E,2E,
2E,30,33,33,30,2E,30,35,38,37,33,38,3B,3E,48,4D,
5B,6A,78,82,8B,8F,8F,8F,8E,8E,8F,92,96,9A,9E,A0,
A3,A2,A2,A2,A1,A1,A1,A1,A0,A1,A1,A1,A1,A1,A1,A1,
A0,A0,A0,A0,A0,A0,A0,A0,A0,A0,9F,9E,9E,9E,9E,9E,
9D,9D,9D,9D,9D,9C,9C,9C,9C,9C,9B,9B,9B,9A,9A,9A,
9A,9A,9A,9A,99,99,99,99,98,98,98,97,97,97,97,97,
6C,6C,6C,6C,6B,6C,6C,6C,6B,6B,6A,69,68,67,67,67,
67,66,66,67,6A,6D,6F,6F,71,75,7A,7D,7F,84,8B,91,
94,99,9F,A3,A4,A3,A4,A4,A6,A7,A8,A8,A6,A6,A6,A7,
A6,A6,A9,AB,AC,AE,AD,A9,9C,94,8E,87,7D,75,70,6B,
68,61,58,53,50,50,51,53,53,52,53,54,55,55,56,58,
5A,5D,5F,60,61,62,62,62,61,61,61,60,60,60,5F,5F,
60,60,61,61,61,61,61,61,61,61,61,61,61,61,61,61,
61,61,62,60,5B,56,54,56,5C,77,9D,B8,C0,BF,BD,B9,
BD,BD,BF,BE,B9,B6,B3,AD,A6,9E,97,92,90,8D,8A,88,
8B,8D,91,92,8F,85,74,66,61,66,6E,76,7A,7B,7C,7F,
81,83,86,8A,8B,89,85,82,7C,7B,79,79,79,7A,7B,7B,
7A,7C,7F,7F,7D,7C,7B,7B,7E,7F,7F,7D,7B,7C,7F,81,
85,86,87,87,87,88,86,83,7B,7B,7B,7B,7C,7E,7D,7B,
76,6D,60,56,4F,48,44,44,49,4E,52,55,55,52,4D,48,
3D,39,35,36,38,32,2A,28,2D,2F,33,37,41,52,64,6E,
6C,6C,6A,62,57,4C,45,41,47,46,4A,52,5B,63,65,60,
57,53,56,56,59,54,40,38,2E,2C,2A,39,50,55,47,39,
2A,2C,3D,54,68,7D,8E,93,94,90,8D,8E,92,98,A0,A6,
A9,AC,AF,B3,B6,B8,B8,B8,B7,B6,B5,B6,B7,B8,B9,BA,
BA,BA,B9,B9,B9,B9,BA,BA,BA,B9,B8,B7,B7,B7,B8,B8,
BA,BD,C1,C3,C2,C0,BF,BF,BF,BE,BD,BF,C1,C2,C2,C1,
BE,BE,BC,BC,C1,C2,C0,BF,C2,BA,AB,97,84,76,6D,68,
6B,6C,6C,70,77,7F,83,83,82,7F,7E,80,81,81,80,81,
85,8A,91,98,9D,A0,A0,A0,A2,A7,A6,A8,AF,B0,AF,B4,
B0,B2,B5,B6,AD,90,67,4A,3F,36,30,2E,2C,2F,32,33,
32,32,32,33,33,34,35,35,35,34,33,32,31,30,2E,2D,
2C,30,34,34,31,2E,30,34,38,37,34,38,3B,3F,4D,55,
61,6F,7C,84,8C,8F,8E,8E,8D,8E,90,93,97,9C,A0,A2,
A3,A3,A3,A2,A2,A2,A1,A1,A1,A1,A1,A1,A1,A2,A2,A2,
A1,A1,A1,A1,A0,A0,A0,A0,A0,A0,9F,9F,9E,9E,9E,9E,
9D,9D,9D,9D,9D,9D,9D,9D,9C,9C,9C,9B,9B,9B,9A,9A,
9A,9A,9A,9A,99,99,99,99,98,98,98,97,97,97,97,97,
6B,6B,6C,6C,6C,6D,6D,6D,6B,6B,6A,69,68,67,67,67,
67,66,66,67,6B,6E,70,70,72,76,7A,7D,7F,83,8A,90,
94,99,9F,A3,A4,A3,A3,A4,A5,A7,A8,A7,A6,A5,A5,A6,
A6,A6,A8,AB,AB,AD,AD,A8,9B,93,8D,86,7C,74,6F,6B,
69,61,59,53,51,50,51,53,53,52,51,53,53,54,55,57,
5A,5D,5F,60,61,62,63,62,61,61,61,61,60,60,5F,5F,
60,60,61,61,61,61,61,61,61,61,61,61,61,62,62,62,
60,61,61,61,5D,59,57,57,58,6C,8A,A5,B8,C0,C0,BC,
BE,BE,C0,BF,BC,BA,B7,B2,A9,A2,9A,96,93,90,8C,89,
91,91,91,8D,86,7C,6F,66,64,68,6F,76,7B,7D,80,82,
84,85,87,89,88,86,82,80,7A,7A,79,79,7A,7B,7C,7C,
7F,81,82,80,7D,7A,7A,7B,7E,80,80,7E,7C,7C,7C,7D,
81,82,84,84,85,86,86,86,82,83,83,82,81,80,7C,78,
6F,63,54,4A,43,41,45,4C,5C,5E,5F,59,4F,44,3A,33,
36,34,32,34,37,33,2C,2B,2D,2F,32,3A,49,5E,70,7A,
76,6E,62,52,42,38,38,3D,3D,3C,40,52,6A,73,68,5B,
5A,5A,5C,59,53,4A,39,32,2C,2B,2C,3B,55,5D,50,43,
32,3B,52,6F,86,95,99,96,90,8E,8F,95,9E,A8,AF,B3,
B2,B3,B5,B7,B8,B9,B9,B9,B8,B8,B7,B7,B8,B9,BA,BA,
B9,B9,B8,B7,B7,B7,B8,B9,B9,B9,B8,B7,B7,B7,B8,B9,
BC,BF,C2,C2,C0,BF,C0,C2,C2,C1,C0,BF,C0,C2,C2,C2,
C9,C6,BF,BC,BF,C0,BA,B5,AB,9B,84,70,64,60,62,65,
65,67,6A,70,79,83,88,8A,8B,8B,8C,90,93,94,94,94,
9B,9D,A1,A4,A6,A6,A4,A3,A6,A8,9F,A3,B8,BC,B4,B5,
B7,B6,B5,A9,8D,6F,51,38,2F,29,27,29,2B,2E,30,2E,
32,32,33,33,34,34,35,35,35,34,33,32,31,30,2E,2C,
2B,2F,35,36,32,2F,30,34,38,39,36,37,39,40,54,61,
6A,77,82,89,8E,8F,8D,8D,8C,8E,91,95,99,9E,A2,A5,
A4,A4,A4,A3,A3,A2,A2,A2,A2,A2,A2,A2,A2,A2,A2,A3,
A1,A1,A1,A1,A1,A1,A1,A1,A0,A0,9F,9F,9F,9E,9E,9E,
9E,9E,9E,9E,9D,9D,9D,9D,9D,9D,9C,9C,9B,9B,9B,9B,
9A,9A,9A,9A,99,99,99,99,98,98,98,98,97,97,97,97,
6B,6B,6C,6D,6E,6E,6E,6E,6C,6B,6A,69,68,68,68,68,
68,66,65,67,6B,6F,71,71,73,77,7A,7C,7E,83,8A,90,
94,99,9F,A3,A4,A3,A3,A4,A5,A6,A7,A7,A5,A4,A5,A6,
A5,A5,A8,AA,AB,AD,AC,A8,9B,94,8D,86,7C,75,70,6B,
69,62,59,53,50,4F,51,52,53,51,50,51,52,52,53,55,
59,5C,5F,60,61,63,63,62,61,61,61,61,60,60,5F,5F,
60,60,61,61,61,61,61,61,61,61,61,61,62,62,62,62,
62,62,62,61,5F,5B,59,59,58,63,77,94,B2,C3,C5,C1,
BF,BF,C2,C2,BF,BE,BB,B6,AD,A6,9E,9B,99,95,90,8C,
97,96,91,88,7D,73,6B,67,69,6C,71,78,7D,80,83,85,
88,88,88,88,86,82,7F,7C,79,79,7A,7B,7C,7D,7D,7E,
81,83,84,82,7E,7B,7A,7B,7E,80,80,7E,7C,7B,7B,7B,
7A,7C,7E,82,85,87,87,87,85,84,83,82,80,7D,76,70,
65,57,4B,44,40,42,4B,53,5E,5E,5B,52,45,3A,32,2F,
34,33,31,32,36,33,2F,2F,2E,30,34,3F,51,65,73,79,
70,64,53,43,36,2F,33,3A,3A,41,49,59,6B,6C,5D,52,
5B,5C,5E,56,49,3C,31,29,2A,29,2C,3C,57,63,57,4C,
44,52,6B,86,99,A0,9B,95,8E,90,96,A1,AD,B5,B9,BA,
B8,B8,B8,B9,B9,B9,B9,B9,B9,B8,B8,B8,B9,B9,B9,B9,
BA,B9,B7,B6,B6,B6,B8,B9,B8,B7,B7,B6,B7,B7,B8,B9,
BD,BF,C1,BF,BD,BD,C0,C3,C5,C4,C2,C0,C0,C1,C1,C1,
C7,C6,C1,BE,C0,BA,AB,9E,91,80,6A,5C,57,58,5D,62,
62,64,67,6E,78,81,89,8C,8F,91,96,9B,9F,A0,A0,A0,
A4,A5,A5,A6,A7,A7,A6,A6,A9,AA,A7,AD,BC,C0,B9,B5,
B8,B4,B0,97,6E,53,44,35,2B,26,26,2A,2D,2F,2F,2D,
32,33,33,33,34,34,35,35,35,34,33,33,31,30,2E,2C,
2A,2F,35,37,33,30,30,33,38,3B,39,38,37,40,5A,6C,
74,7F,88,8C,8F,8F,8C,8C,8C,8E,93,97,9C,A0,A4,A6,
A5,A5,A4,A4,A3,A3,A3,A3,A3,A3,A3,A3,A3,A3,A3,A3,
A2,A2,A1,A1,A1,A1,A1,A0,A0,A0,A0,9F,9F,9F,9F,9F,
9E,9E,9E,9E,9E,9E,9E,9E,9D,9D,9D,9C,9C,9C,9B,9B,
9A,9A,9A,9A,99,99,99,99,98,98,98,98,97,97,97,97,
6C,6D,6D,6E,6E,6E,6E,6E,6B,6B,6A,6A,69,69,69,69,
68,66,65,67,6B,6F,71,72,74,77,7A,7C,7E,83,8A,90,
95,99,9F,A3,A4,A4,A4,A4,A5,A6,A7,A6,A5,A4,A4,A5,
A5,A5,A8,AA,AB,AD,AC,A8,9B,94,8C,86,7C,75,70,6C,
69,62,59,53,50,4F,50,52,52,51,50,51,51,51,53,55,
59,5C,5F,60,61,63,63,62,61,61,61,61,61,60,60,5F,
60,60,61,61,61,61,61,61,61,61,61,62,62,62,62,63,
64,63,61,60,5E,5C,5A,5A,5A,60,6D,8A,B1,C8,C8,C4,
C0,C0,C3,C5,C3,C2,BF,B9,B1,AB,A4,A2,A0,9B,94,90,
9B,97,8F,83,77,6E,6A,6B,6E,71,75,7A,80,84,87,88,
8A,8A,88,86,82,7E,7B,79,78,79,7A,7C,7D,7E,7E,7E,
7F,82,84,83,7F,7C,7B,7B,7D,7E,7D,7B,7A,7B,7B,7B,
75,75,78,7E,83,86,86,85,7D,7B,78,77,77,74,6D,66,
56,4B,44,43,42,46,4E,53,55,53,4D,44,3A,34,34,36,
37,35,31,30,31,2F,2C,2D,2E,31,38,47,59,68,6E,6D,
5A,4D,40,38,34,32,35,3A,43,58,66,67,60,53,4B,4D,
56,56,55,4C,3B,30,2B,25,27,25,2B,3B,58,67,5B,56,
5E,6D,82,96,A0,9F,97,91,8E,94,A0,AE,BA,C0,BF,BD,
BC,BB,BA,B9,B8,B8,B8,B8,B8,B8,B9,B9,B9,B8,B8,B8,
B9,B8,B6,B5,B4,B5,B6,B7,B7,B6,B6,B6,B6,B7,B8,B9,
BC,BE,BE,BC,BA,BA,BE,C2,C4,C4,C2,BF,BF,C1,C0,BE,
BE,C0,C0,C1,C0,B2,97,84,72,69,60,5E,5F,5F,5F,60,
60,61,63,69,72,7B,84,8A,8F,93,9A,9F,A3,A4,A4,A4,
A3,A3,A3,A3,A4,A6,A9,AB,AC,B2,BE,C0,B7,B7,BB,B9,
B3,AA,A0,81,53,3D,3C,36,2B,27,28,2D,2F,31,33,31,
33,33,33,34,34,35,35,35,35,34,33,32,31,30,2E,2C,
2B,2F,34,37,35,31,31,33,38,3D,3B,39,38,42,60,75,
7C,85,8B,8E,90,8E,8B,8C,8D,90,95,9A,9F,A2,A5,A7,
A5,A5,A5,A4,A4,A4,A3,A3,A3,A3,A3,A3,A3,A4,A4,A4,
A2,A2,A1,A1,A1,A0,A0,A0,A0,A0,A0,9F,9F,9F,9F,9F,
9F,9F,9F,9F,9E,9E,9E,9E,9E,9E,9D,9D,9C,9C,9C,9C,
9A,9A,9A,9A,99,99,99,99,98,98,98,98,98,97,97,97,
6E,6E,6E,6E,6E,6E,6D,6D,6A,6A,6A,6A,6A,6A,6A,6A,
69,66,64,66,6A,6F,71,71,74,77,7A,7B,7D,82,8A,90,
95,99,A0,A3,A4,A4,A4,A5,A5,A6,A7,A6,A5,A4,A4,A5,
A5,A5,A8,AA,AB,AD,AC,A8,9B,93,8C,85,7C,75,70,6C,
69,62,59,53,50,4F,50,52,52,51,50,51,52,52,53,54,
59,5C,5F,61,62,63,62,61,61,61,62,61,61,60,60,5F,
60,60,61,61,61,61,61,61,62,62,62,62,62,62,62,63,
65,63,61,60,5E,5B,5A,5B,5D,62,6B,88,B2,CA,CA,C6,
C2,C2,C4,C5,C4,C4,C1,BC,B5,AF,AA,A8,A7,A1,99,93,
9B,96,8C,7F,72,6A,6B,6F,74,76,79,7D,83,88,8A,89,
8A,89,86,82,7E,7A,78,77,78,79,7B,7D,7E,7E,7E,7E,
7C,7E,81,81,7F,7D,7C,7B,7B,7C,7B,79,7A,7C,7D,7C,
71,6F,6F,74,79,7B,7B,7A,75,72,6E,6B,6A,66,5F,58,
49,43,44,47,45,49,4E,4D,4C,47,40,38,32,31,35,3A,
3E,3C,36,30,2F,2B,28,28,2C,32,3E,4F,5F,67,63,5B,
4A,40,37,35,37,39,3B,3C,4A,5E,6D,6A,5B,4D,48,4C,
50,4E,49,41,33,2E,33,2D,28,24,2E,40,5D,6B,60,60,
73,81,8F,98,9B,97,91,8F,92,9C,AC,B9,C2,C5,C2,BF,
BD,BC,BA,B8,B6,B5,B5,B5,B7,B8,B9,B9,B9,B8,B8,B8,
B7,B6,B5,B4,B3,B4,B4,B5,B6,B5,B5,B5,B5,B6,B7,B8,
BA,BB,BC,BB,B9,BA,BD,C1,C2,C3,C1,C0,C1,C3,C0,BC,
B7,B2,A9,A3,9E,8F,78,6A,5D,5A,5A,5D,61,63,63,63,
62,62,64,68,6F,78,80,87,8D,93,9A,9F,A2,A4,A3,A2,
A4,A5,A6,A5,A5,A6,A9,AC,B1,B5,C3,C4,B4,B2,B7,B1,
A5,96,85,68,41,33,37,36,2E,2B,2C,2E,2E,30,32,32,
34,34,34,34,35,35,34,34,34,33,32,31,31,30,2E,2D,
2D,2F,33,36,36,33,33,34,37,3D,3B,3A,3C,49,67,7B,
81,88,8C,8E,8F,8D,8B,8D,90,94,99,9E,A1,A4,A6,A7,
A5,A5,A5,A4,A4,A4,A3,A3,A3,A3,A3,A3,A3,A4,A4,A4,
A2,A2,A2,A1,A1,A0,A0,A0,A0,A0,A0,9F,9F,9F,9F,9F,
9F,9F,9F,9F,9F,9F,9E,9E,9E,9E,9D,9D,9D,9C,9C,9C,
9A,9A,9A,9A,99,99,99,99,99,98,98,98,98,97,97,97,
71,70,6F,6E,6D,6C,6C,6B,69,6A,6A,6B,6B,6B,6B,6B,
69,66,63,65,6A,6E,70,71,73,75,78,7A,7C,81,89,8F,
94,99,9F,A3,A4,A4,A4,A4,A5,A6,A7,A7,A5,A4,A4,A5,
A6,A6,A9,AB,AB,AD,AD,A8,9C,94,8D,86,7C,75,71,6D,
69,62,59,53,51,50,51,53,52,51,51,52,53,52,53,55,
5A,5D,60,61,62,62,62,61,61,61,62,62,61,60,60,5F,
60,60,61,61,61,61,61,61,62,62,62,62,62,62,62,62,
64,63,63,62,5F,5C,5C,5D,61,65,6B,83,AB,C4,C9,CA,
C6,C5,C5,C5,C3,C2,C1,BB,B4,B0,AC,AD,AD,A7,9E,98,
97,91,87,7A,6E,68,6C,72,77,79,7B,7F,84,88,8A,88,
87,86,83,7F,7A,78,76,76,77,79,7C,7D,7E,7D,7C,7C,
79,7A,7C,7D,7E,7D,7C,7C,7C,7C,7B,7B,7D,7F,80,7F,
71,6C,67,66,67,68,6A,6C,6C,6B,67,62,5D,57,50,4A,
43,42,49,4C,48,49,4B,45,3D,38,33,32,33,37,3D,42,
43,41,3A,33,2F,2A,25,25,2B,33,42,55,62,63,56,48,
43,3D,37,35,38,3E,43,46,4A,52,5D,61,5E,58,53,4D,
4B,47,3F,3B,34,38,45,41,32,2D,39,4D,68,74,67,6B,
81,8A,8E,8D,8D,8D,8E,94,9E,A9,B7,C1,C4,C4,C1,BE,
BC,BA,B9,B7,B5,B4,B4,B4,B6,B7,B9,B9,B9,B8,B7,B7,
B7,B6,B5,B4,B4,B3,B4,B4,B5,B4,B4,B4,B4,B6,B7,B8,
B8,B9,BA,BA,BA,BB,BD,BF,C0,C1,C1,C0,C2,C2,BC,B5,
A9,96,7C,69,60,59,53,54,5C,5B,59,59,5C,60,64,64,
69,69,6A,6D,71,77,7E,85,8B,92,9A,9E,A1,A2,A1,A0,
A4,A8,AC,AD,AA,A8,A9,AB,B5,B5,BB,BD,B5,B1,A9,9B,
8B,76,62,4E,38,31,35,35,32,2F,2F,30,2D,2D,2F,30,
34,35,35,35,35,34,34,34,33,32,31,30,30,30,2F,2F,
30,30,32,35,36,35,34,34,37,3B,38,3B,43,53,6F,7F,
83,88,8B,8D,8E,8C,8C,8F,94,98,9E,A2,A4,A5,A6,A7,
A5,A5,A4,A4,A4,A3,A3,A3,A3,A3,A3,A3,A3,A3,A3,A3,
A3,A2,A2,A2,A1,A1,A1,A0,A0,A0,9F,9F,9F,9F,9F,9F,
9F,9F,9F,9F,9F,9F,9E,9E,9E,9E,9D,9D,9D,9C,9C,9C,
9A,9A,9A,9A,99,99,99,99,99,98,98,98,98,98,97,97,
72,71,6F,6D,6C,6B,6A,6A,69,6A,6C,6D,6D,6D,6D,6C,
69,66,63,64,69,6E,70,70,72,75,77,79,7B,80,88,8E,
94,99,9F,A3,A4,A3,A3,A4,A5,A7,A7,A7,A5,A4,A4,A5,
A6,A6,A9,AB,AC,AE,AD,A9,9D,95,8E,87,7E,77,72,6E,
69,62,5A,54,51,50,51,53,51,51,51,53,53,53,54,55,
5A,5D,60,61,62,62,62,61,61,61,62,62,61,61,60,5F,
60,60,61,61,61,61,61,61,62,62,62,62,62,62,62,62,
63,64,64,64,61,5E,5D,5E,61,66,69,7C,A0,BA,C4,CC,
CB,C8,C6,C3,C0,C0,BE,B9,B2,AE,AD,AF,B0,AC,A3,9C,
93,8D,83,77,6C,67,6C,73,78,79,7B,7E,83,88,88,86,
84,83,80,7C,78,76,76,76,77,79,7C,7D,7D,7C,7B,7B,
78,78,79,7A,7C,7D,7C,7C,7D,7D,7E,7E,80,83,83,81,
74,6D,64,5E,5B,5B,5E,63,61,61,5F,5A,53,4D,47,42,
40,43,4D,50,47,47,47,3E,36,32,2F,31,36,3A,40,44,
43,42,3B,33,2E,29,24,23,2B,34,45,57,63,5E,4C,3B,
3D,3B,37,34,37,41,4B,51,49,4A,54,5D,5E,5E,58,4C,
48,42,39,38,36,41,54,50,3D,37,45,59,73,7B,6D,73,
89,8E,89,81,82,86,8F,9B,AA,B5,C0,C5,C3,C0,BD,BB,
B9,B8,B7,B6,B5,B5,B5,B5,B6,B7,B9,BA,B9,B8,B7,B7,
B7,B7,B6,B5,B5,B4,B4,B4,B4,B4,B4,B3,B4,B5,B6,B7,
B7,B8,BA,BB,BB,BC,BE,BF,BE,BF,BE,BE,BF,BE,B6,AD,
9D,82,5E,45,3C,3C,43,4E,57,59,5A,5A,5E,66,6C,6D,
6F,6E,6F,71,73,76,7C,81,8A,91,99,9E,A0,A1,A0,9E,
9F,A7,AF,B2,B0,AD,AD,AE,B7,BA,BB,BA,B7,AB,97,88,
70,59,45,3B,33,32,35,34,32,30,31,31,2D,2D,30,32,
35,35,35,35,35,34,34,33,33,32,30,2F,2F,30,30,30,
31,30,31,34,36,36,35,35,38,39,36,3B,48,5B,75,82,
83,88,8A,8C,8D,8C,8C,90,97,9B,A1,A4,A5,A6,A6,A7,
A5,A5,A4,A4,A3,A3,A3,A3,A3,A3,A3,A3,A3,A3,A3,A3,
A3,A3,A3,A2,A2,A1,A1,A1,A0,9F,9F,9F,9F,9F,9F,9F,
9F,9F,9F,9F,9F,9F,9E,9E,9E,9E,9D,9D,9D,9C,9C,9C,
9A,9A,9A,9A,99,99,99,99,99,99,98,98,98,98,97,97,
70,70,6E,6C,6A,69,6A,6B,6C,6D,6E,6E,6D,6B,6A,6A,
65,64,62,63,67,6B,6E,70,73,73,75,77,7A,7E,86,8E,
94,98,9E,A2,A4,A4,A3,A3,A5,A6,A7,A6,A5,A4,A4,A5,
A6,A7,AA,AB,AB,AE,AE,A9,9D,95,8D,86,7E,77,73,6E,
69,62,59,54,51,50,51,53,52,51,51,53,53,53,54,56,
5B,5D,60,60,61,62,62,62,61,62,62,62,61,61,60,5F,
60,60,60,60,61,61,61,61,63,62,62,62,62,62,62,62,
62,63,65,66,65,63,62,62,63,61,65,73,8B,A6,BE,CC,
CE,CD,CB,C6,C1,BC,B8,B6,AF,AC,AC,AD,AE,AF,A9,9F,
91,88,7F,75,69,66,6D,73,7A,7A,7B,7C,7F,83,82,7F,
7F,7E,7B,79,77,77,77,77,79,7A,7B,7C,7D,7C,7B,7B,
7B,79,78,78,79,7B,7C,7D,80,81,82,84,85,83,81,7E,
73,6D,65,5E,5C,5C,5D,5D,5B,58,53,50,4F,4F,4E,4E,
45,49,4E,4F,4A,48,46,41,37,31,32,36,38,3F,46,44,
42,3C,37,35,30,2A,28,2A,2D,37,44,53,5E,58,45,35,
38,34,36,35,32,42,5A,64,52,49,45,4D,63,68,55,49,
44,42,3B,3E,41,4F,63,5A,47,42,5A,6C,77,80,77,75,
81,82,7F,7E,83,8E,9D,AB,BA,BF,C3,C2,BF,BD,BB,BA,
B8,B8,B7,B6,B6,B6,B6,B6,B8,B8,B9,B9,B9,B9,B8,B8,
B8,B8,B7,B6,B5,B5,B5,B5,B4,B3,B3,B4,B4,B4,B6,B8,
B4,B7,BA,BC,BC,BC,BD,BE,BE,BD,BF,C1,BF,B9,AB,9A,
85,69,4F,3E,3B,40,46,51,5C,5D,5B,5D,65,6E,75,7D,
76,78,76,74,75,77,7A,80,88,90,99,9F,A0,A1,A0,9E,
A0,A3,A5,AA,B2,B5,B5,B7,BC,C0,C3,C2,BA,A4,83,68,
54,44,33,2D,32,37,34,2F,2D,2E,2E,2F,2D,2D,31,35,
35,37,37,36,36,36,35,33,32,30,2F,2F,2F,2F,30,31,
34,32,30,30,33,35,35,34,38,35,33,3D,53,69,77,81,
84,86,89,8B,8B,8B,8E,92,99,9F,A4,A6,A6,A6,A5,A4,
A4,A4,A4,A3,A3,A3,A3,A3,A2,A2,A3,A3,A3,A3,A3,A2,
A2,A2,A2,A1,A1,A1,A1,A1,A0,A0,A0,A0,9F,9F,9F,9F,
9E,9E,9E,9E,9E,9E,9E,9E,9D,9D,9D,9C,9C,9C,9B,9B,
9B,9A,9A,9A,9A,9A,99,99,99,99,99,99,98,98,98,98,
6E,6D,6C,6B,69,69,6A,6B,6D,6E,6F,6E,6C,6A,68,68,
65,63,62,62,66,6A,6D,6F,71,72,74,76,79,7D,86,8D,
94,98,9E,A2,A3,A3,A3,A3,A5,A6,A7,A6,A5,A4,A4,A5,
A6,A7,AA,AB,AB,AE,AE,A9,9D,94,8D,86,7E,77,73,6E,
69,62,59,54,51,50,51,53,53,52,52,53,54,54,55,57,
5B,5E,60,61,61,62,63,62,61,62,62,62,61,61,60,5F,
60,60,60,60,61,61,61,61,63,63,62,62,62,62,63,63,
63,64,66,66,65,64,63,63,63,60,60,67,79,95,B5,CB,
D2,D2,D0,CA,C2,BB,B5,B1,AC,A9,A9,AC,AE,B1,AC,A2,
93,89,7E,73,68,66,6D,74,7B,7B,7B,7B,7D,7F,7E,7C,
7B,7A,79,77,77,77,78,78,7A,7A,7B,7C,7C,7C,7B,7B,
7B,7A,79,78,79,7A,7D,7E,80,80,81,83,83,81,7E,7B,
73,6B,60,58,54,54,56,57,51,4F,4C,4B,4C,4D,4D,4D,
47,4B,50,50,4A,46,43,3F,36,30,30,36,3C,45,4C,4A,
42,3A,33,32,30,2D,2B,2D,30,38,42,4D,56,50,3E,31,
33,32,37,37,35,42,56,5E,4F,46,42,4B,60,66,53,47,
42,43,46,4D,4F,58,62,5A,49,4B,66,78,7E,81,78,78,
7B,7F,82,86,90,9C,AA,B6,C0,C3,C5,C2,BF,BC,BB,B9,
B7,B7,B7,B7,B7,B7,B7,B7,B8,B8,B8,B8,B8,B8,B8,B8,
B8,B8,B7,B6,B5,B5,B5,B5,B4,B3,B3,B4,B4,B4,B5,B7,
B5,B8,BA,BB,BB,BB,BB,BC,BF,BE,BF,BF,BB,B1,A0,8D,
75,5C,46,3A,3C,44,4C,57,60,61,5F,60,66,6C,73,79,
78,7B,79,76,75,75,78,7D,87,90,99,9F,A0,A1,A1,A1,
9F,A3,A5,A8,AF,B4,B8,BD,BF,C2,BF,B3,9D,81,62,4B,
41,37,2D,2C,31,35,33,2E,2C,2D,2E,30,31,31,33,36,
35,37,37,36,36,36,35,33,31,30,2F,2F,2F,2F,30,32,
34,31,2F,30,32,34,34,34,36,36,34,41,5B,6F,79,80,
85,86,89,8B,8B,8B,8E,92,9A,9F,A5,A7,A7,A6,A6,A5,
A4,A4,A4,A4,A3,A3,A3,A3,A2,A2,A3,A3,A3,A3,A3,A3,
A2,A2,A2,A2,A1,A1,A1,A1,A0,A0,A0,A0,9F,9F,9F,9F,
9E,9E,9E,9E,9E,9E,9E,9E,9D,9D,9D,9C,9C,9B,9B,9B,
9B,9B,9A,9A,9A,9A,99,99,99,99,99,99,98,98,98,98,
6A,6A,6A,6A,6A,6A,6C,6D,6F,6F,6E,6D,6A,68,66,65,
65,63,61,61,65,69,6C,6D,70,70,72,74,77,7C,84,8C,
93,97,9D,A1,A3,A3,A3,A3,A4,A6,A6,A6,A5,A4,A4,A5,
A6,A7,AA,AB,AB,AD,AD,A8,9C,94,8D,86,7E,78,73,6E,
69,62,59,54,51,50,51,53,54,52,52,54,54,54,55,57,
5B,5E,60,61,62,63,63,62,61,62,62,62,62,61,60,5F,
60,60,60,60,60,61,61,61,63,63,62,62,63,63,64,64,
65,66,66,67,66,65,64,64,63,61,5E,5E,67,81,A7,C4,
D1,D4,D4,CF,C6,BD,B5,AF,AA,A8,A8,AB,AE,B1,AE,A5,
96,8A,7D,72,69,68,70,76,7D,7D,7B,7A,7A,7B,7A,79,
77,77,76,76,77,78,7A,7B,7B,7B,7B,7B,7B,7B,7B,7B,
7B,7A,79,79,7A,7C,7E,80,81,80,80,81,81,7F,7B,78,
74,6B,5D,50,49,47,49,4A,4B,49,48,47,47,48,49,49,
49,4C,50,4E,47,43,41,3E,34,2E,2E,37,43,4F,54,51,
3F,35,2D,2C,2E,2E,2F,31,37,3C,41,46,4B,46,38,2F,
32,34,3A,3A,35,3C,48,4D,47,43,43,4B,5D,60,4E,44,
3C,41,54,5E,5E,5F,5A,53,46,50,70,81,83,80,77,79,
79,81,8B,96,A4,B0,B9,C2,C4,C5,C4,C1,BE,BC,BA,B9,
B7,B7,B7,B7,B7,B8,B8,B9,B7,B7,B7,B7,B6,B7,B7,B7,
B8,B7,B6,B5,B5,B5,B5,B5,B5,B3,B3,B3,B4,B4,B5,B6,
B6,B8,B9,B9,B9,B9,BA,BB,BE,BE,BF,BE,B7,A9,94,7F,
6C,57,46,3F,42,49,50,5A,62,64,63,61,63,66,6B,71,
77,7B,7A,77,74,72,74,79,83,8C,96,9C,9E,A0,A2,A3,
A1,A6,A9,AC,B0,B2,B4,B8,BF,BE,B1,91,6B,4C,39,32,
31,2E,2C,2E,33,35,34,31,2B,2C,2E,32,34,35,36,37,
36,37,37,36,36,36,34,32,30,2F,2E,2E,2F,2F,30,32,
34,31,2F,2F,31,33,34,34,35,37,38,47,66,78,7B,7F,
86,88,8A,8C,8B,8B,8F,93,9B,A0,A5,A7,A7,A6,A6,A5,
A5,A4,A4,A4,A4,A4,A3,A3,A3,A3,A3,A3,A3,A3,A3,A3,
A2,A2,A2,A2,A1,A1,A1,A1,A0,A0,A0,A0,A0,9F,9F,9F,
9E,9E,9E,9E,9E,9E,9E,9E,9D,9D,9D,9C,9C,9B,9B,9B,
9B,9B,9A,9A,9A,9A,99,99,99,99,99,99,98,98,98,98,
68,69,69,6A,6B,6C,6D,6E,70,6F,6E,6B,69,66,64,63,
65,62,60,60,63,67,6A,6C,6E,6F,71,73,76,7B,84,8B,
92,96,9C,A1,A2,A2,A2,A2,A4,A5,A6,A6,A5,A4,A4,A5,
A6,A7,AA,AB,AB,AD,AD,A8,9C,94,8D,87,7F,78,74,6F,
69,62,59,54,51,50,52,53,53,52,52,53,54,54,55,56,
5B,5E,60,61,62,63,63,63,62,62,62,62,62,61,60,5F,
5F,60,60,60,60,61,61,61,62,62,62,62,63,63,64,64,
68,67,67,66,65,64,64,65,64,64,61,5D,60,73,98,B6,
C6,CE,D4,D3,CB,C2,B9,B2,AE,AB,AA,AB,AE,B1,AF,A6,
98,8B,7D,74,6C,6D,74,79,7F,7F,7D,7B,79,78,78,78,
76,75,76,76,78,7A,7B,7D,7C,7B,7B,7A,7A,7A,7B,7B,
7A,79,79,7A,7E,81,82,83,7F,7E,7D,7C,7C,7B,78,75,
74,6B,5D,51,49,46,45,45,48,47,46,45,46,47,4A,4B,
4F,4E,4E,48,3F,3A,3A,38,30,2D,2F,3B,4C,58,59,53,
3D,32,29,28,2B,2E,32,36,3D,40,40,40,41,3C,33,2E,
31,35,3D,3D,36,36,3B,3C,3C,40,47,50,5B,59,47,40,
37,41,61,6D,6B,64,51,4A,43,53,73,84,85,80,79,7C,
81,8D,9B,A9,B7,BF,C2,C4,C1,C1,C1,C0,BF,BD,BB,B9,
B7,B7,B7,B7,B7,B7,B8,B8,B6,B6,B5,B5,B5,B5,B5,B6,
B8,B7,B6,B5,B5,B4,B5,B5,B5,B3,B3,B3,B3,B3,B4,B6,
B7,B7,B8,B8,B8,B8,B9,BB,BD,BD,BF,BE,B6,A6,8F,78,
6A,59,4E,49,4C,50,51,59,61,63,61,5D,5C,5D,61,67,
75,7A,7B,78,75,72,73,78,80,89,94,99,9C,9F,A4,A7,
AB,AD,AD,AF,B5,B6,B4,B2,B4,A8,8F,6D,4D,37,2D,2B,
2B,2D,2F,32,34,34,34,33,2B,2B,2E,32,36,36,34,34,
36,37,38,37,36,36,34,32,2F,2E,2D,2E,2E,2F,30,32,
34,32,30,30,31,34,35,36,35,3B,3F,51,6E,7D,7D,80,
87,88,8B,8C,8C,8C,90,94,9C,A1,A6,A7,A6,A6,A5,A5,
A5,A5,A4,A4,A4,A4,A3,A3,A3,A3,A3,A3,A3,A4,A4,A4,
A2,A2,A2,A2,A2,A1,A1,A1,A1,A0,A0,A0,A0,9F,9F,9F,
9E,9E,9E,9E,9E,9E,9E,9E,9D,9D,9D,9C,9C,9B,9B,9B,
9B,9B,9B,9A,9A,9A,9A,99,99,99,99,99,98,98,98,98,
69,69,6A,6C,6D,6E,6F,6F,70,6E,6C,6A,67,65,63,62,
65,62,60,60,62,66,69,6B,6D,6E,70,72,75,7B,84,8C,
92,96,9C,A0,A2,A2,A2,A2,A4,A6,A7,A6,A5,A4,A5,A6,
A6,A7,AA,AB,AB,AE,AE,A9,9C,94,8D,87,7F,79,74,70,
69,62,5A,54,51,50,52,53,53,51,51,52,53,53,54,55,
5B,5E,61,62,63,64,64,63,62,62,62,62,62,61,60,60,
5F,5F,60,60,60,60,61,61,62,62,62,62,63,63,64,64,
6A,69,67,65,64,64,64,64,67,66,65,60,5E,6A,87,A0,
B7,C5,D2,D6,D1,C9,BE,B6,B3,B0,AE,AE,AF,B2,AF,A7,
96,8A,7F,79,75,75,7A,7C,80,80,7F,7E,7B,79,79,7A,
76,76,76,77,78,7A,7C,7D,7C,7C,7B,7A,79,7A,7B,7B,
79,78,78,7B,82,86,86,84,7D,7B,79,78,78,77,74,72,
70,6B,62,5B,55,51,4F,4D,46,46,46,47,4B,4F,53,55,
57,51,4A,40,34,2E,2F,2E,2E,2F,34,43,56,5F,59,50,
3B,31,28,28,2B,2E,34,3A,41,43,40,3A,37,33,2F,2E,
2F,35,3C,3C,38,36,38,37,36,3C,46,50,5B,56,41,37,
36,43,68,77,75,6C,52,4C,4A,59,71,81,86,83,80,84,
90,9E,AC,B9,C3,C6,C2,C1,BD,BE,BF,C0,C0,BE,BB,B9,
B7,B7,B6,B6,B6,B6,B6,B6,B5,B5,B4,B3,B3,B4,B4,B4,
B6,B6,B5,B4,B4,B4,B4,B5,B5,B4,B3,B3,B3,B3,B4,B5,
B7,B7,B7,B8,B8,B9,BB,BC,BC,BC,BF,BE,B7,A8,91,7B,
67,5A,55,53,55,56,53,58,5D,5F,5D,59,58,58,5C,62,
74,7A,7D,7C,79,75,74,78,7F,88,92,98,9B,A0,A7,AB,
B5,B3,AF,B2,BB,BD,B4,AC,9E,84,64,52,4D,46,39,2C,
2B,2D,30,31,31,31,32,33,2E,2D,2E,32,35,34,32,30,
36,38,38,37,36,36,34,32,2F,2D,2D,2D,2E,2E,30,32,
34,33,32,31,33,35,37,38,37,41,4B,5C,73,7E,7E,81,
86,88,8A,8C,8C,8D,91,96,9E,A2,A6,A7,A6,A5,A4,A4,
A4,A4,A4,A4,A4,A3,A3,A3,A3,A3,A3,A3,A3,A3,A3,A3,
A3,A2,A2,A2,A2,A1,A1,A1,A1,A1,A0,A0,A0,A0,9F,9F,
9F,9F,9F,9F,9F,9E,9E,9E,9D,9D,9D,9D,9C,9C,9B,9B,
9B,9B,9B,9A,9A,9A,9A,9A,99,99,99,99,98,98,98,98,
6C,6C,6D,6E,6F,70,70,6F,6E,6C,6A,68,67,65,64,64,
65,63,60,5F,62,65,68,6A,6C,6D,6F,72,75,7B,84,8C,
91,96,9C,A0,A2,A2,A2,A2,A5,A6,A7,A7,A5,A5,A5,A6,
A7,A8,AB,AC,AC,AF,AE,A9,9D,95,8E,89,81,7A,75,71,
6A,63,5A,54,51,50,51,53,52,51,50,51,52,52,52,54,
5A,5E,61,62,63,64,64,63,62,62,62,62,62,61,60,60,
5F,5F,60,60,60,60,61,61,62,62,62,62,62,63,64,64,
6A,69,68,67,66,65,65,64,68,67,66,61,5C,61,75,88,
A4,B7,CD,D7,D5,CE,C3,BA,B8,B5,B3,B2,B1,B2,AD,A4,
90,86,80,7F,7F,7F,7F,7D,7F,80,81,81,7D,7A,79,7B,
78,78,78,78,79,7A,7B,7C,7C,7B,7A,7A,79,7A,7B,7B,
79,77,77,7C,82,86,86,84,80,7D,7A,79,78,76,73,6F,
6C,69,66,62,5E,5A,55,52,49,48,49,4C,50,55,58,59,
53,4A,41,37,2C,29,2A,2B,2F,35,3C,4B,5D,61,55,48,
36,2D,27,29,2D,30,35,3B,46,47,42,3A,33,2F,2E,30,
30,36,3A,39,37,36,36,36,36,38,3F,4A,59,56,3E,31,
35,43,64,72,75,6F,59,55,56,5E,69,74,7F,82,85,8A,
A0,AC,B7,BF,C6,C5,C0,BD,BD,BD,BF,C1,C0,BD,B9,B7,
B7,B7,B6,B5,B4,B4,B4,B4,B5,B4,B4,B4,B3,B3,B3,B3,
B5,B5,B4,B4,B4,B4,B4,B5,B5,B4,B3,B3,B4,B3,B4,B6,
B7,B8,B8,B9,BA,BB,BD,BE,BD,BD,BF,BF,B9,AE,9A,86,
71,65,5F,5D,5C,59,54,57,5C,5F,5D,5B,5B,5B,5E,64,
70,77,7C,7C,7A,75,73,76,7D,85,8E,94,99,A0,A7,AC,
B4,B4,B4,B9,C1,BA,A2,8E,7D,61,44,3C,43,45,3A,2D,
2C,2E,30,30,30,31,32,34,32,30,2F,32,34,33,31,2F,
37,38,39,38,36,36,34,31,2E,2D,2C,2D,2E,2E,30,32,
33,33,33,33,34,36,38,3A,3A,47,58,69,76,7D,80,83,
85,86,89,8B,8C,8E,93,98,9F,A4,A7,A7,A5,A4,A3,A3,
A4,A4,A4,A3,A3,A3,A3,A2,A2,A2,A2,A2,A2,A2,A3,A3,
A3,A3,A2,A2,A2,A1,A1,A1,A1,A1,A0,A0,A0,A0,9F,9F,
A0,A0,A0,9F,9F,9F,9F,9F,9E,9E,9D,9D,9D,9C,9C,9C,
9B,9B,9B,9B,9A,9A,9A,9A,99,99,99,99,98,98,98,98,
6F,6F,6F,70,71,71,6F,6E,6C,6A,68,67,66,66,66,66,
66,63,60,5F,62,65,68,69,6C,6C,6E,71,74,7A,84,8C,
91,95,9B,A0,A2,A2,A2,A2,A5,A6,A7,A7,A6,A5,A6,A7,
A8,A9,AC,AD,AD,AF,AF,AA,9E,96,90,8A,82,7B,76,71,
6A,63,5A,54,51,50,51,53,51,50,50,51,51,51,52,53,
5A,5D,60,62,63,64,63,62,62,62,62,62,62,61,60,60,
5F,5F,5F,60,60,60,60,61,62,62,62,62,63,63,64,64,
68,69,69,6A,6A,69,66,64,67,67,67,64,5D,5B,66,73,
8C,A5,C2,D3,D7,D2,C8,BF,BD,BB,B9,B7,B4,B0,A8,9D,
88,81,80,85,88,87,83,7D,7D,7F,82,83,7F,7A,79,7B,
7B,7A,7A,7A,7A,7B,7B,7C,7C,7B,7A,7A,7A,7A,7B,7B,
7A,79,78,7B,7F,82,84,83,83,80,7E,7C,7B,76,70,6B,
66,65,63,61,5E,5A,54,50,4C,4B,4C,4F,54,56,55,53,
47,3E,37,31,2B,2A,2C,2C,31,3A,43,51,61,5F,4D,3F,
31,29,26,2C,33,36,38,3A,46,49,44,3B,33,2F,31,35,
38,3B,3A,38,38,37,37,38,39,38,3B,43,52,52,3F,36,
38,45,5C,68,6F,70,63,62,62,63,60,67,76,81,8B,94,
AC,B5,BC,BF,C1,C1,BE,BC,BD,BD,BF,C1,BF,BA,B7,B6,
B7,B6,B6,B5,B4,B3,B3,B3,B5,B5,B5,B5,B4,B4,B3,B3,
B3,B3,B3,B3,B3,B4,B4,B5,B5,B4,B3,B4,B4,B4,B5,B6,
B9,B9,B9,BA,BC,BE,BF,C0,BE,BD,BF,C0,BD,B6,A6,95,
85,76,6C,65,5F,5A,54,58,61,64,64,62,62,61,62,66,
6A,72,77,7A,7A,76,73,75,7C,82,8A,91,97,9E,A6,AB,
AC,B0,B3,B8,B8,A4,7F,62,57,46,35,30,32,31,2E,2B,
2D,2E,2F,31,33,34,34,34,36,33,32,33,34,34,33,33,
37,38,39,38,37,36,33,31,2F,2D,2D,2D,2E,2E,30,32,
32,33,34,35,36,37,39,3B,3D,4A,62,74,79,7E,83,83,
83,84,87,8A,8B,8E,94,9A,A1,A5,A8,A7,A5,A4,A3,A2,
A3,A3,A3,A3,A2,A2,A2,A2,A2,A2,A1,A1,A1,A2,A2,A2,
A3,A3,A3,A2,A2,A1,A1,A1,A1,A1,A1,A0,A0,A0,A0,9F,
A1,A0,A0,A0,A0,9F,9F,9F,9E,9E,9E,9D,9D,9D,9C,9C,
9B,9B,9B,9B,9A,9A,9A,9A,99,99,99,99,98,98,98,98,
71,71,71,72,72,71,6F,6D,6A,68,66,66,66,67,68,68,
67,64,60,60,62,65,68,69,6B,6C,6E,71,74,7A,84,8C,
91,95,9B,A0,A2,A2,A2,A2,A5,A6,A8,A7,A6,A6,A6,A7,
A8,A9,AD,AE,AD,B0,B0,AB,9F,97,90,8B,82,7C,76,72,
6B,64,5B,55,51,50,51,52,51,50,50,51,51,51,51,53,
5A,5D,60,62,63,64,63,62,62,62,62,62,62,61,60,60,
5F,5F,5F,60,60,60,60,60,63,63,63,63,63,64,64,64,
66,68,6B,6D,6E,6C,68,64,65,67,6A,68,60,59,5D,67,
79,96,B9,CF,D6,D5,CC,C3,C0,BF,BE,BB,B5,AE,A3,95,
82,7D,80,89,8D,8B,84,7C,7B,7E,82,84,7F,7A,78,7A,
7D,7C,7C,7C,7C,7C,7D,7D,7B,7B,7A,7A,7A,7A,7B,7B,
7B,7A,7A,7A,7B,7E,81,83,83,81,7F,7D,7A,74,6B,64,
5F,5E,5E,5D,5C,59,55,51,4C,4B,4D,51,56,56,53,4F,
3F,37,32,2F,2C,2B,2C,2C,32,3D,47,53,61,5C,47,38,
2F,29,28,32,3C,3E,3D,3C,42,46,43,3A,33,30,33,39,
3F,40,3D,39,3B,3C,3C,3E,3A,3A,3C,40,4A,4C,41,3F,
40,4B,5B,64,6E,73,6E,6E,6C,69,5F,63,75,85,94,A0,
B2,BA,BD,BC,BD,BD,BC,BD,BC,BC,BE,BF,BD,B9,B6,B6,
B7,B6,B5,B4,B4,B3,B3,B3,B5,B5,B6,B6,B5,B5,B4,B3,
B3,B2,B2,B2,B3,B4,B4,B5,B5,B4,B3,B4,B4,B4,B5,B7,
BA,BA,BA,BC,BD,BF,C0,C0,BE,BD,BF,C1,C1,BD,B0,A1,
93,81,74,68,60,5A,55,5A,67,6B,6B,69,69,66,64,66,
67,6E,75,79,7B,79,76,77,7C,82,8A,90,97,9F,A7,AB,
A6,AA,AC,AB,A5,8C,66,49,3C,35,2F,2F,2F,2B,27,26,
2D,2D,2F,32,35,36,35,33,39,36,33,34,35,35,36,37,
37,38,39,38,37,36,33,31,2F,2D,2D,2E,2E,2E,30,32,
31,33,35,36,36,38,3A,3C,3F,4C,68,7B,7C,7F,85,82,
81,83,86,89,8B,8F,95,9B,A3,A6,A9,A8,A5,A4,A3,A2,
A3,A2,A2,A2,A2,A2,A1,A1,A1,A1,A1,A1,A1,A1,A2,A2,
A3,A3,A3,A2,A2,A1,A1,A1,A1,A1,A1,A0,A0,A0,A0,A0,
A1,A1,A1,A0,A0,A0,9F,9F,9F,9E,9E,9E,9D,9D,9D,9C,
9B,9B,9B,9B,9A,9A,9A,9A,99,99,99,99,98,98,98,98,
73,73,72,71,70,6E,6C,6B,69,69,68,67,67,66,66,66,
65,65,65,65,64,64,65,66,68,69,6B,6E,73,7A,84,8D,
92,96,9C,A1,A3,A3,A4,A4,A6,A6,A7,A6,A6,A6,A7,A8,
A9,AB,AB,AD,AE,AF,B2,AB,9E,97,91,8C,84,7D,76,6F,
6A,63,5A,54,51,50,51,53,51,51,50,50,52,51,51,54,
59,5C,5F,61,62,63,63,62,61,61,62,62,61,61,60,60,
5F,60,60,60,60,60,61,62,62,63,65,65,66,66,67,67,
68,6A,6B,6D,6D,6C,6A,69,69,69,69,67,62,5C,5A,5B,
66,81,AD,C8,D3,D6,CE,C7,C5,C0,C2,C1,BD,B0,97,87,
7D,80,85,8A,8B,86,80,7D,7C,7F,81,80,7D,79,78,79,
7F,82,83,82,81,80,7D,7A,7B,7A,7A,7C,7C,79,78,78,
7A,7B,7B,79,77,75,77,79,83,83,7E,79,75,6A,5E,58,
56,57,58,58,58,56,53,50,4C,4C,4F,53,55,52,4D,48,
41,39,32,2E,2D,2C,2D,2F,32,3E,4C,55,58,53,47,3C,
32,2E,2D,3A,4B,4C,3F,34,37,39,40,3F,35,34,3B,3D,
45,46,47,46,47,48,48,47,3C,3D,46,4C,48,42,40,3F,
4B,57,65,6D,72,74,74,71,6C,6A,6C,76,83,90,9E,A8,
B2,B4,B8,BB,BB,BB,BA,BA,BB,BC,BD,BC,BB,B8,B5,B2,
B4,B4,B4,B4,B4,B4,B3,B3,B3,B3,B3,B3,B3,B3,B2,B2,
B0,B1,B2,B4,B5,B5,B4,B3,B3,B4,B5,B5,B6,B6,B7,B8,
B8,BA,BB,BC,BC,BC,BD,BE,BF,C0,C2,C2,BE,B8,B1,A8,
96,88,78,6B,61,5D,5C,59,64,6B,70,73,71,68,5C,57,
5B,60,73,7D,82,83,7D,80,81,87,8F,92,96,A1,AC,AF,
A8,A0,94,8A,82,6E,53,40,35,32,2E,2D,2D,2D,2C,2A,
2C,2D,2F,32,35,36,36,35,35,35,35,36,36,36,36,36,
38,37,36,34,33,32,32,31,31,30,2F,2F,2F,2F,30,31,
34,2E,2F,30,36,3C,3A,3C,40,52,6A,7A,80,81,80,80,
84,83,82,83,87,8F,98,9E,A4,A6,A7,A6,A4,A3,A3,A4,
A3,A3,A3,A3,A2,A2,A2,A2,A2,A2,A1,A1,A1,A1,A2,A2,
A2,A3,A3,A3,A3,A3,A2,A1,A1,A1,A1,A0,A0,A0,9F,9F,
9F,9F,9F,9F,9F,9F,9F,9F,9F,9F,9F,9E,9D,9D,9C,9C,
9B,9B,9A,9A,99,99,99,99,9A,9A,9A,9A,99,99,98,98,
72,72,71,70,6F,6D,6B,6A,68,68,68,68,67,66,66,65,
65,65,65,64,63,63,64,65,67,67,69,6D,72,7A,84,8D,
93,97,9D,A1,A3,A4,A4,A4,A6,A6,A7,A6,A6,A6,A7,A8,
A8,AA,AA,AD,AD,AF,B1,AB,9E,97,91,8D,85,7D,76,6F,
69,62,59,54,50,4F,50,52,51,51,50,50,52,51,51,54,
59,5D,60,61,62,63,63,62,61,62,62,62,62,61,60,60,
60,60,61,60,60,60,61,62,63,64,65,66,66,67,67,68,
69,6B,6C,6E,6E,6D,6B,6A,6A,6A,6A,69,64,5E,5B,5A,
5B,75,A3,C1,CD,D4,D0,CB,C4,C0,C3,C2,BE,B0,96,86,
80,81,84,87,87,82,7D,7A,7A,7C,7D,7C,7A,78,78,79,
7F,82,84,83,82,7F,7B,78,76,76,77,79,7A,7A,7A,7B,
7B,7D,7E,7B,77,75,77,79,84,83,7D,75,6D,60,54,4F,
4F,50,52,54,54,53,50,4E,4C,4D,50,54,55,52,4C,47,
3F,38,31,2F,2F,2D,2C,2E,32,3E,4B,53,54,4F,45,3B,
35,30,30,3D,4D,4E,40,35,33,35,3B,3B,33,33,39,3C,
40,44,49,4A,49,49,47,45,3D,40,4A,4F,49,41,3F,3E,
4C,57,63,6A,6F,73,74,73,6D,6E,74,80,8E,9A,A6,AE,
B1,B4,B7,B9,BA,B9,B9,B9,BA,BB,BB,BB,B9,B6,B3,B2,
B3,B3,B4,B4,B4,B4,B3,B3,B3,B3,B3,B2,B2,B2,B2,B2,
AF,AF,B1,B2,B3,B4,B4,B4,B4,B5,B6,B6,B7,B7,B8,B9,
B9,BB,BD,BE,BE,BE,BF,BF,C1,C1,C4,C4,C0,BB,B5,AC,
9F,91,80,70,62,5C,5B,5A,5E,60,62,69,6F,6B,5D,54,
56,5B,6D,79,81,86,82,85,84,87,8D,90,93,9E,A8,AA,
A8,9A,84,72,67,57,43,36,2F,2E,2E,2F,30,30,2E,2C,
2C,2D,2F,32,35,36,36,36,35,35,36,36,36,37,37,36,
38,37,35,34,32,31,31,31,31,30,2F,2F,2E,2F,30,30,
32,2E,30,31,36,3B,3A,3D,46,57,6C,7C,82,83,82,81,
84,83,83,85,89,91,99,9F,A5,A6,A6,A5,A3,A2,A3,A4,
A3,A3,A3,A3,A2,A2,A2,A2,A2,A2,A2,A1,A1,A2,A2,A2,
A2,A3,A3,A3,A3,A3,A2,A2,A1,A1,A1,A0,A0,A0,9F,9F,
9F,9F,9F,9F,9F,9F,9F,9F,9F,9F,9F,9E,9D,9D,9D,9C,
9C,9B,9B,9A,9A,99,99,9A,9A,9A,9A,9A,99,99,98,98,
70,70,70,6F,6D,6B,69,68,67,67,68,68,67,66,65,64,
64,64,64,63,62,62,63,63,66,66,67,6B,70,79,84,8D,
93,97,9D,A2,A3,A4,A4,A5,A6,A6,A6,A6,A5,A6,A7,A8,
A7,AA,AA,AC,AD,AE,B1,AA,9E,97,92,8E,86,7E,77,70,
69,62,59,53,50,4F,50,52,51,51,50,50,52,51,51,55,
5A,5D,60,61,62,63,63,62,62,62,62,62,62,61,61,60,
60,61,61,61,60,61,62,63,64,65,66,67,67,67,68,69,
6B,6C,6E,6F,6F,6E,6D,6C,6C,6B,6B,6A,66,60,5C,59,
57,6E,9C,BB,C6,D0,D2,CD,C2,C0,C4,C4,C0,B2,98,88,
85,83,82,83,81,7D,79,77,77,78,78,77,75,75,77,79,
7D,80,82,83,81,7E,79,75,72,72,73,76,79,7A,7C,7D,
81,83,83,7F,7B,7A,7C,80,84,82,7C,71,63,55,4B,47,
4A,4B,4D,50,51,4F,4D,4B,4B,4D,51,55,56,53,4C,46,
3E,37,32,31,31,2F,2D,2D,33,3D,48,4E,4E,4A,42,3B,
33,30,30,3C,4C,4D,40,36,32,34,38,37,31,30,34,35,
38,3F,47,49,47,43,3F,3C,3A,3F,4A,4F,48,42,43,45,
4B,53,5C,62,66,6D,72,74,71,73,7B,89,97,A2,AC,B3,
B2,B3,B5,B7,B8,B8,B9,B9,B9,B9,B9,B8,B6,B4,B1,B0,
B2,B2,B3,B3,B3,B3,B3,B3,B3,B3,B2,B2,B1,B1,B0,B0,
AD,AD,AE,B0,B1,B2,B4,B5,B4,B5,B6,B6,B6,B6,B7,B7,
BA,BC,BE,C1,C2,C2,C2,C2,C4,C3,C5,C5,C2,BF,BA,B3,
AB,9C,8A,77,66,5D,5A,59,52,4F,4D,57,66,68,5C,51,
52,55,63,6F,7B,85,86,8A,86,85,88,8C,8F,97,9F,A2,
A4,93,78,62,53,43,32,28,28,2B,2F,32,32,31,2E,2D,
2C,2E,30,33,35,37,37,36,36,36,37,37,37,37,37,37,
38,37,35,33,31,30,30,30,30,30,2F,2E,2E,2F,30,30,
31,2F,33,34,36,3A,3B,41,4F,5E,72,7F,84,85,83,82,
82,83,84,87,8D,94,9C,A1,A6,A6,A6,A4,A2,A2,A2,A3,
A3,A3,A3,A3,A3,A2,A2,A2,A2,A2,A2,A2,A2,A2,A2,A2,
A2,A3,A3,A3,A3,A3,A2,A2,A1,A1,A0,A0,A0,9F,9F,9F,
9F,9F,9F,9F,9F,9F,9F,9F,9F,9F,9F,9E,9E,9D,9D,9D,
9C,9C,9B,9A,9A,9A,9A,9A,9A,9A,9A,9A,99,99,98,98,
6F,6F,6E,6E,6C,6A,68,67,66,67,68,68,68,67,65,64,
64,64,63,62,61,61,61,62,65,64,65,69,6F,78,84,8D,
94,98,9E,A2,A4,A4,A5,A5,A6,A6,A6,A5,A5,A5,A6,A7,
A7,A9,A9,AC,AC,AE,B1,AA,9D,97,92,8F,87,7F,78,71,
69,62,59,53,4F,4E,4F,51,51,51,50,50,52,51,51,55,
5A,5D,60,62,63,64,64,63,62,62,63,63,62,62,61,61,
61,61,61,61,61,61,62,63,64,66,67,68,68,68,69,6A,
6C,6D,6E,6F,70,6F,6E,6D,6D,6D,6C,6B,68,62,5C,58,
57,6A,96,B5,C1,CE,D2,CE,C2,C1,C5,C6,C3,B6,9D,8F,
8B,87,82,7F,7C,78,76,75,75,75,74,73,72,74,76,79,
7A,7C,7F,81,7F,7C,77,74,70,71,73,76,79,7C,7E,7F,
83,82,80,7D,7C,7D,81,85,82,80,7A,6E,5C,4F,48,45,
47,47,48,49,4A,49,48,48,49,4D,53,57,58,55,4D,46,
3E,38,33,32,32,30,2D,2D,33,3C,45,49,48,46,42,40,
39,35,33,3A,46,46,3B,32,31,33,35,34,30,2E,30,31,
33,3B,42,43,3F,3A,36,33,35,3B,44,47,42,40,46,4C,
4E,52,56,58,5C,65,6F,75,76,79,82,8E,9B,A5,AE,B4,
B3,B4,B5,B6,B7,B8,B9,BA,B8,B8,B7,B5,B3,B1,AF,AE,
B0,B1,B1,B2,B3,B3,B3,B3,B3,B2,B2,B1,B0,B0,AF,AF,
AC,AC,AD,AD,AF,B1,B3,B5,B6,B6,B7,B7,B6,B6,B7,B7,
BB,BD,C0,C3,C4,C5,C4,C4,C5,C5,C6,C6,C4,C3,BF,B9,
B4,A3,90,7E,6D,62,5B,56,49,44,3F,48,59,60,5C,56,
54,55,5A,64,71,7F,88,8D,88,85,87,8B,8F,94,98,99,
9B,89,6E,58,49,39,29,21,26,2A,2F,32,32,30,2D,2C,
2D,2E,30,33,36,37,38,37,37,37,38,38,38,38,38,37,
38,37,34,32,31,2F,2F,2F,2F,2F,2E,2E,2E,2F,30,30,
30,31,38,38,38,39,3C,45,57,67,78,81,84,84,84,83,
80,81,85,8A,91,99,9F,A3,A6,A6,A5,A3,A1,A1,A2,A3,
A3,A3,A3,A3,A3,A2,A2,A2,A2,A2,A2,A2,A2,A2,A2,A2,
A2,A2,A3,A3,A3,A2,A2,A2,A1,A1,A0,A0,A0,9F,9F,9F,
9F,9F,9F,9F,9F,9F,9F,9F,9F,9F,9F,9E,9E,9D,9D,9D,
9D,9C,9C,9B,9B,9A,9A,9A,9A,9A,9A,9A,99,99,98,97,
6D,6D,6D,6C,6B,69,67,66,66,67,68,68,68,67,65,64,
64,64,63,62,60,60,61,62,64,63,63,67,6E,78,85,8E,
94,98,9E,A2,A4,A5,A5,A5,A6,A6,A6,A5,A4,A5,A6,A7,
A7,A9,A9,AC,AC,AE,B0,A9,9D,96,92,8F,87,80,78,71,
69,62,59,53,4F,4E,4F,51,51,51,50,50,52,52,52,55,
5A,5D,61,62,63,64,64,63,62,62,63,63,63,62,61,61,
61,62,62,61,61,61,63,64,65,66,67,68,68,69,69,6A,
6C,6D,6E,6F,70,6F,6E,6D,6E,6E,6D,6B,68,63,5C,57,
53,64,8D,AC,BE,CD,D2,D0,C5,C3,C7,C8,C6,BB,A5,97,
91,8A,82,7D,79,76,74,74,73,72,71,71,71,74,76,78,
79,7B,7D,7E,7D,7A,76,73,71,73,75,78,7C,7F,81,82,
7F,7A,75,72,75,7A,7F,82,7F,7B,77,6B,5A,4E,4A,46,
43,41,40,41,42,42,43,44,47,4D,54,59,5B,58,51,49,
3F,3A,35,34,32,2F,2D,2D,33,3A,41,44,43,44,46,48,
49,44,3D,3B,3E,3B,32,2C,2B,2D,2F,2F,30,30,31,33,
33,38,3C,3B,37,34,31,30,33,37,3E,40,3C,3F,49,51,
56,57,56,54,57,60,6D,76,7B,7F,89,94,9F,A8,AE,B2,
B4,B4,B4,B5,B7,B8,B9,BA,B8,B7,B4,B2,B0,AE,AD,AD,
AF,AF,B0,B1,B2,B2,B2,B2,B2,B2,B1,B0,B0,AF,AE,AE,
AC,AC,AC,AC,AD,B0,B4,B7,BA,BB,BB,BA,BA,B9,BA,BA,
BC,BE,C1,C4,C6,C7,C6,C5,C6,C5,C6,C6,C4,C4,C3,BE,
B7,A6,93,84,75,69,5E,54,4B,46,3F,40,4C,56,5B,5F,
5A,57,55,5A,67,77,88,91,8A,87,8A,8F,93,95,96,94,
8F,7B,5E,48,3C,31,27,23,26,2A,2E,30,30,2E,2D,2C,
2D,2E,31,34,37,38,38,38,37,38,38,39,39,39,38,38,
38,36,34,32,30,2F,2E,2E,2F,2F,2E,2E,2F,2F,30,31,
2E,31,3B,3B,38,39,3D,49,60,6F,7E,83,81,81,83,84,
7E,81,86,8E,96,9D,A2,A5,A6,A5,A4,A2,A0,A0,A1,A2,
A3,A3,A2,A2,A2,A2,A2,A2,A2,A2,A3,A3,A3,A3,A2,A2,
A2,A2,A2,A2,A2,A2,A2,A1,A1,A1,A1,A0,A0,9F,9F,9F,
A0,A0,A0,A0,A0,A0,A0,A0,9F,9F,9F,9E,9E,9E,9D,9D,
9D,9D,9C,9C,9B,9B,9B,9B,9A,9A,9A,9A,99,98,98,97,
6C,6C,6C,6B,6A,68,67,66,66,67,68,68,68,67,65,64,
65,64,63,62,60,60,61,62,64,62,62,66,6E,79,86,90,
95,99,9E,A2,A4,A5,A5,A5,A7,A6,A6,A5,A4,A4,A6,A7,
A7,AA,A9,AC,AC,AD,B0,A9,9D,96,91,8E,87,80,79,72,
69,62,59,53,50,4F,4F,51,51,51,50,50,52,52,52,55,
5A,5D,61,62,63,64,64,63,62,62,63,63,62,62,61,61,
62,62,62,61,61,61,63,64,65,66,67,68,68,69,69,6A,
6B,6C,6E,6F,6F,6F,6E,6D,6E,6E,6D,6B,67,63,5D,58,
53,63,85,A5,BE,CF,D2,D2,CB,C7,C9,CA,C8,BF,A8,9A,
93,8B,81,7A,76,74,73,74,71,71,70,71,73,75,77,78,
7B,7A,7B,7C,7B,78,75,75,74,77,7A,7D,80,83,83,83,
7D,76,6D,6A,6E,75,79,7B,78,73,70,67,56,4D,4A,45,
40,3C,3A,3B,3C,3D,3F,42,45,4C,55,5A,5C,5A,53,4C,
41,3C,38,36,33,2E,2C,2D,34,39,3F,40,3F,43,4B,52,
56,52,47,3D,38,32,2C,2A,29,2C,2B,2C,30,31,2F,31,
31,33,33,31,31,31,31,30,31,35,3C,41,43,4A,55,5B,
5D,5C,59,55,57,60,6F,7A,7E,85,8F,9B,A4,A9,AD,AE,
B4,B3,B4,B5,B6,B8,B8,B9,B7,B5,B2,AF,AC,AB,AB,AC,
AE,AE,AF,B0,B1,B1,B1,B2,B1,B1,B1,B0,AF,AF,AE,AE,
AD,AD,AC,AB,AD,B0,B6,BA,BE,BF,BF,BE,BD,BD,BD,BD,
BE,BF,C2,C5,C7,C7,C7,C5,C6,C5,C5,C6,C5,C6,C5,C0,
B8,AA,9A,8C,7E,6F,62,57,52,4D,43,3D,40,49,55,5F,
59,56,4F,50,5B,6D,84,8F,88,87,8C,92,94,95,93,8D,
82,6F,53,41,39,31,29,27,28,29,2C,2D,2D,2D,2E,2F,
2E,2F,31,34,37,38,38,38,38,38,39,3A,3A,39,38,38,
37,36,34,31,2F,2E,2E,2E,2E,2E,2E,2F,2F,30,30,31,
2E,31,3B,3C,38,39,41,4F,68,76,81,82,7F,7F,82,83,
7E,82,89,91,9A,A0,A4,A6,A5,A4,A3,A1,A0,A0,A1,A1,
A2,A2,A2,A2,A2,A2,A2,A2,A2,A2,A3,A3,A3,A3,A2,A2,
A2,A2,A2,A2,A2,A2,A2,A2,A1,A1,A1,A1,A0,A0,9F,9F,
A0,A0,A0,A0,A0,A0,A0,A0,9F,9F,9F,9E,9E,9E,9E,9D,
9E,9E,9D,9C,9C,9B,9B,9B,9A,9A,9A,9A,99,98,98,97,
6B,6B,6B,6B,6A,68,67,66,67,67,68,68,68,67,66,65,
65,65,64,62,61,61,62,63,64,62,62,66,6E,7A,87,91,
95,99,9E,A2,A4,A4,A5,A5,A7,A6,A5,A4,A4,A4,A5,A7,
A8,AA,A9,AC,AC,AD,B0,A9,9C,95,90,8D,86,7F,79,72,
6A,63,5A,54,50,4F,50,51,51,51,50,50,53,52,52,56,
5A,5D,60,62,63,64,63,62,62,62,62,63,62,62,61,60,
62,62,61,61,61,61,63,64,65,66,67,68,68,68,69,6A,
6B,6C,6D,6E,6F,6E,6E,6D,6E,6F,6E,6B,67,63,5D,59,
55,65,81,A0,C0,D2,D1,D3,D3,CD,CD,CC,CA,C0,A7,98,
93,8A,7F,78,74,72,72,73,70,70,71,72,74,76,76,76,
79,77,77,78,78,77,77,78,7B,7E,81,83,84,84,82,80,
7D,75,6B,66,68,6D,70,71,6C,65,65,5F,51,4B,49,42,
3E,39,37,38,38,38,3A,3E,41,49,52,58,5A,59,52,4B,
43,40,3D,3B,36,2F,2C,2D,35,39,3D,3C,3C,43,4F,5A,
5F,5D,51,41,36,2E,2B,2D,2F,30,2D,2C,31,2F,2B,2B,
2F,2E,2B,2B,2D,30,31,2F,31,36,41,4B,53,5B,63,64,
5F,5E,5C,5A,5D,67,77,84,87,8E,97,A1,A7,AB,AC,AD,
B4,B4,B4,B5,B7,B8,B9,B9,B6,B4,B0,AC,AA,A9,A9,AA,
AD,AE,AF,AF,B0,B1,B1,B1,B1,B1,B0,B0,AF,AE,AE,AE,
AD,AD,AC,AB,AD,B2,B9,BE,C3,C3,C3,C2,C1,C0,C0,C0,
C0,C1,C3,C5,C7,C8,C7,C6,C6,C5,C6,C6,C5,C6,C6,C2,
BA,B0,A5,96,83,72,65,5D,5B,53,44,39,38,3E,48,52,
54,53,4A,4A,51,62,7C,87,85,87,8D,91,93,94,8F,87,
7A,67,4F,40,3C,34,2C,29,2A,2A,2A,2B,2C,2D,2E,2F,
2F,30,32,35,37,39,39,38,38,39,39,3A,3A,39,39,38,
37,36,33,31,2F,2E,2E,2E,2E,2E,2F,2F,30,30,31,31,
2F,33,3C,3C,39,3B,47,59,71,7B,82,81,7F,80,82,82,
80,84,8C,95,9D,A3,A5,A5,A4,A3,A2,A1,A0,A0,A0,A1,
A1,A1,A1,A1,A1,A1,A1,A1,A2,A2,A2,A3,A3,A2,A2,A2,
A3,A3,A3,A3,A2,A2,A2,A2,A2,A2,A1,A1,A0,A0,A0,A0,
A0,A0,A0,A0,A0,A0,A0,A0,9F,9F,9F,9E,9E,9E,9E,9E,
9F,9E,9D,9D,9C,9B,9B,9B,9B,9A,9A,9A,99,98,97,97,
6A,6B,6B,6B,6A,69,67,66,67,67,68,68,68,67,66,66,
65,65,64,62,61,62,63,64,64,62,61,66,6E,7B,88,92,
95,99,9E,A2,A4,A4,A4,A5,A7,A6,A5,A4,A3,A4,A5,A7,
A8,AA,AA,AC,AC,AD,AF,A8,9C,95,90,8C,85,7F,79,73,
6B,63,5A,54,51,4F,50,52,51,51,50,50,53,52,52,56,
5A,5D,60,62,62,63,63,62,62,62,62,62,62,62,61,60,
62,62,61,61,60,61,63,64,64,65,67,67,68,68,69,69,
6B,6C,6D,6E,6F,6E,6E,6D,6E,6F,6E,6B,66,62,5E,5A,
53,63,7C,9B,C2,D4,D1,D5,D8,D1,D0,CE,CB,BF,A5,94,
92,89,7D,76,72,71,71,72,6F,70,71,73,76,77,76,75,
75,73,72,74,75,76,79,7C,81,84,87,87,86,84,80,7C,
7A,73,69,62,61,63,65,66,61,5B,5B,59,4D,4A,48,40,
3C,37,34,35,35,33,35,38,3E,46,50,55,57,56,50,48,
45,43,42,40,3A,31,2D,2E,36,39,3C,3B,3B,42,52,5F,
69,68,5B,47,37,2D,2C,2F,32,33,2F,2D,32,30,2A,2A,
2F,2D,29,29,2D,31,31,2F,33,39,46,54,5D,65,67,64,
5F,5F,5F,60,65,71,82,8E,93,98,9F,A5,A9,AD,AE,AF,
B5,B5,B5,B6,B8,B9,BA,B9,B5,B3,AE,AA,A8,A7,A8,A9,
AD,AE,AE,AF,B0,B0,B0,B0,B1,B1,B0,B0,AF,AF,AE,AE,
AD,AD,AC,AC,AE,B3,BB,C1,C7,C7,C7,C6,C5,C4,C4,C4,
C1,C2,C3,C5,C8,C8,C7,C6,C7,C5,C6,C7,C6,C7,C7,C2,
BC,B6,AE,9E,86,72,68,62,62,57,45,37,36,3A,3F,46,
51,53,4A,49,4E,5C,76,81,85,89,8E,91,92,94,8E,84,
78,64,4A,3C,39,33,2D,2B,2C,2C,2B,2A,2B,2C,2E,2E,
2F,30,32,35,37,39,38,38,38,39,3A,3A,3A,39,38,38,
37,35,33,31,2F,2E,2E,2F,2E,2E,2F,2F,30,31,31,32,
32,34,3D,3D,39,3E,4D,61,77,7E,82,80,7F,81,82,81,
82,86,8E,97,9F,A4,A5,A5,A3,A2,A1,A1,A1,A0,A0,A0,
A1,A1,A1,A1,A1,A1,A1,A1,A2,A2,A2,A3,A3,A2,A2,A2,
A4,A3,A3,A3,A3,A3,A3,A3,A2,A2,A2,A1,A1,A0,A0,A0,
A0,A0,A0,A0,A0,A0,A0,A0,9F,9F,9F,9E,9E,9E,9E,9E,
9F,9E,9E,9D,9C,9C,9B,9B,9B,9B,9A,9A,99,98,97,97,
6A,6B,6B,6A,6A,68,67,67,67,68,68,69,68,67,66,65,
66,66,65,64,62,62,62,63,63,62,63,67,6E,7A,88,92,
94,98,9E,A2,A4,A4,A4,A4,A6,A5,A5,A4,A3,A4,A5,A7,
AA,A9,AB,AB,AC,AF,AE,A8,9C,95,90,8D,86,7F,78,71,
6B,63,5A,53,50,4E,4F,51,51,50,4F,50,51,51,53,55,
5B,5E,60,61,62,63,63,62,62,62,62,62,62,61,60,60,
61,61,61,61,62,62,62,63,64,65,67,68,68,68,68,68,
6B,6D,6F,70,6F,6F,6E,6E,6E,6F,6F,6C,68,64,5F,5B,
56,63,79,9B,BE,D2,D5,D4,D7,D8,CF,CA,C9,B7,9B,8F,
88,82,7A,73,71,70,71,70,70,71,72,75,77,77,74,71,
71,71,71,72,74,78,7C,80,84,86,87,86,83,7F,7B,79,
7C,74,6A,62,5C,58,56,57,54,52,50,4F,50,4E,46,3F,
3B,36,32,31,31,30,32,36,3A,40,48,4F,52,51,4C,47,
46,44,47,43,3C,35,2E,31,39,3A,3B,3A,39,40,51,61,
6C,71,63,51,3E,2F,2F,2D,34,32,30,2F,30,2F,2D,2A,
33,33,33,34,34,33,2E,28,2C,3A,4D,5B,62,62,5C,56,
55,59,5F,67,71,7F,8F,9A,9E,A1,A6,AC,B0,B2,B1,B1,
B6,B6,B6,B7,B8,B9,B9,B9,B6,B1,AC,A8,A7,A6,A8,AA,
AC,AE,AF,AF,AF,B0,B1,B0,B1,B1,B0,B0,AF,AE,AE,AD,
AD,AD,AC,AC,AF,B5,BE,C4,C9,C9,C9,C8,C7,C7,C7,C8,
C5,C6,C7,C7,C8,C7,C7,C6,C7,C8,C8,C8,C8,C9,C7,C5,
C2,B9,AE,9A,86,76,66,61,5B,51,44,3B,37,37,3A,3C,
4F,53,53,51,56,63,76,87,8A,93,95,97,99,94,8F,87,
7E,68,4E,3C,33,2E,2A,28,2B,2C,2D,2C,2C,2D,2F,31,
2F,31,33,35,37,38,38,38,39,39,3A,3A,3A,39,38,37,
37,36,33,31,2F,2E,2E,2E,2E,2E,2E,2F,30,31,32,33,
36,37,3A,3B,3D,46,5A,6C,7E,84,84,81,81,82,83,85,
85,8A,92,9A,A0,A3,A4,A3,A1,A1,A2,A2,A2,A1,A0,A0,
A0,A0,A1,A1,A1,A2,A2,A2,A1,A1,A2,A2,A3,A3,A2,A2,
A3,A3,A3,A3,A3,A3,A3,A3,A2,A2,A2,A2,A2,A1,A1,A1,
A0,A0,A0,A0,A0,A0,A0,A0,A0,A0,9F,9E,9E,9E,9E,9E,
9F,9E,9E,9D,9C,9C,9B,9B,9B,9B,9A,9A,99,98,97,97,
6B,6B,6B,6B,6A,69,68,67,67,68,68,69,68,67,66,65,
66,66,65,64,63,62,62,63,63,62,63,67,6F,7A,87,91,
94,98,9E,A2,A3,A4,A4,A4,A6,A5,A5,A4,A3,A4,A5,A7,
AA,AA,AB,AC,AC,AF,AE,A9,9C,95,90,8C,85,7E,77,71,
6B,63,5A,53,50,4E,4F,51,51,4F,4F,50,50,51,53,55,
5B,5E,60,61,62,63,63,62,62,62,63,63,62,62,61,60,
61,61,61,61,61,62,62,63,64,65,67,68,68,68,68,68,
6C,6D,6F,70,6F,6F,6E,6E,6D,6F,6F,6C,69,65,60,5C,
59,64,79,99,BB,D0,D6,D7,D9,D9,D2,CB,C2,AD,94,86,
83,7E,78,73,71,71,71,70,6F,70,73,76,77,76,73,6F,
6E,6F,72,74,78,7D,81,85,87,88,87,85,81,7D,79,77,
7A,73,69,5F,55,4D,49,48,4B,49,48,4B,50,4F,46,3C,
38,33,30,30,2F,2E,30,33,38,3E,46,4C,50,50,4C,48,
45,45,4A,48,41,39,30,31,3B,3D,3D,3A,37,3D,4E,5E,
6B,72,68,59,45,34,32,2F,30,2E,2B,2D,30,31,2F,2D,
31,30,2F,2E,2D,2B,29,28,30,41,55,62,65,61,5B,57,
57,5E,67,6F,79,87,98,A4,A4,A7,AD,B2,B4,B5,B4,B4,
B6,B6,B6,B7,B8,B9,B8,B8,B5,B0,AB,A8,A6,A6,A7,A9,
AC,AE,AF,AE,AE,B0,B0,B0,B0,B0,B0,AF,AF,AF,AF,AE,
AD,AD,AC,AD,B0,B7,BF,C5,C9,C9,C9,C9,C8,C7,C8,C8,
C6,C6,C7,C7,C7,C7,C7,C6,C7,C8,C9,C8,C9,C9,C7,C4,
C1,B6,AA,99,89,7A,66,5C,59,52,48,3E,36,33,35,38,
48,4E,51,52,56,61,71,81,86,8F,90,94,98,96,92,8A,
7E,67,4B,39,30,2B,27,25,2B,2C,2D,2E,2D,2E,2F,30,
2F,31,33,35,36,37,38,38,39,39,3A,3A,3A,39,38,37,
37,35,33,31,2F,2E,2E,2E,2F,2E,2F,2F,30,31,32,33,
37,38,3A,3D,42,4E,62,74,80,85,84,81,83,85,85,86,
89,8D,94,9B,A0,A2,A2,A2,A1,A1,A1,A2,A2,A1,A0,A0,
A1,A1,A1,A2,A2,A2,A2,A2,A2,A3,A3,A3,A3,A3,A3,A3,
A3,A3,A3,A3,A3,A3,A3,A3,A3,A3,A2,A2,A2,A2,A1,A1,
A0,A0,A0,A0,A0,A0,A0,A0,A0,A0,9F,9F,9E,9E,9E,9E,
9F,9E,9D,9D,9C,9B,9B,9B,9B,9A,9A,9A,99,98,97,97,
6B,6C,6C,6B,6B,6A,69,68,68,68,69,69,68,67,65,64,
65,66,65,64,63,62,62,62,62,62,63,68,70,7A,87,90,
94,98,9D,A2,A3,A4,A4,A4,A6,A5,A5,A4,A3,A4,A5,A6,
AA,AA,AB,AC,AC,B0,AF,A9,9C,95,90,8C,85,7D,76,70,
6B,63,5A,53,4F,4E,4F,51,50,4F,4E,4F,50,51,52,54,
5B,5E,61,62,62,63,64,63,63,63,63,63,63,62,61,61,
61,61,61,61,61,62,62,63,64,65,67,67,68,68,68,69,
6C,6E,6F,70,6F,6E,6E,6E,6D,6E,6F,6D,6A,67,62,5E,
5C,66,79,96,B7,CD,D7,DB,DB,D9,D5,CA,B6,9F,8A,7D,
7C,79,75,73,71,71,70,70,6F,71,74,77,78,76,72,6E,
6E,70,74,78,7D,82,87,89,8A,89,87,83,7E,7A,77,75,
76,70,66,5A,4D,41,3A,39,42,42,43,49,50,50,46,3B,
35,31,2E,2E,2E,2D,2E,31,36,3B,42,48,4D,4F,4D,4A,
45,45,4D,4C,46,3D,33,33,3E,40,3F,3A,35,39,49,58,
69,73,71,63,4D,39,33,2F,2F,2C,2A,2C,30,33,32,31,
28,27,26,25,22,21,24,2A,3B,4D,61,6B,69,63,60,5F,
67,6F,77,7B,7F,88,96,A2,A8,AD,B3,B7,B7,B6,B6,B6,
B6,B6,B7,B8,B9,B9,B8,B7,B3,AE,A9,A7,A5,A5,A6,A8,
AC,AD,AE,AE,AE,AF,AF,AF,AF,AF,AF,AF,AF,AF,AF,AF,
AC,AC,AD,AF,B2,B9,C0,C5,C9,C9,C9,C9,C8,C8,C8,C9,
C7,C7,C6,C6,C6,C6,C6,C7,C8,C9,C9,C9,C9,C9,C6,C3,
BD,B2,A8,9B,8E,7E,65,56,55,52,4B,40,35,2F,32,38,
3E,46,4D,50,54,5B,68,76,7F,88,89,8D,94,95,91,89,
7C,64,47,35,2D,28,25,24,2B,2C,2E,2E,2E,2E,2E,2F,
30,31,33,35,36,37,38,38,39,3A,3A,3B,3A,39,38,38,
37,35,33,31,2F,2E,2E,2E,2F,2F,2F,2F,30,31,32,33,
36,36,38,3E,47,56,6A,7B,83,85,83,80,84,87,88,88,
8D,90,96,9B,9F,A1,A1,A0,A0,A0,A1,A1,A1,A0,A0,A0,
A2,A2,A2,A2,A3,A3,A3,A3,A3,A3,A3,A3,A3,A3,A3,A3,
A3,A3,A3,A3,A3,A3,A3,A3,A3,A3,A3,A2,A2,A2,A2,A2,
A0,A0,A0,A0,A0,A0,A0,A0,A0,9F,9F,9F,9E,9E,9E,9E,
9E,9E,9D,9C,9C,9B,9B,9B,9A,9A,9A,9A,99,98,98,97,
6B,6B,6C,6B,6B,6A,69,68,68,68,69,69,68,67,65,64,
65,65,66,65,63,62,61,61,62,62,64,69,71,7A,86,8E,
93,97,9D,A1,A3,A3,A4,A4,A5,A5,A5,A4,A3,A4,A5,A6,
A9,A9,AA,AB,AC,B0,AF,A9,9C,95,90,8C,85,7D,76,6F,
6A,63,59,53,4F,4E,4F,51,50,4F,4E,50,51,51,53,55,
5B,5E,61,62,63,64,64,63,63,63,64,64,63,62,62,61,
61,61,61,61,61,62,62,63,64,65,67,67,68,68,69,69,
6D,6E,6F,70,6F,6E,6D,6D,6D,6F,6F,6D,6B,67,63,5F,
5D,67,77,92,B2,CA,D7,DE,DA,D6,D4,C6,A9,92,83,77,
76,75,74,73,73,71,70,6F,70,72,75,77,78,76,73,70,
72,74,78,7D,81,85,88,8A,88,86,83,7F,7A,77,75,74,
72,6D,64,56,47,39,33,32,3E,3F,42,48,4D,4B,41,36,
31,2E,2D,2D,2E,2D,2E,30,32,38,3F,46,4D,50,4F,4C,
45,46,4D,4C,46,3E,35,36,3E,42,42,3C,34,36,43,50,
5F,6B,73,6B,55,41,38,32,32,30,2E,2E,2F,30,30,30,
22,21,21,22,21,22,2C,38,4E,5D,6D,71,6B,67,6B,71,
78,7F,85,85,83,88,95,A1,A8,AF,B6,B8,B6,B4,B4,B4,
B6,B6,B6,B8,B9,B8,B6,B4,B0,AC,A7,A5,A4,A4,A5,A7,
AC,AD,AE,AE,AD,AE,AE,AE,AD,AE,AE,AE,AE,AF,AF,AF,
AB,AC,AE,B1,B5,BB,C1,C5,C8,C9,C9,C8,C8,C8,C8,C9,
C8,C7,C6,C5,C5,C6,C6,C7,C8,C9,CA,C9,C9,C8,C5,C2,
BA,B4,AF,A4,96,82,66,57,57,53,4B,3F,33,2C,2F,36,
36,3F,48,4C,50,54,5F,6B,79,82,83,8A,94,97,93,8A,
75,5D,41,32,2C,2A,27,27,2B,2D,2D,2D,2C,2D,2E,2F,
30,31,33,35,36,37,38,38,3A,3A,3B,3B,3B,3A,39,38,
36,35,33,30,2F,2E,2E,2F,2F,2F,2F,2F,30,31,32,33,
35,35,39,41,4E,5E,71,7F,84,86,83,81,84,87,89,8B,
90,92,97,9B,9E,A0,A0,9F,9F,9F,9F,9F,9F,9F,9F,A0,
A2,A3,A3,A3,A3,A3,A3,A3,A3,A3,A3,A2,A2,A2,A1,A1,
A2,A3,A3,A3,A3,A3,A3,A3,A3,A3,A3,A2,A2,A2,A2,A2,
A0,A0,A0,A0,A0,A0,A0,A0,9F,9F,9F,9F,9F,9E,9E,9E,
9D,9D,9C,9C,9B,9B,9B,9B,9A,9A,9A,9A,99,98,98,97,
6A,6B,6B,6B,6A,69,68,68,68,68,69,69,68,67,65,64,
64,65,66,66,64,62,61,60,61,62,65,6B,72,7B,85,8D,
93,97,9D,A1,A3,A3,A4,A4,A5,A5,A5,A4,A4,A4,A5,A6,
A8,A7,A9,AA,AC,AF,AF,A9,9C,95,90,8C,85,7D,76,6F,
6A,62,59,52,4F,4E,4F,50,50,4F,4F,51,52,53,54,56,
5C,5F,62,63,64,65,65,64,63,64,64,64,63,63,62,61,
62,62,61,61,61,62,63,63,65,66,67,68,68,68,69,6A,
6E,6F,70,70,6F,6E,6D,6D,6D,6F,70,6E,6C,68,64,60,
5C,65,74,8D,AC,C5,D6,DF,DA,D4,D1,BF,9D,86,7D,73,
73,74,75,75,73,72,70,6F,72,73,75,76,76,76,75,75,
77,78,7B,7F,82,85,86,86,83,81,7E,7A,78,76,74,74,
73,6E,63,54,43,36,30,30,38,3D,41,44,43,3E,36,30,
2D,2C,2C,2D,2E,2E,2E,2F,2F,34,3B,43,4B,50,4F,4D,
43,44,4C,4D,47,3F,35,36,3E,43,44,3E,36,35,3E,48,
4E,5C,6F,6F,5C,4B,41,3B,38,38,36,32,2E,2B,2A,2B,
26,24,23,25,28,30,43,54,64,6E,76,75,6E,6E,78,84,
8D,92,95,8F,87,87,93,9F,A8,AF,B6,B6,B4,B2,B2,B2,
B5,B5,B6,B8,B9,B7,B4,B2,AC,A9,A5,A4,A3,A3,A4,A6,
AC,AE,AE,AD,AD,AD,AD,AD,AD,AD,AD,AD,AE,AE,AE,AE,
AB,AD,B0,B4,B9,BE,C2,C5,C7,C8,C8,C7,C7,C7,C8,C9,
C8,C7,C6,C5,C5,C6,C7,C8,C8,CA,CA,CA,C9,C9,C6,C3,
BB,BA,BC,B1,9E,87,6B,5E,5F,58,4C,3D,30,29,2A,2F,
35,3D,44,48,4C,50,59,66,77,80,83,8C,99,9E,99,8D,
6A,53,3A,2F,2E,2D,2B,2B,2D,2D,2D,2B,2B,2B,2E,30,
31,32,33,35,37,38,38,38,3A,3B,3C,3C,3C,3A,39,38,
35,34,32,30,2F,2E,2E,2F,2F,2F,2F,2F,30,31,32,33,
36,38,3E,49,58,68,77,81,83,86,84,81,83,85,89,8E,
91,93,96,9A,9D,9E,9F,9E,9E,9E,9E,9D,9E,9E,9F,9F,
A2,A2,A2,A2,A3,A3,A3,A3,A2,A2,A2,A1,A1,A1,A0,A0,
A2,A2,A2,A2,A2,A2,A2,A2,A3,A2,A2,A2,A2,A1,A1,A1,
A0,A0,A0,A1,A1,A0,A0,A0,9F,9F,9F,9F,9F,9E,9E,9E,
9D,9C,9C,9B,9B,9A,9A,9A,9A,9A,9A,9A,99,99,98,97,
6A,6A,6A,6A,69,69,68,67,68,68,69,69,68,67,65,64,
64,65,66,66,64,62,60,5F,61,63,66,6D,74,7B,85,8C,
92,97,9C,A1,A3,A3,A3,A4,A5,A5,A5,A4,A4,A4,A5,A6,
A6,A6,A8,AA,AB,AF,AF,A9,9D,96,91,8D,85,7E,76,70,
6A,62,59,53,4F,4E,4F,51,52,51,51,53,54,55,56,58,
5D,60,63,64,64,65,66,65,64,64,64,64,64,63,62,62,
62,62,61,61,61,62,63,64,65,66,67,68,68,69,6A,6B,
70,71,72,71,70,6F,6E,6E,6E,70,71,6F,6D,6A,66,62,
5D,64,71,87,A6,C0,D2,DD,DB,D3,CB,B5,92,7D,76,6F,
71,73,75,75,73,71,6F,6E,72,73,74,74,74,75,77,79,
7A,7A,7B,7D,7F,80,80,7F,7E,7D,7A,78,76,75,74,74,
74,6E,62,52,40,33,2F,2F,36,3D,43,42,3B,34,2E,2B,
2B,2B,2C,2D,2E,2F,2E,2E,2C,30,36,3D,46,4B,4C,4A,
40,43,4C,4E,49,3F,35,34,3D,43,46,41,39,37,3C,42,
45,53,6D,71,5F,4F,44,3F,3E,3F,3E,39,30,29,27,28,
28,25,24,27,30,42,5A,6D,76,7A,7D,7A,75,78,86,93,
9D,A0,9E,94,89,87,91,9B,A9,B0,B4,B3,B1,B1,B4,B5,
B4,B4,B5,B7,B8,B6,B2,AF,AA,A6,A4,A3,A3,A3,A4,A5,
AC,AD,AE,AD,AC,AC,AC,AB,AC,AC,AC,AD,AD,AE,AE,AE,
AC,AF,B3,B8,BD,C1,C4,C6,C6,C7,C7,C7,C6,C6,C7,C8,
C8,C7,C6,C6,C6,C7,C9,CA,CA,CB,CB,CB,CB,CA,C8,C6,
BE,BF,C1,B6,A3,8B,71,64,60,58,4A,3C,30,29,2A,2C,
37,3C,40,44,49,4E,58,65,7A,84,87,90,9D,A0,96,85,
62,4B,34,2D,2E,2F,2D,2D,2E,2E,2D,2B,2B,2C,2F,32,
32,33,34,36,37,38,39,39,3B,3B,3C,3D,3C,3B,39,38,
34,33,31,2F,2E,2E,2E,2E,2F,2F,2F,2F,30,31,32,32,
35,3A,44,52,62,71,7B,80,82,86,86,83,82,84,89,90,
91,93,96,99,9B,9D,9E,9E,9D,9C,9C,9B,9C,9D,9E,9F,
A1,A1,A1,A1,A1,A1,A1,A1,A1,A1,A1,A0,A0,A0,A0,A0,
A0,A1,A1,A1,A1,A1,A2,A2,A2,A2,A1,A1,A1,A1,A0,A0,
A0,A0,A1,A1,A1,A1,A0,A0,A0,A0,9F,9F,9F,9E,9E,9D,
9C,9C,9B,9A,9A,9A,9A,9A,9A,9A,9A,9A,99,99,98,98,
69,69,69,69,69,68,67,67,67,68,68,69,68,67,66,65,
63,65,66,67,65,62,60,5E,61,63,68,6E,75,7C,84,8B,
92,96,9C,A0,A2,A3,A3,A4,A5,A5,A5,A4,A4,A4,A5,A6,
A6,A6,A8,A9,AB,AF,AF,A9,9D,96,91,8D,86,7E,77,71,
6B,63,5A,54,50,4F,50,52,53,52,53,55,56,57,58,5A,
5E,61,63,64,65,66,66,65,65,65,66,66,65,64,64,63,
63,63,62,62,62,63,64,64,66,67,68,68,69,6A,6B,6C,
72,73,73,73,72,70,70,70,6F,71,72,71,6F,6D,69,65,
5E,63,6D,81,A0,BB,CF,DB,DC,D3,C4,AB,8A,76,70,6C,
70,72,75,75,72,70,6E,6E,71,71,72,72,72,74,78,7B,
7C,7B,7A,79,79,78,77,76,76,75,73,72,71,70,6F,6E,
6E,68,5D,4E,3E,32,2F,30,39,42,48,44,39,2F,2A,29,
2C,2D,2E,2F,30,30,2E,2D,29,2B,2F,35,3D,43,45,44,
3F,41,4B,4C,47,3E,34,34,3D,44,47,43,3C,3A,3D,41,
43,50,6C,71,5E,4F,42,3C,40,42,41,3C,33,2B,27,27,
23,23,25,2D,3D,56,6F,7F,7F,80,82,82,82,87,93,9E,
9C,9E,9D,95,8D,8D,97,A1,AB,AF,B1,AE,AC,B0,B6,B9,
B3,B3,B4,B6,B7,B5,B0,AC,A7,A4,A2,A2,A3,A3,A4,A5,
AB,AC,AD,AB,AB,AB,AB,AA,AB,AB,AC,AD,AE,AF,AF,AF,
AF,B1,B6,BC,C0,C4,C6,C6,C6,C6,C6,C6,C6,C6,C7,C8,
C8,C8,C7,C7,C8,C9,CB,CC,CD,CE,CE,CD,CD,CD,CC,CA,
C5,C0,BE,B5,A6,92,77,68,5F,57,4B,3F,35,2E,2C,2D,
36,38,3A,3F,45,4B,56,64,7A,85,89,93,9F,9E,8F,7A,
60,49,32,2C,2F,2F,2E,2E,2F,2F,2F,2D,2D,2E,31,33,
33,33,35,36,37,38,39,3A,3B,3C,3D,3D,3D,3B,3A,38,
33,32,30,2F,2E,2D,2E,2E,2F,2F,2F,2F,30,30,31,32,
33,3B,4A,5C,6D,79,7F,80,83,87,87,84,83,84,89,91,
92,93,96,98,9A,9C,9D,9D,9C,9B,9A,9A,9A,9C,9D,9E,
A0,A0,A0,A0,A0,A0,A0,A0,A0,A0,9F,9F,9E,9E,9F,9F,
9F,9F,A0,A0,A0,A0,A1,A1,A1,A1,A1,A0,A0,A0,A0,A0,
A0,A0,A1,A1,A1,A1,A0,A0,A0,A0,A0,9F,9F,9E,9D,9D,
9C,9B,9B,9A,9A,99,99,9A,9A,9A,9A,9A,99,99,98,98,
69,69,69,69,69,68,67,67,67,68,68,69,68,67,66,65,
63,65,66,67,65,62,5F,5E,61,63,68,6F,76,7C,84,8A,
92,96,9C,A0,A2,A3,A3,A4,A5,A5,A5,A5,A4,A4,A5,A6,
A5,A6,A8,A9,AB,AF,AF,A9,9D,96,92,8E,86,7F,78,71,
6B,64,5B,54,51,50,51,53,54,53,54,56,57,58,5A,5B,
5E,61,64,65,66,67,67,66,66,66,66,66,66,65,64,64,
63,63,62,62,62,63,64,65,66,67,68,69,69,6A,6B,6C,
74,75,75,74,73,71,71,71,6F,71,72,72,70,6E,6B,68,
60,63,6A,7D,9C,B8,CC,D9,DC,D1,BF,A4,85,72,6D,6B,
6F,72,74,74,71,6F,6E,6E,6E,6F,70,70,71,73,78,7C,
7E,7C,79,76,74,72,70,6F,6D,6C,6A,69,69,67,65,64,
66,61,57,4A,3D,33,31,33,3C,46,4C,47,3A,2E,28,27,
2F,2F,30,31,31,31,2F,2D,28,28,2A,2E,36,3D,40,3F,
40,41,48,48,43,3B,33,35,3E,44,48,44,3E,3C,3E,41,
41,4C,6A,6F,5D,4F,41,3B,3D,3E,3E,3A,33,2B,27,25,
1F,22,29,36,4C,67,7E,8B,80,81,85,89,8D,93,9D,A5,
A0,A2,9F,97,8F,8F,97,A0,AC,AE,AE,A9,A8,AF,B7,BB,
B3,B3,B4,B6,B7,B5,AF,AB,A6,A3,A2,A2,A3,A3,A4,A5,
AA,AC,AC,AB,AA,AA,AA,A9,AB,AB,AC,AD,AE,B0,B0,B1,
B0,B3,B8,BE,C3,C6,C7,C7,C5,C6,C6,C6,C6,C6,C7,C8,
C8,C8,C8,C8,C9,CB,CC,CD,CF,D0,CF,CE,CF,D0,CF,CD,
CD,C3,BC,B3,AA,9A,7D,6B,60,5A,50,45,39,30,2C,2B,
32,34,35,39,41,48,54,61,76,82,88,93,A1,9F,8E,78,
62,4A,33,2C,2F,2F,2E,2E,2F,30,30,30,2F,30,32,34,
33,34,35,36,38,39,39,3A,3B,3C,3D,3E,3D,3B,3A,38,
33,32,30,2E,2D,2D,2E,2E,2F,2F,2F,2F,2F,30,31,32,
34,3E,4F,63,75,80,83,83,84,87,87,85,85,85,8A,91,
93,94,96,98,9A,9B,9D,9D,9B,9B,9A,99,9A,9B,9D,9E,
9F,9F,9F,9F,9F,9F,9F,9F,9E,9E,9D,9D,9D,9D,9D,9D,
9F,9F,9F,9F,A0,A0,A0,A0,A0,A0,A0,A0,A0,9F,9F,9F,
A0,A0,A1,A1,A1,A1,A0,A0,A0,A0,A0,A0,9F,9E,9D,9C,
9B,9B,9A,9A,99,99,99,99,9A,9A,9A,9A,99,99,98,98,
6A,6A,6A,69,68,67,67,66,66,66,67,67,67,67,66,65,
64,64,64,62,60,5E,5D,5C,5C,60,6A,71,73,79,85,8D,
90,96,9C,A0,A2,A3,A3,A2,A3,A4,A4,A5,A4,A5,A6,A7,
A5,A7,A8,AA,AC,AD,AA,A6,9D,99,92,8C,87,81,7A,75,
73,68,59,51,51,52,52,55,58,58,58,59,5A,5B,5C,5B,
5F,60,62,64,65,66,66,66,67,67,68,69,69,68,67,66,
65,64,63,62,62,63,65,66,67,67,67,68,68,6B,6E,71,
78,79,78,73,6F,6F,6F,6F,6F,70,70,6F,6E,6E,6C,6A,
66,67,6C,7C,90,AD,D0,E1,E2,D5,B9,9E,85,73,6E,6A,
6F,71,73,75,74,72,6E,6B,69,68,69,6D,70,74,78,7C,
7E,7A,77,77,76,75,70,68,63,5D,5A,5A,59,58,56,53,
51,51,4B,43,3B,32,30,36,47,4E,4F,47,3C,32,2C,2C,
32,31,2F,2E,30,34,35,35,30,2C,29,2C,31,36,3A,3D,
41,40,41,3D,3C,3B,37,3C,46,47,42,40,3F,3F,42,40,
3C,4B,66,6B,59,4A,40,3C,32,33,2F,2D,31,2D,24,22,
1A,22,30,46,60,78,84,85,78,7A,80,8D,9B,A1,A4,A8,
A9,A7,A1,9A,94,8F,91,99,A6,AB,A9,A8,A9,AD,B6,B7,
B3,B2,B2,B3,B4,B3,B1,AE,A8,A6,A2,A0,A0,A2,A6,A8,
AC,AC,AA,A8,A6,A5,A5,A6,A8,AA,AD,B0,B1,B3,B4,B4,
B5,B7,BA,BE,C1,C3,C4,C5,C5,C5,C6,C7,C8,C9,C9,C9,
C7,C8,C9,C9,CA,CB,CC,CD,CF,CF,CF,D0,D0,D0,CF,CF,
CA,C7,C1,B8,AB,9A,85,77,6B,5E,4F,45,3C,31,27,21,
2B,2C,2E,33,3C,47,50,55,63,70,88,9A,A5,A1,8B,7B,
6C,55,39,2C,2F,30,2E,2D,2F,30,31,31,30,30,32,33,
35,35,36,36,36,37,39,3B,3B,3D,3E,3D,3D,3C,39,37,
31,30,30,30,2F,2C,2C,2D,2E,30,30,2E,2E,30,32,33,
31,3D,52,69,7A,83,86,86,85,85,83,83,86,8C,93,97,
97,97,98,99,99,99,99,99,99,99,98,98,99,9A,9B,9B,
9D,9E,9E,9E,9E,9D,9D,9C,9C,9C,9B,9B,9B,9C,9C,9C,
9D,9D,9E,9E,9E,9E,9E,9E,9F,9F,9F,9F,9F,9E,9E,9E,
A2,A2,A1,A1,A1,A0,A0,A0,9F,A1,A2,A2,A1,9E,9B,99,
98,99,99,99,9A,9A,9A,9A,9A,9A,9A,99,99,99,98,98,
6A,6A,6A,69,68,67,67,66,66,66,67,67,67,66,66,65,
63,64,64,62,60,5E,5D,5C,5C,61,6A,71,73,79,85,8D,
91,97,9D,A1,A3,A4,A4,A3,A4,A4,A5,A5,A5,A5,A6,A7,
A6,A7,A8,AA,AD,AD,AB,A7,9E,99,92,8C,87,81,7A,75,
73,68,59,51,52,53,53,55,58,58,58,59,5B,5C,5C,5C,
5E,5F,61,63,65,65,66,66,68,68,69,6A,6A,69,67,67,
64,63,62,62,62,63,65,66,67,67,68,68,6A,6D,70,73,
7A,7B,79,74,71,70,71,70,71,72,72,70,6F,6F,6E,6C,
69,6A,6B,76,86,A4,CD,E4,E2,D6,BB,A0,86,73,6F,6C,
70,72,75,76,75,72,6E,6B,68,68,6B,6F,74,77,7A,7D,
7C,79,77,75,72,70,6B,63,5A,55,53,53,4F,4C,4A,46,
45,45,42,3D,38,32,32,39,4D,52,51,48,3D,33,2D,2E,
32,31,2F,2E,31,34,35,34,2F,2C,2B,2E,32,36,38,3A,
3E,3D,3E,39,39,39,37,3E,48,4C,49,47,44,40,41,3C,
39,46,60,67,5C,4E,3F,37,2F,2D,28,28,2D,2A,24,23,
27,33,46,5B,71,80,84,82,7A,7F,87,94,A2,A9,AA,AC,
AA,A9,A3,9D,97,90,90,96,A4,A9,A8,A9,AA,AE,B7,B8,
B5,B4,B3,B2,B2,B1,AF,AD,A9,A7,A4,A2,A1,A2,A4,A5,
A9,A9,A7,A5,A3,A3,A3,A4,A7,A9,AC,AF,B1,B2,B4,B5,
B6,B8,BB,BF,C1,C3,C4,C5,C5,C5,C6,C7,C8,C8,C9,C9,
C8,C8,C9,CA,CA,CB,CD,CE,CF,D0,D0,D0,D1,D1,D0,D0,
CD,CB,C4,BB,AF,9E,8B,7D,72,64,53,47,3D,31,27,21,
27,28,2B,2F,37,42,4C,52,5B,6B,88,9C,A7,A3,8C,7C,
71,5A,3D,2F,32,33,31,30,30,31,32,32,31,31,32,34,
35,35,36,36,36,37,39,3B,3C,3E,3E,3E,3D,3C,39,37,
32,31,31,31,2F,2D,2D,2E,2E,30,30,2E,2E,30,33,34,
33,40,56,6D,7E,87,8A,8A,87,86,85,85,88,8E,95,99,
99,99,9A,9A,9A,9A,9A,99,98,98,98,98,99,9A,9B,9B,
9D,9D,9E,9E,9E,9D,9C,9C,9B,9B,9A,9A,9A,9A,9A,9A,
9C,9C,9C,9D,9D,9D,9D,9D,9E,9E,9E,9E,9E,9E,9E,9E,
A0,A1,A1,A1,A1,A0,A0,A0,A0,A0,A1,A1,A0,9E,9B,99,
98,98,99,99,99,9A,9A,9A,9A,9A,99,99,99,98,98,98,
6A,6A,6A,69,68,68,67,66,66,66,67,67,67,66,66,65,
63,64,64,62,60,5E,5D,5D,5D,61,6A,71,73,7A,85,8D,
92,98,9E,A2,A4,A5,A5,A4,A5,A5,A5,A5,A5,A5,A6,A6,
A6,A8,A9,AB,AD,AE,AB,A7,9F,9A,93,8C,87,81,7B,76,
74,69,59,51,52,53,53,56,59,59,59,5A,5B,5C,5C,5C,
5D,5E,60,62,64,65,65,66,68,69,6A,6A,6A,69,67,66,
63,63,62,61,62,63,65,66,67,68,68,69,6C,70,74,76,
7C,7C,7A,76,73,72,72,72,73,74,74,72,71,71,70,6F,
6A,6C,6B,70,7B,97,C6,E3,DF,D6,BD,A1,86,74,72,71,
71,73,76,77,76,72,6E,6B,69,6B,6F,75,78,7A,7C,7D,
7A,78,77,74,6E,6A,65,5F,57,54,54,53,4E,49,44,40,
3F,3F,3D,39,36,31,33,3B,4F,53,4F,45,3A,31,2E,2F,
32,32,31,30,31,33,34,32,2E,2D,2D,30,34,36,37,37,
39,39,3A,36,35,35,35,3E,4C,53,52,50,49,41,3D,35,
36,40,57,63,61,55,40,32,2D,28,22,24,29,27,26,2A,
3A,4C,62,74,82,86,82,7E,83,8B,95,9E,A9,AE,AE,AE,
AC,AB,A6,A1,9B,93,8F,93,A1,A7,A8,AA,AC,B0,B9,B9,
B8,B7,B4,B1,AF,AD,AC,AC,AB,AA,A7,A5,A3,A1,A0,A0,
A4,A4,A3,A2,A1,A0,A1,A2,A6,A8,AB,AE,B1,B3,B4,B5,
B8,BA,BC,C0,C2,C4,C5,C5,C5,C5,C6,C7,C8,C8,C8,C9,
C8,C9,CA,CB,CB,CC,CE,CF,D0,D0,D1,D1,D2,D2,D2,D2,
D0,CC,C5,BC,B0,A1,90,82,77,67,54,47,3C,31,27,21,
24,26,29,2D,34,3E,4A,52,55,67,87,9C,A7,A2,8D,7E,
74,5C,3E,31,33,34,32,32,31,32,33,33,32,32,33,34,
35,35,35,36,36,38,3A,3B,3D,3F,3F,3E,3D,3C,39,37,
32,32,31,31,30,2D,2D,2E,2E,30,30,2F,2E,30,33,35,
35,44,5A,71,81,89,8B,8A,88,87,87,88,8B,91,98,9C,
9C,9C,9C,9C,9C,9B,9A,99,98,98,97,98,98,99,9A,9A,
9B,9C,9C,9D,9D,9D,9C,9C,9B,9B,9A,9A,99,99,99,99,
9A,9A,9B,9C,9C,9C,9D,9D,9D,9D,9D,9D,9D,9D,9D,9E,
9E,9F,A0,A1,A1,A1,A0,A0,A0,A0,A0,A0,9E,9C,9A,99,
98,98,98,99,99,99,99,99,99,99,99,99,98,98,98,98,
6B,6B,6A,6A,69,68,67,66,66,66,66,66,66,66,65,65,
63,63,63,62,61,5F,5E,5D,5D,62,6B,72,74,7A,85,8D,
93,99,9F,A3,A5,A6,A6,A5,A6,A6,A6,A6,A5,A5,A6,A6,
A7,A8,AA,AB,AE,AF,AC,A8,9F,9A,93,8D,88,82,7B,76,
74,69,59,51,52,53,53,56,59,59,59,5A,5C,5D,5C,5C,
5C,5D,5F,61,63,65,66,66,68,68,69,69,69,68,66,65,
63,62,62,61,62,63,65,66,68,68,69,6B,6E,73,78,7A,
7E,7D,7A,77,74,72,73,73,74,75,75,73,73,73,72,71,
6C,6D,6B,6E,73,8C,BB,DA,DC,D5,BE,A2,86,75,74,75,
72,74,77,78,76,72,6F,6C,6E,71,76,7B,7D,7E,7D,7C,
7A,7A,7B,77,6E,69,64,5E,55,53,54,53,4C,45,3F,3A,
3C,3C,39,35,33,31,34,3D,4F,51,4B,40,36,2F,2D,30,
34,34,33,32,32,33,32,31,2D,2E,30,33,37,38,37,35,
37,38,3B,39,38,36,35,3E,50,5A,5C,5A,51,47,3F,35,
36,3D,52,62,68,5D,43,30,2D,27,23,24,25,25,2D,39,
51,66,7B,87,8B,86,7F,7E,8C,98,A2,A7,AD,B0,AF,AE,
AC,AB,A8,A4,9F,96,91,93,A0,A7,A8,AB,AE,B2,BB,BB,
BC,BA,B6,B1,AD,AB,AB,AB,AC,AB,AA,A7,A4,A1,9E,9C,
A0,A0,A0,9F,9F,9F,A0,A1,A5,A7,AA,AE,B0,B3,B5,B7,
B9,BB,BE,C1,C3,C4,C5,C5,C4,C5,C6,C7,C7,C8,C8,C8,
C9,CA,CB,CB,CC,CD,CE,D0,D1,D1,D2,D2,D3,D3,D3,D3,
D2,CE,C6,BD,B1,A3,93,87,79,69,55,46,3C,33,2A,24,
23,24,28,2C,32,3C,48,52,54,67,86,9B,A4,A0,8D,80,
74,5D,3F,31,33,35,33,32,32,33,34,34,33,33,34,35,
35,35,35,36,36,38,3A,3C,3E,40,40,3F,3D,3B,39,36,
32,32,31,31,30,2E,2D,2E,2E,30,30,2F,2E,30,33,35,
39,49,60,75,84,8A,8B,89,88,89,89,8B,8F,94,9B,9F,
9E,9E,9E,9E,9D,9C,9A,99,97,97,97,97,97,98,99,99,
99,9A,9B,9B,9C,9D,9D,9D,9D,9C,9C,9B,9A,99,99,98,
98,99,99,9A,9B,9C,9C,9C,9C,9C,9C,9C,9D,9D,9E,9E,
9D,9E,A0,A2,A3,A2,A2,A1,A1,A1,A0,9E,9C,9B,99,98,
98,98,98,98,98,98,98,98,98,98,98,98,98,98,98,98,
6C,6B,6B,6A,69,68,67,67,66,66,66,66,66,65,65,65,
63,63,63,62,61,5F,5E,5E,5E,62,6B,72,74,7A,86,8D,
94,99,A0,A4,A6,A7,A7,A5,A6,A7,A7,A6,A5,A5,A6,A7,
A7,A9,AA,AC,AE,AF,AC,A8,A0,9B,93,8D,88,82,7C,77,
73,68,59,50,51,52,53,55,59,59,5A,5B,5C,5C,5C,5C,
5C,5D,5F,61,63,65,66,66,67,68,69,69,69,67,66,65,
63,63,62,62,63,64,65,66,68,68,69,6C,70,76,7A,7D,
7E,7C,79,76,74,72,72,73,74,75,75,74,73,73,73,72,
6F,6E,6B,6B,6E,83,AE,CC,D7,D3,BE,A3,86,75,75,75,
73,74,76,76,75,73,71,70,74,77,7C,7F,81,81,7F,7D,
7B,7C,7E,7C,73,6C,66,5F,57,55,55,53,4A,41,3B,36,
36,35,32,2F,2F,30,36,40,50,51,4A,3E,35,2F,2D,30,
36,36,35,33,33,33,31,30,2D,2F,32,35,38,39,37,35,
35,37,3D,3E,3E,3B,38,40,53,5E,61,60,5A,51,4A,40,
39,3F,52,63,6E,65,46,30,2B,26,24,23,20,24,38,4C,
69,7E,8D,92,91,86,7E,80,91,9F,A9,AB,AE,B0,B0,B0,
AC,AB,A9,A5,A1,98,93,95,A0,A7,A9,AC,AF,B4,BD,BD,
BE,BC,B7,B1,AC,AA,AA,AA,AC,AB,AA,A8,A4,A1,9D,9B,
9E,9F,9F,9F,9F,9F,A0,A1,A5,A7,AA,AE,B1,B4,B6,B8,
BB,BC,BF,C1,C3,C5,C5,C5,C4,C5,C6,C6,C7,C7,C8,C8,
C9,CA,CB,CB,CC,CD,CF,D0,D1,D1,D2,D3,D3,D3,D3,D3,
D4,D0,C8,BE,B4,A6,96,8A,7C,6B,56,47,3E,36,2D,26,
20,22,25,2A,2F,38,44,4F,53,65,84,99,A2,9F,8D,81,
76,5E,41,33,36,37,35,35,33,34,35,34,33,33,34,35,
35,35,35,36,37,38,3B,3D,3F,41,41,3F,3D,3B,37,34,
32,31,31,31,2F,2D,2D,2E,30,30,30,2F,2E,2F,33,37,
3F,50,67,7A,87,8D,8C,89,88,89,8B,8E,92,97,9D,A1,
A0,A0,A0,A0,9E,9C,9A,99,97,97,97,96,97,97,98,98,
97,98,99,9A,9C,9D,9E,9E,9E,9D,9D,9C,9A,99,98,98,
97,97,98,99,9A,9B,9B,9B,9B,9B,9B,9C,9C,9D,9E,9F,
9D,9E,A0,A2,A4,A4,A3,A3,A1,A1,9F,9D,9B,99,98,97,
98,98,98,98,98,98,98,98,98,98,98,98,98,98,98,98,
6D,6C,6C,6B,6A,69,68,67,66,66,66,66,65,65,65,64,
63,63,63,63,61,5F,5F,5E,5F,63,6C,73,74,7A,86,8E,
94,9A,A1,A5,A7,A8,A7,A6,A6,A7,A7,A6,A6,A6,A6,A7,
A8,A9,AA,AC,AE,AF,AC,A8,A0,9B,94,8D,88,82,7C,77,
73,68,58,50,51,52,53,55,5A,5A,5A,5B,5C,5D,5C,5C,
5C,5D,5F,61,63,64,65,66,67,68,69,69,69,68,66,66,
64,64,63,63,64,65,66,67,68,68,69,6C,71,76,7C,7E,
7C,7A,77,75,73,71,72,73,73,74,74,73,72,73,73,72,
73,70,6B,6B,6B,7A,9F,B9,CD,CD,BD,A4,88,75,74,72,
74,74,75,74,73,73,74,76,79,7C,7F,81,83,83,81,7F,
7A,7C,80,7F,78,70,67,5D,5A,56,54,50,47,3E,38,34,
34,33,2E,2C,2C,2E,35,40,50,50,49,3E,35,2F,2D,2F,
37,37,36,34,33,33,31,30,2E,30,33,35,38,39,38,35,
31,33,3B,3E,3E,3C,38,40,50,5A,5D,5D,5A,55,53,4A,
3D,42,51,64,73,6B,49,32,28,23,22,21,1F,2B,48,62,
7A,8A,92,92,92,88,7F,84,99,A4,AB,AD,AE,AF,AE,AE,
AC,AC,A9,A5,A0,98,94,98,A2,A9,A9,AC,AF,B5,BD,BE,
BE,BB,B6,B0,AC,AA,A9,A9,AA,A9,A8,A6,A3,A0,9E,9D,
9E,9F,A0,A0,A0,A1,A2,A3,A5,A7,AB,AE,B1,B4,B7,B8,
BB,BC,BF,C2,C3,C5,C5,C5,C4,C5,C5,C6,C7,C7,C7,C7,
C9,C9,CB,CB,CC,CD,CF,D0,D1,D2,D2,D3,D3,D3,D3,D3,
D3,D0,C9,C0,B5,A8,98,8C,7E,6D,57,47,3F,37,2D,26,
21,22,25,29,2E,35,40,4A,4E,60,80,96,A2,A0,8E,81,
76,5F,42,35,37,39,37,36,33,34,35,35,33,33,34,35,
35,35,36,36,37,39,3C,3E,40,41,41,3F,3C,39,36,33,
31,30,30,30,2F,2D,2D,2F,31,30,30,2F,2E,30,35,3A,
45,56,6D,7E,89,8D,8C,88,87,89,8D,91,95,9A,9F,A2,
A1,A2,A1,A1,9F,9D,9B,9A,98,98,97,97,97,97,97,98,
96,97,98,9A,9B,9C,9E,9E,9E,9D,9C,9B,9A,99,98,97,
95,96,97,98,99,9A,9A,9A,9A,9A,9A,9B,9C,9D,9E,9F,
9E,9F,A1,A3,A3,A3,A2,A2,A0,9F,9E,9C,9A,98,97,97,
98,98,98,98,98,98,97,97,97,98,98,98,98,98,99,99,
6D,6D,6D,6C,6B,69,68,68,66,66,66,65,65,65,64,64,
62,63,63,63,61,60,5F,5F,5F,63,6C,73,75,7B,86,8E,
94,9A,A1,A5,A7,A8,A7,A5,A7,A7,A7,A7,A6,A6,A7,A8,
A8,A9,AA,AC,AE,AF,AC,A8,A0,9B,93,8D,88,82,7C,77,
74,69,59,50,51,52,53,56,5A,5A,5B,5C,5D,5D,5D,5C,
5C,5C,5E,60,62,63,64,65,66,67,68,69,68,68,66,65,
66,65,65,65,65,66,67,68,67,67,67,6A,70,76,7B,7E,
7B,78,75,74,72,71,71,73,73,73,73,72,72,73,73,71,
72,71,6E,6E,6B,73,90,A4,BE,C2,B8,A4,8B,79,75,71,
75,75,73,71,71,74,78,7C,80,82,82,82,82,82,82,80,
77,7A,7F,80,7A,71,65,59,54,4E,4B,46,3E,38,34,31,
34,32,2D,2B,2B,2C,32,3B,4C,4D,47,3D,36,31,2E,30,
35,36,35,33,32,33,32,31,30,32,33,34,36,38,37,35,
30,30,36,39,3A,38,35,3D,4B,53,53,52,51,51,52,4B,
3D,40,4D,62,77,71,4E,37,29,21,1F,21,25,3B,5F,79,
84,8C,8A,89,90,8C,86,8C,9F,A6,AA,AD,B2,B2,AE,AC,
AE,AE,A9,A4,9E,96,94,9A,A5,AA,AA,AC,AE,B4,BD,BF,
BC,B8,B3,AF,AC,AA,A8,A7,A6,A5,A4,A2,A1,A0,9F,9F,
9F,A0,A1,A2,A2,A3,A4,A5,A6,A8,AB,AE,B1,B4,B6,B8,
BB,BC,BF,C1,C3,C4,C5,C5,C4,C5,C5,C6,C7,C7,C7,C7,
C8,C9,CA,CB,CC,CD,CF,D0,D1,D1,D2,D2,D2,D2,D2,D2,
D3,D0,CA,C2,B8,AB,9B,8E,80,70,5A,4A,42,3B,30,28,
24,24,25,2A,2D,33,3C,45,4C,5C,79,8F,9E,A0,8F,82,
77,60,43,36,38,39,36,35,34,35,36,35,34,33,34,35,
36,36,36,36,38,3A,3D,3F,40,41,41,3E,3B,38,35,31,
30,2F,30,30,2F,2E,2E,2F,31,30,30,2F,2F,31,38,3F,
4D,5E,74,83,8B,8D,8A,86,86,89,8E,93,98,9D,A1,A3,
A2,A3,A3,A2,A1,9E,9C,9B,9A,9A,99,98,98,98,98,98,
97,97,98,99,9B,9C,9D,9D,9E,9D,9D,9C,9A,99,97,97,
94,95,96,97,98,98,99,99,99,99,99,9A,9B,9D,9E,9F,
A0,A1,A2,A2,A2,A1,9F,9F,9D,9D,9C,9B,9A,99,98,98,
99,99,98,98,98,97,97,97,97,98,98,98,98,99,99,99,
6E,6E,6D,6C,6B,6A,69,68,66,66,66,65,65,64,64,64,
62,63,63,63,61,60,5F,5F,5F,63,6C,73,75,7B,86,8E,
94,9A,A1,A5,A7,A8,A7,A5,A6,A7,A7,A7,A6,A6,A7,A8,
A8,A9,AA,AC,AE,AF,AC,A8,A0,9B,93,8D,88,82,7C,78,
74,69,59,50,51,52,53,56,5B,5B,5B,5C,5E,5E,5D,5C,
5B,5C,5D,5F,61,63,64,64,65,66,67,68,67,67,65,65,
67,66,66,66,66,67,67,68,66,66,66,69,6F,75,7A,7D,
7B,77,74,73,72,70,71,73,72,73,73,72,71,72,72,71,
6F,70,71,72,6C,6F,85,94,B0,B8,B3,A4,8E,7C,77,72,
76,75,72,70,70,74,7B,80,85,86,84,82,80,81,80,7F,
75,77,7C,7F,7A,71,63,55,4F,49,45,41,3B,37,35,33,
30,2F,2B,29,2A,2A,30,39,49,4B,46,3E,39,34,32,33,
34,35,34,33,32,33,33,32,31,33,34,33,34,36,36,34,
34,32,35,36,37,35,33,3B,49,4F,4C,49,49,4C,4F,49,
3B,3C,48,5F,79,76,53,3C,2C,22,1F,22,2D,4A,71,89,
89,8B,82,81,8F,92,90,97,A0,A3,A6,AD,B6,B7,B1,AE,
B1,AF,AA,A3,9C,94,94,9A,A6,AB,AA,AB,AE,B3,BD,BE,
BA,B6,B1,AE,AC,AA,A7,A5,A4,A3,A1,9F,9F,9F,A0,A0,
A0,A1,A2,A3,A3,A4,A6,A7,A6,A8,AB,AE,B1,B3,B6,B8,
BB,BC,BF,C1,C3,C4,C4,C4,C4,C5,C5,C6,C6,C7,C7,C7,
C8,C9,CA,CB,CC,CD,CE,D0,D1,D1,D1,D2,D2,D2,D2,D1,
D4,D2,CD,C5,BC,AF,9F,92,84,74,5E,4F,48,41,36,2D,
26,24,25,29,2C,30,38,41,4D,5A,74,89,9A,9E,90,84,
79,62,45,38,3A,3A,37,35,35,36,36,36,34,33,34,35,
36,36,36,37,38,3A,3D,40,40,41,40,3E,3B,38,34,31,
30,2F,30,30,2F,2E,2E,30,31,30,30,30,30,33,3A,42,
56,67,7B,88,8D,8E,8A,85,86,89,8F,95,9A,9E,A1,A3,
A3,A3,A3,A3,A1,9F,9D,9C,9C,9B,9A,99,98,98,98,98,
98,98,99,99,9A,9B,9C,9C,9E,9E,9D,9C,9B,99,98,97,
94,94,95,96,97,98,98,98,98,98,98,99,9A,9C,9E,9F,
A2,A2,A2,A1,A0,9E,9D,9C,9B,9B,9B,9A,9A,99,99,99,
99,99,99,98,98,97,97,97,97,98,98,98,99,99,99,99,
6D,6D,6D,6D,6C,6A,69,68,66,66,65,65,65,64,65,65,
62,63,63,63,61,60,5F,5F,5E,62,6C,73,75,7B,86,8E,
95,99,A0,A5,A6,A6,A6,A5,A6,A7,A8,A8,A8,A8,A9,A9,
A8,A9,AA,AC,AE,AF,AC,A8,A0,9B,94,8D,88,82,7B,76,
74,69,59,50,51,52,53,56,5B,5C,5C,5C,5F,5E,5C,5D,
5D,5D,5F,60,61,61,62,62,63,64,66,67,68,68,68,67,
68,67,67,67,67,67,67,68,67,66,66,69,6E,74,79,7C,
79,77,75,73,72,72,73,74,74,74,74,74,73,73,72,72,
6D,71,74,73,6D,6E,7B,8B,9D,AA,B1,A6,91,81,79,77,
77,75,72,71,74,7A,80,85,89,87,87,83,7F,80,81,7F,
76,77,78,7B,79,6A,57,4C,4A,46,3E,3A,3B,3A,38,39,
33,2D,2D,2B,29,29,2B,33,41,47,47,42,3E,3A,35,33,
32,32,33,34,36,36,34,32,33,30,37,35,34,36,32,37,
3C,3C,39,35,33,32,36,3D,4A,50,4C,46,43,43,47,42,
34,32,3C,52,73,77,55,42,2E,24,1F,2C,41,61,80,8A,
88,82,7E,84,92,9B,9D,A0,A6,A6,A6,AD,B8,BB,B5,B0,
B4,B1,AD,A3,9B,94,8F,96,A4,AA,AC,AD,B1,B6,BA,BD,
B5,B2,AE,AC,AA,A6,A3,A3,A1,9F,9E,9E,9F,A1,A1,A1,
A0,A0,A1,A3,A5,A7,A7,A7,A7,A8,AA,AC,AF,B2,B5,B7,
BA,BC,BF,C2,C3,C3,C4,C4,C4,C4,C5,C6,C7,C7,C8,C8,
C9,C9,CA,CA,CB,CC,CE,D0,D0,D1,D2,D2,D2,D2,D2,D2,
D2,D2,CF,CA,C1,B4,A3,96,87,78,64,56,4F,47,3C,33,
2B,27,26,27,2C,30,32,3D,49,5B,68,80,9B,9F,93,86,
7A,65,46,36,39,3B,36,36,35,36,37,37,35,35,35,35,
36,36,37,38,3A,3C,3E,3F,40,40,3F,3D,3A,36,32,31,
2F,2F,2F,2F,2F,30,30,31,32,31,30,31,32,33,3D,4B,
5D,70,83,8C,8F,8C,86,84,84,8A,92,97,9B,A0,A2,A4,
A3,A3,A3,A2,A1,A0,A0,9F,9E,9D,9C,9B,9A,99,99,99,
98,98,99,99,99,99,9A,9B,9B,9B,9C,9C,9B,9A,98,98,
94,95,95,96,97,97,97,98,97,97,98,99,9A,9C,9D,9E,
A2,A1,9E,9C,9A,98,98,97,97,98,99,99,9A,9B,9B,9B,
99,99,99,99,99,98,98,98,97,97,97,98,98,98,99,99,
6D,6D,6D,6C,6B,6A,68,68,66,66,65,65,64,64,64,64,
63,63,63,62,61,5F,5E,5E,5E,62,6C,73,75,7B,87,8E,
94,99,9F,A4,A6,A6,A5,A5,A6,A7,A8,A8,A8,A8,A9,A9,
A8,A9,AA,AC,AE,AF,AC,A8,A0,9B,94,8D,88,82,7C,77,
74,69,59,50,51,52,53,56,5B,5D,5C,5C,5F,5E,5C,5D,
5D,5E,5F,60,61,61,61,61,63,64,66,67,68,68,68,67,
67,67,67,66,66,67,68,68,68,67,67,69,6D,73,78,7B,
79,77,75,73,73,73,73,74,75,74,74,74,74,73,73,73,
6F,72,75,74,6E,6E,7A,88,94,A1,AA,A3,91,83,7C,7A,
76,75,74,75,78,7D,82,85,88,87,86,84,80,7F,7F,7C,
76,75,74,74,70,62,4F,45,43,3F,39,38,3E,42,41,40,
34,2D,2D,2B,29,29,29,30,3E,45,47,44,42,3F,3A,37,
32,34,37,3A,3B,39,36,33,33,31,37,35,34,35,32,36,
3D,3D,3A,35,32,2F,30,36,42,49,47,43,40,3F,40,3A,
2E,2C,32,47,66,71,5D,4D,35,2C,30,41,58,73,85,8A,
83,81,81,8B,9B,A3,A3,A3,A6,A7,A8,AF,BA,BD,B8,B5,
B7,B4,B1,A7,9D,93,8B,90,A0,A8,AD,AF,B4,B7,B9,BA,
B2,AF,AB,A8,A5,A2,A0,A0,9F,9E,9E,9E,9F,A0,A1,A1,
A1,A1,A2,A4,A6,A7,A8,A8,A8,A9,AB,AD,AF,B2,B5,B8,
BA,BD,C0,C2,C3,C4,C4,C5,C4,C5,C5,C6,C7,C8,C8,C9,
C9,C9,CA,CB,CB,CD,CF,D0,D1,D1,D2,D3,D2,D2,D2,D3,
D4,D4,D2,CE,C5,B8,A7,9A,8C,7E,6B,5E,57,4E,41,37,
2F,2A,28,28,2B,2E,2F,38,47,57,61,78,95,9C,92,87,
7B,66,47,37,3A,3B,37,37,36,37,38,37,36,35,35,36,
37,37,38,39,3B,3D,3F,40,40,3F,3E,3B,38,35,32,31,
30,30,31,31,31,31,31,31,31,31,30,31,34,37,41,50,
64,76,87,8E,90,8C,87,84,86,8D,95,9A,9E,A2,A4,A5,
A3,A3,A2,A2,A1,A1,A0,A0,9F,9F,9D,9C,9B,9A,99,99,
98,99,99,99,99,99,99,9A,9B,9C,9C,9C,9B,9A,99,98,
95,95,96,96,96,97,97,97,97,97,97,98,9A,9B,9C,9D,
9F,9E,9B,97,95,93,93,93,95,96,97,99,9A,9A,9B,9B,
9A,9A,9A,99,99,99,99,99,98,98,98,98,98,99,99,9A,
6D,6D,6D,6C,6B,6A,68,67,66,66,65,65,64,64,64,64,
63,63,63,62,60,5F,5E,5E,5D,62,6C,73,75,7C,87,8F,
93,98,9F,A4,A6,A6,A5,A5,A6,A7,A8,A8,A8,A8,A8,A9,
A8,A9,AA,AC,AE,AF,AC,A8,A1,9B,94,8E,88,83,7C,77,
74,69,59,50,51,52,53,56,5C,5D,5C,5D,5F,5E,5B,5C,
5D,5E,5F,60,60,60,60,60,62,63,65,67,68,68,68,68,
67,66,66,66,66,67,68,68,68,68,67,69,6D,72,76,79,
78,77,75,74,73,73,74,75,75,75,74,74,73,74,74,74,
72,73,75,74,71,71,79,83,8A,96,9F,9C,90,85,7F,7D,
75,76,78,7B,7E,81,83,85,86,85,85,84,80,7E,7C,77,
76,72,6E,6A,63,56,47,3D,40,3C,38,39,42,4A,4B,46,
35,2E,2D,2C,2B,2A,27,2C,38,40,44,45,46,43,3E,3B,
36,39,3E,41,41,3D,38,34,34,33,37,36,34,34,32,35,
3C,3C,39,34,30,2B,29,2D,39,40,40,40,3F,3E,3D,34,
2E,2A,2A,3B,52,62,64,59,40,3A,4A,5F,74,84,82,82,
7D,81,87,95,A5,AA,A6,A4,A5,A8,AA,B1,BA,BD,BB,B9,
B9,B8,B6,AD,A1,94,88,8A,9B,A6,AE,B3,B7,B8,B6,B6,
AF,AB,A7,A3,A0,9D,9C,9D,9D,9E,9E,9E,9E,9F,A0,A1,
A1,A2,A3,A5,A7,A8,A9,A9,A9,AB,AC,AE,B0,B3,B6,B8,
BB,BE,C1,C3,C4,C4,C5,C5,C4,C5,C6,C7,C8,C9,C9,C9,
C9,CA,CB,CB,CC,CD,CF,D0,D1,D2,D3,D3,D3,D2,D3,D3,
D5,D5,D4,D1,C9,BC,AB,9E,90,83,72,65,5D,53,45,3A,
33,2D,2A,28,2B,2D,2C,34,48,54,5A,70,90,9B,94,89,
7E,68,49,38,3A,3B,37,36,36,38,39,39,37,36,36,37,
38,38,39,3B,3C,3E,3F,3F,3F,3E,3B,39,36,34,32,31,
31,31,32,32,32,32,31,31,30,30,30,32,38,3D,49,58,
6D,7D,8B,90,91,8C,86,85,88,90,98,9D,A0,A3,A5,A5,
A2,A2,A2,A1,A1,A1,A1,A1,A1,A0,9F,9E,9C,9B,9A,9A,
9A,9A,9A,9A,99,99,99,9A,9B,9C,9C,9C,9C,9B,9A,99,
97,96,96,96,96,96,96,96,97,97,97,98,98,99,9A,9A,
9B,99,96,92,8F,8E,8D,8D,92,93,95,97,99,9A,9B,9B,
9A,9A,9A,99,99,99,99,99,99,99,99,99,99,99,9A,9A,
6D,6D,6C,6B,6A,69,68,67,66,66,65,65,64,64,64,64,
63,63,63,62,60,5E,5D,5D,5D,61,6B,73,76,7C,88,90,
93,98,9F,A4,A6,A6,A6,A6,A7,A7,A8,A8,A7,A8,A8,A9,
A8,A9,AA,AC,AF,AF,AD,A9,A1,9C,94,8E,89,83,7C,77,
75,69,59,50,51,53,54,57,5C,5E,5D,5D,5F,5E,5B,5B,
5D,5E,5F,60,60,60,60,5F,61,62,65,67,68,69,69,68,
66,66,65,65,66,67,68,69,69,68,68,69,6C,70,74,77,
77,76,75,73,73,73,74,75,76,75,74,73,73,73,74,74,
75,73,73,74,75,77,7A,7E,87,8E,94,92,8C,85,80,7C,
76,78,7C,80,82,83,83,83,83,82,84,83,7F,7C,78,72,
72,6A,63,5C,54,4A,40,38,3C,3A,38,3A,42,4D,4F,49,
37,30,2F,2F,2F,2D,28,2B,35,3D,42,45,48,46,42,3F,
3C,3F,44,46,44,3F,3A,36,35,35,37,35,34,33,33,34,
3C,3C,38,35,32,2C,28,2A,33,3A,3C,40,43,44,42,39,
32,2D,27,31,3D,4F,65,62,4B,4C,66,79,87,8C,7C,7A,
7C,85,91,9F,AA,AA,A3,A0,A3,A7,AB,B1,B9,BC,BB,BB,
BA,BA,BB,B2,A6,96,88,88,98,A5,B0,B7,BB,B9,B3,B0,
AD,A9,A4,A0,9D,9B,9B,9C,9D,9E,9F,9F,9F,9E,9F,A0,
A2,A3,A4,A6,A8,AA,AA,AB,AC,AD,AE,B0,B2,B4,B7,B9,
BC,BE,C1,C3,C4,C5,C5,C5,C4,C5,C6,C7,C8,C9,C9,C9,
C9,CA,CB,CB,CC,CD,CF,D0,D1,D2,D3,D3,D3,D3,D3,D4,
D3,D4,D4,D1,CA,BE,AE,A2,94,87,75,68,5F,54,46,3B,
35,2E,2A,28,2B,2C,2B,33,48,51,53,68,8A,99,95,8B,
82,6C,4B,39,3A,3A,36,36,37,39,3B,3B,39,37,37,38,
39,39,3A,3C,3E,3F,3F,3F,3D,3B,39,36,34,33,32,31,
30,31,32,33,32,32,30,30,30,30,31,34,3C,45,52,61,
75,82,8C,90,8F,8A,85,85,8A,92,9A,9F,A2,A3,A4,A4,
A1,A1,A1,A1,A1,A1,A2,A2,A3,A2,A1,9F,9E,9C,9B,9A,
9C,9C,9C,9B,99,99,9A,9A,9C,9C,9D,9D,9C,9B,9A,9A,
98,98,97,96,96,95,95,95,96,97,97,97,97,97,97,97,
98,95,92,8E,8C,8B,8B,8B,8E,90,92,94,96,98,99,9A,
99,99,99,99,99,98,98,98,99,99,99,99,99,99,99,99,
6D,6C,6C,6B,6A,69,68,67,66,66,65,65,64,64,63,63,
63,63,63,62,5F,5D,5C,5C,5C,61,6B,73,76,7D,88,90,
94,99,9F,A5,A7,A7,A7,A6,A7,A8,A8,A8,A7,A7,A8,A9,
A8,A9,AB,AD,AF,B0,AD,A9,A1,9C,95,8F,89,83,7D,78,
75,6A,59,51,52,53,54,57,5D,5E,5D,5D,5F,5D,5B,5B,
5D,5E,5F,5F,60,60,60,60,61,63,65,67,68,69,69,69,
66,66,65,65,66,67,68,69,68,68,68,69,6B,6F,73,76,
76,75,74,73,73,74,75,75,76,75,74,73,73,73,73,74,
76,71,6E,72,78,7C,7C,7A,83,86,88,88,87,83,7E,7A,
77,7A,7F,83,84,83,81,80,80,7F,81,80,7D,7A,74,6D,
67,5C,54,4D,45,40,3D,37,37,36,37,39,3F,4A,4F,4A,
39,32,32,33,34,31,2B,2C,36,3B,3F,43,47,47,43,42,
43,45,46,45,42,3D,3A,38,38,38,36,35,33,33,36,37,
3D,3C,39,38,38,34,30,30,32,38,3B,43,4B,4E,4E,45,
35,2F,28,2B,2D,3F,60,67,57,60,7C,8A,90,8C,7B,7D,
81,8E,9B,A5,AA,A6,9F,9C,A2,A7,AC,B1,B8,BA,B9,BB,
BC,BC,BE,B7,AA,9A,8A,89,99,A7,B2,B8,BB,B8,B0,AB,
A9,A6,A2,9F,9C,9B,9C,9D,9F,A0,A0,A0,9F,9E,9F,A0,
A3,A4,A6,A8,A9,AB,AC,AC,AE,AF,B0,B1,B3,B5,B7,B9,
BC,BE,C1,C3,C4,C4,C4,C5,C4,C4,C5,C6,C7,C8,C8,C8,
C9,C9,CB,CB,CC,CD,CF,D0,D0,D1,D2,D3,D3,D3,D3,D3,
D2,D3,D3,D0,CA,C0,B1,A6,9A,8C,79,6A,60,55,47,3D,
36,2F,2B,28,2A,2C,2B,34,46,4D,4D,61,84,95,93,8B,
83,6E,4D,3A,3B,3B,36,37,38,3B,3D,3D,3B,39,39,39,
39,3A,3B,3D,3F,3F,3E,3D,3B,39,36,34,33,32,31,31,
30,31,32,32,32,31,2F,2E,30,31,32,37,42,4D,5C,6A,
7A,84,8C,8E,8D,88,85,86,8D,94,9D,A1,A2,A3,A3,A3,
A1,A1,A1,A1,A1,A1,A2,A2,A3,A3,A2,A0,9F,9D,9C,9C,
9D,9D,9C,9B,99,99,99,9A,9C,9C,9D,9D,9D,9C,9B,9A,
9A,99,98,97,96,95,95,94,96,96,97,97,96,96,95,95,
94,92,8F,8C,8A,89,8A,8B,8C,8D,8F,91,93,95,97,98,
98,99,99,99,99,99,99,99,99,99,98,98,98,98,98,99,
6C,6C,6B,6A,69,68,67,67,66,66,65,64,64,64,64,64,
63,63,63,61,5F,5D,5B,5B,5B,60,6A,72,75,7D,89,91,
95,9A,A0,A5,A7,A7,A7,A7,A7,A8,A8,A7,A7,A7,A8,A9,
A9,AA,AB,AD,B0,B0,AE,AA,A2,9C,95,8F,8A,84,7D,78,
75,6A,5A,51,52,53,54,57,5D,5E,5D,5D,5F,5D,5A,5B,
5D,5D,5E,60,60,61,61,61,62,63,65,67,68,69,69,68,
66,66,65,65,66,67,69,69,69,69,68,69,6B,6E,72,74,
75,75,74,73,73,74,75,76,76,76,75,74,73,73,73,73,
73,6D,6A,6F,78,7E,7C,78,7B,7C,7E,81,83,82,7D,78,
7A,7C,80,83,84,82,80,7E,7E,7C,7D,7D,7A,77,71,68,
5D,50,48,43,3D,3E,41,3F,3B,38,3A,3C,3D,46,4C,49,
3B,34,35,37,37,35,2E,2E,34,38,3B,3E,44,44,42,42,
48,47,44,3F,3A,37,37,38,3A,3B,35,33,32,34,3C,3D,
3B,39,36,38,3D,3C,37,36,35,39,3B,45,50,55,55,4D,
37,2F,2B,29,25,34,53,63,67,73,87,8C,8A,85,7B,82,
8B,97,A2,A7,A8,A3,9E,9D,A2,A8,AD,B2,B8,B9,B8,BA,
BD,BE,C0,BA,AE,9E,8E,8E,9E,AA,B4,B8,B9,B4,AC,A7,
A4,A2,A0,9E,9C,9B,9D,9F,A0,A1,A0,A0,9F,9F,A0,A0,
A4,A6,A7,A9,AA,AC,AD,AE,AF,B0,B1,B2,B3,B5,B7,B8,
BC,BE,C1,C3,C3,C3,C3,C4,C2,C3,C4,C5,C5,C6,C6,C6,
C8,C9,CA,CB,CB,CC,CE,CF,D0,D0,D2,D2,D2,D2,D2,D3,
D3,D3,D2,D0,CB,C2,B5,AB,9F,90,7C,6B,5F,54,47,3D,
38,30,2C,28,29,2A,2A,34,44,4B,4B,5D,80,92,93,8D,
85,6F,4E,3C,3C,3C,38,39,39,3C,40,40,3D,3B,3A,3B,
3A,3A,3C,3E,40,40,3E,3C,39,37,34,32,32,32,31,31,
31,31,32,32,31,30,2F,2E,2F,31,33,3A,48,56,66,74,
7E,86,8B,8C,8B,87,85,87,90,98,A0,A3,A3,A3,A2,A2,
A2,A2,A1,A1,A1,A1,A2,A2,A3,A3,A2,A1,A0,9F,9D,9D,
9C,9C,9B,9A,99,98,99,9A,9C,9D,9D,9D,9D,9C,9A,9A,
9B,9B,99,97,96,95,95,94,96,96,96,96,96,95,94,93,
91,8F,8D,8B,8A,8A,8B,8B,8C,8C,8D,8E,90,92,93,94,
98,98,98,99,99,99,9A,9A,99,99,98,98,98,98,98,98,
6C,6C,6B,6A,69,68,67,67,66,65,65,64,64,64,64,64,
63,63,63,61,5F,5C,5B,5A,5A,5F,6A,72,75,7D,89,91,
95,9A,A1,A5,A7,A7,A7,A7,A8,A8,A8,A7,A7,A7,A8,A9,
A9,AB,AC,AE,B0,B1,AE,AA,A2,9D,95,8F,8A,84,7D,78,
75,6A,5A,51,52,53,54,57,5D,5E,5D,5D,5F,5D,5B,5B,
5C,5D,5E,60,61,61,62,62,63,64,66,68,69,69,68,68,
67,66,66,65,66,67,69,6A,6A,6A,69,69,6A,6C,70,72,
75,75,74,74,74,75,76,77,77,76,76,75,74,73,72,72,
6D,69,66,6B,75,7C,7A,76,71,74,7B,81,83,81,7B,77,
7C,7E,80,82,82,81,7F,7D,7C,7A,7A,79,77,74,6E,65,
56,48,41,3E,3A,40,49,49,42,3C,3E,40,3E,45,4C,49,
3C,36,37,39,39,36,2F,30,32,35,37,3C,42,44,42,42,
47,44,3E,37,31,30,34,37,3B,3B,33,30,31,36,42,45,
39,36,32,36,3F,41,3C,39,37,3A,3A,44,4F,55,54,4B,
37,2D,2B,28,24,30,48,5E,71,7D,84,81,7F,7D,81,8A,
97,9F,A5,A6,A5,A2,9F,9F,A1,A7,AD,B3,B8,B9,B8,B9,
BC,BD,C0,BA,B0,A2,95,96,A3,AD,B4,B6,B5,B0,A8,A3,
A0,9F,9E,9F,9E,9D,9F,A1,A1,A0,9F,9F,9F,A0,A1,A1,
A5,A7,A9,AA,AB,AC,AD,AE,AF,B0,B1,B2,B2,B4,B6,B7,
BB,BD,C0,C2,C2,C2,C2,C2,C1,C2,C2,C3,C4,C4,C4,C4,
C7,C8,C9,CA,CB,CC,CD,CE,CF,D0,D1,D1,D1,D1,D2,D2,
D4,D4,D2,CF,CB,C3,B8,B0,A3,94,7E,6C,5F,53,46,3D,
38,31,2D,28,28,29,2B,36,42,49,48,5A,7C,90,94,91,
88,72,51,3D,3D,3C,38,39,3A,3E,42,42,3F,3C,3C,3C,
3B,3B,3D,3F,41,40,3E,3B,38,35,32,31,31,32,31,30,
30,30,30,30,2F,2E,2D,2C,2D,30,34,3E,4E,5E,6F,7D,
80,86,8A,8A,89,85,85,88,92,9A,A1,A4,A3,A2,A1,A1,
A3,A2,A1,A1,A1,A1,A1,A1,A2,A2,A2,A1,A0,9F,9E,9E,
9C,9C,9B,9A,99,99,9A,9B,9C,9D,9D,9D,9C,9B,9A,99,
9D,9C,9A,98,96,95,95,95,95,96,96,96,95,94,93,92,
90,8F,8E,8C,8B,8B,8C,8D,8D,8C,8B,8B,8C,8E,90,91,
96,96,97,97,98,99,99,99,99,99,98,98,97,97,97,97,
6C,6C,6B,6A,69,68,67,67,65,65,64,64,64,64,64,64,
63,63,63,61,5E,5C,5A,5A,59,5E,69,72,75,7C,89,91,
95,9A,A1,A5,A7,A7,A7,A6,A8,A8,A8,A7,A7,A7,A8,A9,
AA,AB,AC,AE,B1,B1,AE,AB,A2,9D,96,8F,8A,84,7D,79,
75,6A,5A,51,52,54,54,58,5C,5E,5D,5D,5F,5D,5B,5B,
5C,5C,5E,60,61,62,62,63,64,65,67,68,69,69,68,68,
68,67,66,66,66,67,69,6A,6B,6A,6A,69,69,6B,6E,71,
75,75,75,75,75,76,77,78,77,77,76,76,74,73,72,72,
69,66,65,69,72,79,78,75,6A,72,7C,84,85,81,7B,77,
7D,7E,80,81,81,80,7F,7E,7B,78,78,77,75,72,6D,64,
50,42,3C,3A,38,41,4D,4E,42,3A,3C,40,3F,46,4E,4B,
3D,37,39,3A,3A,36,2F,30,33,35,38,3D,44,46,45,45,
45,41,3A,31,2B,2B,31,36,3B,3B,31,2F,31,37,47,4B,
39,35,30,36,41,44,3F,3C,39,3A,3A,43,4D,51,4F,45,
33,27,29,28,27,33,46,5E,72,7E,7B,77,78,7D,8A,96,
9F,A4,A5,A3,A3,A1,9F,9F,A0,A6,AD,B3,B8,B9,B7,B8,
BB,BC,BF,BA,B2,A6,9A,9C,A7,B0,B5,B4,B2,AD,A5,A2,
9E,9E,9E,A0,9F,9F,A0,A3,A1,9F,9E,9E,9F,A1,A2,A2,
A6,A8,AA,AB,AB,AC,AE,AF,AF,B0,B0,B1,B2,B3,B5,B6,
BB,BD,C0,C1,C2,C2,C2,C2,C1,C1,C1,C2,C3,C3,C3,C3,
C6,C7,C9,CA,CA,CB,CD,CD,CE,CF,D0,D1,D1,D1,D1,D2,
D5,D4,D1,CE,CA,C4,BA,B2,A7,97,81,6E,61,54,47,3E,
36,30,2C,27,27,29,2C,39,3F,46,45,56,77,8C,93,92,
8C,76,54,3F,3D,3C,37,38,3A,3F,43,43,40,3D,3C,3D,
3B,3C,3D,40,41,41,3E,3B,37,35,32,31,31,32,31,30,
2F,2F,2F,2E,2D,2C,2B,2B,2C,30,35,40,51,64,75,82,
81,86,89,89,87,84,84,88,93,9A,A1,A3,A2,A0,A0,A0,
A3,A3,A2,A1,A0,A0,A1,A1,A2,A2,A2,A1,A1,A0,9F,9E,
9D,9D,9C,9B,9A,9B,9C,9D,9D,9D,9D,9D,9C,9B,9A,99,
9D,9C,9A,98,97,96,95,95,95,96,96,96,95,94,92,91,
91,91,8F,8E,8D,8D,8E,8E,8E,8D,8B,8A,8A,8C,8E,8F,
94,94,95,96,96,97,98,98,99,99,98,98,97,97,97,97,
6B,6B,6B,6A,69,68,67,67,64,64,64,64,63,63,63,63,
62,62,61,60,5D,5B,5A,5A,5A,5F,69,71,73,7B,87,8F,
97,9C,A1,A3,A4,A5,A5,A5,A6,A7,A7,A8,A8,A9,AB,AC,
AD,AD,AD,AE,B1,B2,AF,AA,A3,9A,93,8E,88,83,7F,7A,
75,6A,59,50,51,53,55,59,5D,5F,5D,5B,5D,5E,5C,5C,
5F,5E,5D,5E,60,62,63,64,64,64,65,66,68,69,68,68,
67,67,66,65,65,66,67,68,6A,6A,6B,6C,6D,6E,70,71,
73,72,72,73,76,79,7B,7B,7B,7A,78,76,76,76,74,70,
6A,68,64,68,70,73,6F,6D,69,73,7F,88,8C,87,7C,76,
7A,7E,80,7D,7C,7E,7F,7D,74,75,76,79,7A,75,6A,60,
4F,41,34,35,3F,47,49,47,3D,39,35,39,46,4E,50,51,
40,38,37,36,33,30,2B,2E,32,33,36,41,51,57,4F,47,
42,3E,3A,37,31,2C,2C,31,37,39,33,2E,2E,39,4C,51,
3D,34,2F,38,4E,50,3D,36,35,32,38,3E,46,4B,43,3E,
2D,2C,26,26,26,39,5C,6B,6C,6D,71,74,75,80,95,A4,
A4,A3,A4,A4,A0,9F,A1,A0,9E,A0,A5,AD,B6,BA,BA,B8,
B7,B8,BB,B9,B3,AA,A6,A6,AE,AE,AC,AC,AE,AB,A4,A0,
9D,9E,9F,A0,A1,A2,A4,A4,A0,9E,9D,A1,A4,A5,A4,A4,
A5,A7,A9,AB,AD,AD,AD,AD,AD,AE,AF,B0,B0,B1,B3,B4,
B7,B9,BD,C1,C2,C2,C1,C0,C1,C2,C3,C4,C5,C4,C3,C2,
CA,CA,CB,CA,C9,C9,C9,C9,CC,CD,CF,D0,D1,D1,D1,D0,
D2,D2,D3,D0,CA,C5,BE,B4,A8,99,87,76,63,53,46,3C,
34,2F,2A,28,28,2B,30,34,38,3E,44,56,6D,81,94,98,
93,7E,5D,45,3E,39,34,36,31,3A,46,49,41,3C,3C,3C,
3C,3D,3F,41,41,40,3C,3A,36,35,33,32,31,30,2E,2D,
2D,2E,2F,2E,2C,2A,29,29,2A,2E,35,41,52,65,77,82,
85,87,89,89,85,83,84,88,93,9A,A1,A2,A1,A0,A0,A1,
A2,A2,A1,A1,A1,A0,A0,A0,A1,A1,A1,A1,A0,A0,A0,A0,
9E,9E,9E,9E,9E,9E,9E,9E,9D,9D,9D,9D,9C,9C,9B,9B,
9C,9C,9B,9A,99,98,97,97,98,97,97,97,97,97,97,96,
95,95,94,93,91,8F,8D,8C,8B,8B,8A,8A,8A,8B,8B,8C,
8D,8E,90,91,94,96,98,99,9A,9A,9A,9A,9A,99,98,97,
6B,6B,6A,6A,69,68,67,66,64,64,64,64,64,63,63,63,
62,62,61,60,5D,5B,5A,5A,5A,5F,69,71,73,7A,87,8F,
96,9B,A0,A3,A4,A5,A6,A5,A7,A7,A8,A8,A8,A9,AB,AC,
AC,AC,AD,AE,B1,B2,AE,AA,A3,9A,93,8E,88,84,7F,7A,
76,6A,5A,50,51,53,55,58,5C,5E,5C,5B,5D,5E,5D,5D,
5F,5E,5D,5E,5F,62,64,64,64,64,65,66,68,69,68,68,
67,67,66,65,65,66,68,68,6A,6A,6B,6C,6D,6E,70,71,
74,73,74,76,78,7A,7A,7A,79,78,77,75,75,75,73,6F,
6C,6B,6A,6F,77,76,6D,68,67,71,7F,88,8A,86,81,7E,
7C,7D,7C,7B,7D,7F,7E,7B,75,75,75,76,78,75,6B,61,
4D,40,36,39,44,4B,49,45,39,35,32,39,48,52,53,53,
41,39,37,33,30,2E,2B,2F,35,39,3E,48,56,59,50,48,
3F,3B,37,34,2F,2B,2C,2F,34,36,31,2D,2D,3A,4E,53,
3E,37,33,3C,50,51,3D,35,30,30,39,41,47,47,3B,33,
2C,2A,22,27,33,49,67,73,68,68,6E,78,82,8F,9E,A7,
A5,A4,A6,A6,A3,A2,A3,A1,9E,9F,A3,AB,B4,B8,B8,B6,
B5,B6,B8,B9,B6,B1,AD,AC,AE,AB,A6,A5,A7,A4,9C,97,
96,99,9D,A0,A1,A2,A3,A4,A4,A1,A1,A3,A6,A6,A5,A5,
A7,A9,AB,AD,AE,AE,AD,AC,AD,AE,AE,AF,AF,AF,B1,B2,
B6,B8,BC,C0,C2,C2,C1,C0,C0,C1,C3,C4,C4,C3,C3,C2,
C8,C9,CA,CA,CA,C9,C9,C9,CA,CB,CE,D0,D2,D2,D2,D1,
D3,D2,D2,CF,CA,C6,BF,B5,A9,9A,88,77,65,55,48,3E,
36,31,2B,28,27,29,2E,33,36,3C,43,54,69,7E,94,9A,
96,82,61,49,41,3B,35,36,34,3B,46,49,42,3D,3C,3C,
3C,3D,3F,41,41,3F,3C,3A,36,35,33,32,31,30,2F,2E,
2E,2E,2F,2E,2D,2B,2B,2B,2D,31,39,46,57,6A,7A,84,
84,86,89,89,86,84,86,8A,94,9B,A1,A2,A0,A0,A0,A0,
A1,A1,A1,A1,A1,A0,A0,A0,A1,A0,A0,A0,A0,9F,9F,9F,
9E,9E,9E,9E,9E,9E,9E,9E,9D,9D,9D,9D,9C,9C,9B,9B,
9C,9C,9B,9A,9A,99,98,98,98,98,97,97,98,98,97,97,
95,95,95,94,92,90,8E,8D,8C,8C,8B,8B,8B,8B,8B,8C,
8C,8C,8E,8F,92,94,96,97,99,99,9A,9A,9A,99,98,98,
6A,6A,6A,69,68,67,66,66,65,65,64,64,64,64,63,63,
62,62,61,60,5D,5B,5A,5A,5A,5F,69,70,73,7A,86,8E,
95,9A,9F,A2,A4,A5,A6,A5,A7,A8,A8,A8,A8,A9,AA,AB,
AB,AB,AC,AD,B0,B1,AE,AA,A3,9A,93,8E,89,84,80,7B,
77,6B,5A,51,51,53,54,57,5B,5D,5C,5B,5E,5F,5E,5F,
60,5E,5D,5D,5F,61,64,65,64,64,65,67,68,69,69,68,
67,67,66,65,66,67,68,69,6A,6A,6B,6C,6D,6E,70,72,
74,75,77,7A,7B,7B,7A,79,77,77,76,75,75,74,72,70,
6D,70,74,7D,84,7F,6F,63,60,69,7A,83,81,81,87,88,
82,7E,7A,7A,7D,7F,7C,79,76,76,75,74,76,74,6A,5E,
4A,41,3B,41,4D,51,49,40,35,31,2E,39,4D,59,57,54,
44,3B,37,32,2F,2E,2D,33,3A,41,47,50,59,58,4D,45,
3A,36,32,2F,2C,28,29,2D,31,31,2C,2A,2C,39,4E,53,
3F,37,35,3E,50,51,3D,35,2E,31,3D,45,48,43,33,2A,
2A,27,20,2B,44,5D,71,78,66,67,71,82,94,A2,A9,A9,
A8,A8,AB,AD,AA,A8,A7,A4,A1,A1,A4,AB,B4,B9,B9,B7,
B5,B5,B6,B9,BA,B6,B2,AF,AF,AB,A5,A3,A5,9F,93,8B,
8F,96,9D,A2,A4,A4,A5,A6,A6,A4,A4,A6,A8,A8,A6,A6,
AB,AC,AE,AF,AF,AF,AE,AE,AD,AD,AD,AD,AD,AE,AF,B0,
B4,B7,BB,BF,C1,C1,C0,BF,C0,C1,C2,C3,C3,C3,C2,C1,
C4,C6,C8,CA,CA,CA,CA,CA,CB,CC,CF,D2,D4,D4,D4,D3,
D2,D1,CF,CD,C9,C6,BF,B5,A6,97,86,75,64,54,48,3E,
37,32,2C,28,27,28,2C,30,35,3B,43,53,64,7B,94,9D,
9A,86,67,50,45,3D,37,37,37,3C,45,48,42,3E,3D,3C,
3C,3D,3F,41,41,3F,3C,39,36,35,33,33,32,31,2F,2E,
2F,2F,30,2F,2E,2E,2E,2E,32,36,40,4E,5F,70,7F,87,
85,86,88,88,86,85,88,8D,96,9C,A1,A2,A0,9F,A0,A0,
A0,A0,A0,A0,A0,A0,A0,A0,A0,A0,A0,9F,9F,9F,9F,9E,
9E,9E,9E,9E,9E,9E,9E,9E,9D,9D,9D,9D,9D,9C,9B,9B,
9C,9C,9B,9B,9A,99,99,99,99,98,98,98,98,98,98,97,
95,95,95,94,93,92,91,90,8F,8E,8D,8C,8B,8B,8B,8B,
8A,8B,8C,8D,8F,91,93,94,97,98,98,99,99,99,99,99,
69,69,69,68,68,67,66,65,65,65,65,64,64,64,64,63,
62,62,61,60,5E,5B,5A,5A,5A,5F,69,70,73,7A,86,8E,
93,98,9E,A1,A3,A5,A6,A5,A8,A8,A8,A8,A7,A8,A9,AA,
AA,AB,AB,AD,B0,B1,AE,AA,A3,9A,93,8E,89,84,80,7B,
77,6B,5A,50,50,52,53,56,59,5B,5A,5A,5D,5F,5F,5F,
60,5E,5C,5C,5E,61,64,66,64,64,65,67,68,69,69,68,
67,67,66,65,66,67,68,69,6A,6A,6B,6C,6D,6E,70,72,
73,76,7A,7C,7D,7B,79,77,77,77,76,75,75,76,76,76,
77,7D,85,8D,92,86,6D,5C,52,58,6A,73,70,77,87,8E,
89,83,7C,7B,7D,7C,79,76,79,7A,77,74,72,6E,62,54,
46,41,41,4B,56,56,47,39,32,2E,2D,3A,51,5D,59,51,
43,37,32,2E,2E,30,2F,34,3D,45,4C,52,55,50,45,3E,
38,34,30,2E,2C,2A,2B,2D,31,31,2C,2A,2C,39,4C,51,
3C,35,34,3D,4D,4F,3F,38,32,36,43,49,49,41,30,28,
26,27,27,39,59,6F,77,79,6B,6F,7D,91,A3,AD,AE,A9,
A9,AA,AE,B0,AD,AA,A7,A3,A2,A2,A5,AB,B4,BA,BA,B9,
B7,B6,B7,B9,BA,B7,B2,AE,AB,A2,96,90,8F,8A,81,7D,
84,8D,97,9D,9E,9E,9F,A1,A4,A4,A5,A7,A9,A9,A8,A7,
AD,AD,AE,AE,AE,AF,AF,AF,AD,AD,AC,AC,AC,AE,AF,B0,
B3,B6,BA,BE,C0,C1,C0,C0,C0,C0,C1,C2,C2,C1,C1,C0,
C1,C3,C6,C9,CA,CA,CA,CA,CB,CC,CE,D0,D2,D3,D3,D3,
D1,CF,CE,CB,C8,C6,BE,B3,A5,95,82,71,60,52,46,3E,
37,32,2C,27,26,27,2B,2F,34,3C,47,55,62,78,95,A0,
9B,88,6D,56,47,3D,37,36,3A,3E,45,46,42,3E,3D,3C,
3C,3E,3F,41,41,3F,3B,38,35,35,34,33,33,32,31,30,
31,31,30,30,30,31,32,33,36,3C,47,56,67,77,82,88,
85,86,87,88,87,87,8B,90,98,9D,A1,A2,A0,9F,A0,A0,
A0,A0,A0,A0,A0,A0,A0,A0,A0,9F,9F,9F,9F,9E,9E,9E,
9E,9E,9E,9E,9E,9E,9E,9E,9D,9D,9D,9D,9C,9C,9C,9B,
9B,9B,9B,9B,9A,9A,99,99,99,99,98,98,98,98,97,97,
95,95,95,95,94,93,93,92,91,90,8F,8E,8D,8C,8C,8C,
8A,8B,8B,8C,8E,8F,90,91,94,95,96,97,99,99,99,99,
68,68,68,68,67,66,65,65,65,65,65,64,64,64,64,63,
62,62,62,60,5E,5C,5A,5A,5A,5E,68,70,72,7A,86,8E,
92,97,9D,A1,A3,A5,A6,A5,A8,A8,A8,A7,A7,A7,A8,A9,
AA,AA,AB,AC,B0,B1,AE,AA,A3,9A,93,8E,89,84,80,7B,
77,6B,5A,50,4F,50,51,54,58,5A,59,59,5D,5F,5E,5F,
5F,5E,5C,5B,5D,61,64,66,64,64,65,67,68,69,69,69,
68,67,66,65,66,67,68,69,69,6A,6B,6C,6C,6E,70,71,
73,76,7A,7C,7C,7A,78,77,78,78,77,76,76,79,7E,82,
8D,92,97,99,96,83,63,4D,43,45,52,5C,5D,6C,83,8E,
8D,87,82,7F,7D,7A,77,75,7C,7C,79,73,6B,61,52,44,
3F,3F,45,51,59,55,43,33,2F,2C,2D,3C,54,5F,57,4C,
3B,2F,29,28,2B,2F,2D,31,3A,42,48,4C,4D,47,3C,36,
35,32,2F,2E,2F,30,31,32,33,33,2E,2D,2F,38,48,4C,
37,31,35,3F,4C,4E,41,3B,39,3D,49,4D,48,3D,2C,26,
22,2C,39,4F,6C,7D,7C,7D,74,7C,8E,9F,A9,AE,AD,A9,
A6,A8,AD,AF,AA,A5,A1,9C,9D,9E,A1,A9,B3,BA,BC,BC,
B9,B9,B9,B9,B8,B3,AC,A7,A2,93,7E,71,6F,6F,70,75,
7B,83,8E,93,94,94,96,99,9D,9E,A1,A4,A7,AA,AB,AB,
AE,AD,AC,AC,AB,AC,AC,AC,AD,AC,AC,AC,AD,AF,B0,B0,
B2,B5,B9,BD,C0,C1,C1,C0,BF,C0,C1,C1,C1,C0,C0,BF,
BE,C1,C4,C7,C8,C9,C9,C9,C9,C9,CA,CC,CD,CF,D1,D2,
D0,CE,CD,CC,C9,C6,BE,B3,A6,95,80,6D,5B,4E,44,3C,
36,30,2A,27,26,27,2B,30,36,3F,4C,58,5F,74,95,A3,
9B,8A,72,5B,47,3B,37,36,3C,3E,44,46,41,3F,3E,3C,
3D,3E,40,41,41,3E,3A,37,35,34,34,34,34,33,32,31,
31,30,30,30,31,33,35,36,39,40,4D,5E,6E,7B,84,87,
85,85,86,87,87,88,8D,93,9B,9F,A2,A2,A0,9F,A0,A0,
9F,9F,9F,9F,9F,9F,9F,9F,9F,9F,9F,9F,9F,9E,9E,9E,
9E,9E,9E,9E,9E,9E,9E,9E,9D,9D,9D,9D,9C,9C,9C,9B,
9A,9A,9A,9A,9A,9A,9A,9A,9A,99,98,98,98,98,97,96,
95,95,95,95,95,94,94,94,93,92,91,90,8F,8E,8D,8D,
8B,8B,8B,8B,8C,8D,8E,8E,90,91,93,95,97,98,99,99,
68,68,68,67,67,66,65,65,65,65,64,64,64,64,63,63,
62,62,62,61,5F,5C,5B,5A,5A,5E,68,70,72,79,85,8D,
92,97,9D,A0,A3,A5,A6,A6,A8,A8,A8,A7,A6,A6,A7,A8,
AA,AA,AB,AC,AF,B1,AE,AA,A3,9A,93,8E,89,84,80,7B,
77,6B,59,4F,4F,50,50,53,57,59,58,58,5C,5E,5E,5F,
5E,5D,5B,5B,5D,60,63,65,64,64,65,67,69,6A,69,69,
68,67,66,66,66,67,68,69,69,6A,6B,6B,6C,6D,6F,71,
73,76,79,7A,79,78,77,78,7A,78,76,75,77,7E,88,91,
9F,A0,9C,95,8B,74,56,41,37,35,3C,47,51,64,7D,8B,
8D,8C,89,86,81,7C,78,75,78,78,75,6C,60,51,42,38,
3B,40,4A,53,56,4E,3D,2E,2B,2B,2F,3F,58,62,57,49,
37,2A,25,25,2A,2E,2C,30,35,3C,42,44,46,41,38,33,
2F,2C,2A,2B,2F,32,33,33,31,31,2E,2F,30,37,43,44,
34,31,39,44,4D,4D,43,3D,3C,40,4A,4C,44,37,27,23,
25,35,50,65,76,80,7F,81,7E,8B,9D,A8,A9,A9,AA,A9,
A8,AA,AF,AF,A7,A1,9C,98,99,9B,A1,AA,B3,BB,BF,C1,
BC,BC,BA,B7,B4,AD,A3,9A,90,82,6F,64,63,65,68,6D,
72,79,80,83,81,81,84,88,8E,90,94,97,9D,A4,AA,AD,
AD,AD,AC,AC,AB,AB,AB,AC,AC,AC,AC,AD,AE,AF,B0,B0,
B1,B4,B8,BC,BF,C0,C1,C0,C0,C0,C0,C1,C0,C0,BF,BE,
BD,C0,C3,C5,C7,C7,C7,C7,C7,C7,C8,C9,CB,CD,CF,D0,
CE,CC,CB,C8,C4,C1,B9,AF,A0,8F,7A,67,55,49,40,39,
34,2F,2A,27,26,28,2D,31,37,40,4D,56,58,6D,94,A5,
9C,8D,78,60,47,39,36,36,3C,3E,44,46,41,3F,3F,3D,
3E,3F,40,41,40,3D,39,36,34,34,33,34,34,33,32,31,
30,2F,2E,2E,30,33,36,38,3C,44,53,64,74,7F,84,85,
84,84,85,86,87,8A,90,96,9E,A1,A3,A2,A0,9F,A0,A0,
9F,9F,9F,9F,9F,9F,9F,9F,9F,9F,9F,9E,9E,9E,9E,9E,
9E,9E,9E,9E,9E,9E,9E,9E,9D,9D,9D,9C,9C,9B,9B,9B,
9A,9A,9A,9A,9A,9A,9A,9A,9A,99,98,98,98,98,97,96,
94,94,95,95,95,95,95,95,95,94,93,92,91,90,8F,8E,
8C,8B,8B,8B,8B,8B,8B,8B,8D,8E,90,93,95,96,97,98,
68,68,67,67,67,66,65,65,64,64,64,64,64,63,63,63,
62,63,63,62,5F,5D,5B,5A,5A,5E,68,6F,72,79,85,8D,
92,97,9D,A0,A3,A5,A6,A6,A8,A9,A8,A8,A7,A7,A8,A9,
AA,AA,AB,AD,B0,B1,AE,AA,A3,9A,93,8E,88,84,7F,7A,
77,6B,59,4F,4F,4F,50,53,57,5A,59,58,5C,5E,5E,5F,
5D,5C,5B,5B,5D,60,63,64,64,64,65,67,69,6A,6A,69,
69,68,67,66,66,66,67,68,69,69,6A,6B,6C,6D,6F,70,
74,76,78,77,76,76,78,7A,7C,79,75,74,77,81,91,9E,
A5,A0,92,81,72,5F,48,39,33,2E,2E,3A,4D,63,79,87,
8F,92,93,90,89,82,7A,73,6D,6C,69,60,52,43,3A,36,
3F,47,51,54,50,44,34,28,28,2B,33,45,5E,67,5B,4C,
38,2C,28,27,2B,2E,2E,32,33,39,3E,41,44,40,37,32,
2B,29,27,28,2D,30,31,2F,2D,2E,2D,30,32,37,40,40,
38,35,3E,46,4A,4B,43,41,3D,3F,46,45,3B,2F,24,24,
33,46,68,76,78,7D,7D,83,8B,98,A8,AD,A8,A6,A9,AB,
AD,B0,B5,B3,A9,A0,9C,99,9B,9F,A6,AD,B5,BC,C1,C3,
BF,BC,B8,B3,AE,A4,96,8A,7A,72,68,67,6C,6B,67,67,
6B,6E,6F,6D,68,67,69,6D,78,7A,7C,80,89,95,A1,A7,
A8,A9,AB,AC,AD,AE,AD,AD,AC,AC,AC,AD,AF,AF,AF,AE,
B0,B2,B7,BB,BE,C0,C0,C0,C0,C0,C0,C0,C0,BF,BF,BE,
BD,BF,C2,C4,C5,C5,C5,C5,C7,C8,C9,CA,CB,CC,CC,CC,
CB,C8,C4,BE,B7,B2,AA,A1,92,82,6F,5F,50,45,3D,37,
34,2F,2A,27,27,29,2E,33,38,3E,49,4E,4C,64,92,A7,
9F,91,7F,65,47,38,36,37,3C,3F,45,46,42,40,40,3E,
3F,40,41,41,40,3D,38,35,33,32,32,33,33,33,32,31,
30,2F,2D,2D,30,34,38,3A,3F,48,57,69,78,81,84,83,
82,82,83,85,88,8C,94,9A,A0,A3,A4,A2,A0,A0,A0,A0,
9F,9F,9F,9E,9E,9E,9E,9E,9E,9E,9E,9E,9E,9D,9D,9D,
9D,9D,9D,9D,9D,9D,9D,9D,9D,9D,9C,9C,9B,9B,9B,9B,
9A,9A,9A,9A,9B,9B,9B,9B,9B,9A,99,99,98,98,97,96,
95,95,95,95,96,96,96,96,96,95,95,94,92,91,90,90,
8E,8D,8C,8C,8B,8A,8A,8A,8C,8D,8F,91,92,94,94,95,
67,67,67,67,67,66,65,65,64,64,64,64,63,63,63,63,
63,63,63,62,60,5D,5B,5A,5A,5E,68,6F,72,79,85,8D,
92,97,9D,A0,A3,A5,A6,A6,A9,A9,A9,A8,A7,A7,A8,A9,
AA,AB,AB,AD,B0,B1,AE,AA,A3,9A,93,8E,88,83,7F,7A,
78,6B,5A,4F,4F,50,50,53,58,5A,59,59,5C,5E,5E,5F,
5D,5B,5A,5B,5D,60,62,64,64,64,65,67,69,6A,6A,69,
69,68,67,66,66,66,67,68,68,69,6A,6A,6B,6D,6F,70,
74,76,77,76,74,75,78,7C,7D,79,74,72,77,83,97,A6,
A7,9D,87,6F,5E,4E,3C,32,33,2C,29,35,4E,65,78,85,
92,98,9C,98,90,87,7B,71,61,60,5E,56,49,3C,38,3A,
47,4F,57,55,4C,3D,2E,24,27,2D,36,4A,63,6C,5F,50,
39,2F,2B,2A,2B,2E,2E,35,34,3A,3E,41,44,40,37,32,
2C,2A,28,29,2D,2F,2E,2C,2C,2D,2E,33,35,39,42,40,
3F,3A,41,45,46,47,44,44,3D,3C,41,3D,33,2A,24,29,
44,57,79,81,78,79,7B,83,96,A1,AF,B0,A8,A5,A9,AC,
B2,B5,B9,B6,AA,A0,9C,9A,9F,A3,A9,B0,B6,BB,BF,C1,
C1,BC,B5,AF,A9,9E,8C,7C,76,6F,6A,70,78,77,71,6E,
6F,6F,6C,65,5D,5A,5B,5F,65,67,69,6C,76,87,97,A0,
9F,A2,A6,AB,AE,AE,AE,AD,AC,AC,AC,AD,AE,AF,AE,AC,
AF,B2,B6,BA,BD,BF,C0,C0,C0,C0,C0,C0,C0,BF,BE,BE,
BE,BF,C1,C3,C3,C4,C4,C4,C7,C8,CA,CA,CA,C9,C7,C5,
C8,C4,BD,B4,A9,A2,9A,91,87,78,68,5A,4E,45,3F,39,
34,2F,2A,28,28,2A,2F,34,38,3C,44,46,42,5D,90,A9,
A2,95,83,69,48,37,37,38,3B,3F,45,47,43,40,41,40,
40,40,41,41,40,3C,38,34,32,32,32,32,33,33,31,30,
31,2F,2D,2E,31,36,3A,3C,41,4A,5A,6C,7B,83,84,82,
80,80,81,84,88,8D,96,9C,A1,A4,A4,A2,A0,A0,A0,A1,
9F,9F,9F,9E,9E,9E,9D,9D,9E,9E,9D,9D,9D,9D,9C,9C,
9D,9D,9D,9D,9D,9D,9D,9D,9D,9D,9C,9B,9B,9B,9B,9B,
9A,9A,9A,9B,9B,9C,9C,9C,9B,9B,9A,99,99,98,97,97,
95,95,95,96,96,96,97,97,96,96,95,94,93,92,92,91,
90,8F,8E,8D,8C,8B,8B,8A,8C,8C,8E,90,91,92,92,92,
68,68,68,68,67,66,65,64,64,64,63,63,62,62,62,62,
63,63,63,62,5F,5D,5C,5B,5A,5F,68,70,73,7A,86,8E,
93,98,9E,A2,A4,A4,A6,A7,A7,A7,A8,A8,A8,A9,AA,AB,
AC,AC,AC,AE,B2,B3,AF,AA,A0,9A,92,8C,88,82,7C,79,
77,6B,5A,50,50,51,52,55,59,5B,5A,5A,5D,5D,5D,5F,
5D,5C,5A,5A,5C,5F,62,64,63,64,65,66,68,69,69,69,
68,67,66,65,65,66,67,68,67,68,69,6A,6B,6C,6E,70,
75,78,7A,79,76,75,78,7A,7C,78,73,72,79,87,99,A4,
A2,93,7E,66,50,43,3C,36,36,37,31,3A,51,66,7E,8E,
9E,A5,A0,99,91,84,77,6A,5E,59,55,51,47,41,44,48,
53,5A,5D,55,45,36,2A,23,25,2F,3D,52,65,70,6D,5B,
43,34,2F,2D,26,29,33,36,3B,3C,3C,41,46,43,3B,38,
37,35,2B,2B,2E,2E,30,2F,2C,2F,34,38,3D,43,49,4D,
4A,45,42,40,3E,40,42,41,38,33,38,34,2C,28,29,38,
5B,75,7E,7C,77,72,7B,89,9C,A5,AA,AC,B1,AF,AE,B3,
B8,BC,BE,B9,AC,A1,9E,A0,A5,A9,AD,B2,B7,B9,BA,BE,
BF,BF,B8,AB,9C,8B,7D,76,79,80,82,82,81,80,7E,7E,
7C,7B,76,6D,61,58,56,57,5C,5B,5B,5F,68,75,85,91,
91,98,A0,A6,AC,AF,AF,AD,AD,AD,AE,AF,AE,AB,A9,A9,
AC,AF,B4,B8,BC,BE,C0,C1,C0,C0,C0,BF,BE,BE,BE,BF,
BE,BF,C0,C0,C1,C2,C5,C7,C9,CA,CB,CA,C8,C4,C0,BE,
C1,BB,B0,A4,97,8C,84,80,77,70,65,5A,52,4C,47,42,
38,32,2B,28,28,29,2E,33,37,39,3C,3D,36,53,8F,A9,
A5,9B,8E,72,4A,36,38,3A,3B,3F,47,4A,45,43,43,42,
40,41,42,42,3F,3B,36,33,31,31,32,32,32,31,31,30,
33,31,2F,30,35,38,3B,40,44,50,5E,6E,7D,84,83,83,
80,80,80,83,89,91,99,9E,A3,A3,A3,A2,A1,A1,A0,A0,
9E,9E,9D,9D,9D,9D,9D,9D,9E,9E,9E,9D,9D,9D,9C,9C,
9C,9C,9C,9C,9C,9C,9C,9C,9C,9C,9C,9B,9B,9B,9A,9A,
99,99,9A,9A,9B,9B,9C,9C,9B,9A,99,99,99,98,97,97,
97,97,96,96,96,96,96,96,97,97,96,96,95,95,94,94,
91,91,90,90,8E,8D,8C,8B,8C,8C,8D,8D,8E,8F,90,91,
69,69,69,68,68,66,65,65,65,64,64,63,63,62,62,63,
63,63,63,62,5F,5D,5C,5B,5A,5E,68,70,72,79,85,8D,
93,98,9E,A2,A4,A4,A5,A6,A7,A8,A9,A9,A9,A9,AA,AB,
AD,AC,AC,AE,B2,B3,B0,AB,A2,9B,92,8C,87,81,7C,79,
77,6B,5A,50,50,51,52,56,5A,5C,5B,5A,5D,5D,5D,5F,
5D,5C,5A,5A,5C,5F,62,64,63,63,65,66,68,69,69,69,
68,67,66,65,65,65,66,67,67,67,68,69,6A,6C,6E,70,
75,78,7A,7A,78,77,77,79,7A,78,75,75,7B,89,98,A3,
9F,93,81,68,4F,3F,38,34,35,36,33,3B,4C,63,81,95,
A3,A3,97,8C,82,75,6B,62,58,53,51,4D,44,40,45,4B,
59,5E,5E,53,42,34,2D,2B,2C,35,3F,52,63,6F,6F,61,
44,36,30,2D,25,29,35,3A,3B,3B,3B,3F,44,42,3C,39,
3F,3C,30,2C,2E,2C,2E,2E,2B,2D,30,34,3A,41,49,4E,
4B,48,47,44,3E,3C,3D,3D,36,31,30,2B,26,29,37,4B,
71,83,86,7E,76,75,84,93,A0,A5,A8,AB,B3,B4,B3,B7,
BB,BD,BD,B6,AA,A0,9E,A1,A7,AD,B2,B6,BA,BB,B9,BB,
BB,B7,AB,9E,92,86,7C,7A,86,8A,8B,89,8A,89,87,88,
86,84,7F,74,67,5B,55,54,55,52,50,52,59,63,70,79,
7D,85,90,9A,A2,A8,AA,AA,AB,AC,AF,B0,AF,AC,AA,A9,
AC,AF,B3,B7,BA,BC,BE,BF,BF,C0,C0,BF,BE,BE,BE,BE,
BF,C0,C0,C1,C1,C2,C4,C6,CA,C9,C8,C5,C0,B9,B2,AF,
B0,A9,9D,90,85,7B,75,71,6C,67,5F,57,52,4E,49,45,
3A,33,2C,29,28,2A,2E,32,34,36,38,38,34,52,8F,AB,
AA,A0,92,76,4F,3A,3B,3D,3A,3F,47,49,44,42,43,42,
40,41,42,41,3E,3A,36,33,30,31,31,31,31,31,30,30,
32,32,30,31,36,39,3D,43,47,54,62,70,7E,83,82,82,
7F,7F,80,84,8A,92,9A,9F,A3,A3,A3,A3,A2,A1,A1,A0,
9E,9D,9D,9D,9D,9D,9D,9D,9D,9D,9D,9D,9C,9C,9C,9C,
9C,9C,9C,9C,9C,9C,9C,9C,9C,9C,9C,9B,9B,9A,9A,9A,
99,99,9A,9A,9B,9B,9C,9C,9B,9A,99,99,99,98,98,97,
97,97,96,96,96,96,96,96,96,96,96,96,95,95,95,95,
93,92,92,91,90,8E,8D,8D,8D,8D,8D,8D,8D,8E,8E,8E,
69,69,69,69,68,67,66,65,64,64,64,63,63,62,62,62,
63,64,63,62,5F,5D,5C,5B,5B,60,6A,71,73,79,86,8F,
94,99,9F,A2,A4,A4,A5,A6,A8,A9,A9,A9,AA,AA,AB,AD,
AD,AD,AD,AF,B2,B4,B0,AB,A3,9C,93,8C,87,81,7B,78,
76,6B,5A,50,51,52,53,57,5B,5D,5B,5B,5D,5D,5C,5E,
5D,5B,5A,5A,5C,5F,62,64,63,63,64,66,68,69,69,68,
67,67,65,64,64,64,65,66,66,67,68,69,6A,6C,6E,6F,
73,76,7A,7B,7A,78,77,76,78,78,78,7A,81,8C,98,A0,
9E,97,8B,74,56,40,36,31,2F,32,34,3B,45,5C,82,99,
9E,96,80,70,66,5A,54,4E,4E,4A,49,45,3E,3D,44,4B,
58,5C,5A,4D,3D,32,31,34,35,3B,41,4F,5D,69,6E,64,
42,34,2E,2B,23,28,37,3E,3C,3A,38,3B,41,41,3D,3C,
44,40,32,2C,2B,29,2B,2B,2A,2A,2A,2C,30,38,42,49,
49,4C,4F,4B,40,39,38,37,31,2D,25,21,20,2C,4C,67,
85,8E,8B,81,77,7A,8F,9E,A5,A6,A6,AA,B3,B7,B8,BA,
BD,BC,B8,AF,A3,9B,9C,A1,AA,B2,B6,B8,BC,BB,B7,B5,
BA,AE,9A,8B,85,82,83,89,90,92,90,8D,8E,8F,8E,8F,
91,90,8A,7F,71,63,58,53,50,4B,47,47,4B,51,58,5D,
64,6D,7A,87,93,9C,A1,A3,A7,AA,AF,B1,B1,AE,AB,AA,
AC,AE,B1,B4,B7,BA,BC,BE,BF,BF,BF,BF,BE,BD,BD,BE,
C0,C0,C0,C1,C1,C2,C3,C4,C5,C4,C0,B9,B1,A7,9E,99,
94,8D,81,76,6C,66,62,60,60,5E,59,54,51,4E,49,45,
3C,34,2D,2A,2A,2A,2D,31,33,34,34,35,33,53,91,AE,
AC,A3,95,78,53,3E,3D,3E,3A,3E,45,47,43,41,42,42,
40,41,41,40,3D,39,35,32,30,30,31,31,31,31,30,30,
32,33,31,32,37,3B,40,46,4D,59,67,74,7F,83,81,80,
7E,7F,81,85,8C,94,9C,A0,A2,A2,A3,A3,A3,A2,A0,9F,
9D,9D,9D,9C,9C,9C,9C,9D,9C,9C,9C,9C,9C,9B,9B,9B,
9B,9B,9B,9B,9B,9B,9B,9B,9C,9B,9B,9B,9A,9A,9A,99,
99,99,9A,9A,9B,9B,9B,9C,9B,9A,9A,99,99,99,98,97,
97,97,96,96,95,95,95,95,95,95,95,96,96,96,96,96,
94,94,93,93,92,90,8F,8F,8F,8E,8E,8D,8C,8C,8C,8C,
6A,6A,6A,69,68,67,66,66,64,64,63,63,62,62,62,62,
63,63,63,62,5F,5D,5C,5B,5B,60,6B,72,73,7A,86,8F,
95,99,9F,A3,A4,A5,A6,A7,A9,A9,AA,AA,AA,AB,AC,AD,
AD,AD,AD,AF,B2,B4,B1,AC,A4,9C,93,8C,87,81,7C,79,
76,6A,59,50,51,52,53,57,5B,5D,5C,5B,5D,5D,5C,5E,
5D,5B,5A,5A,5C,5F,62,64,63,63,64,66,67,68,68,67,
67,66,64,63,63,63,64,65,65,66,67,68,69,6B,6D,6F,
71,75,79,7C,7B,79,76,74,77,7A,7E,83,89,90,97,9B,
9B,9A,95,81,62,46,35,2C,29,2E,34,3B,3F,56,80,98,
97,88,6D,5E,57,4F,4B,47,4C,47,43,40,3C,3F,48,4E,
54,55,52,48,3B,35,38,3D,3D,40,42,49,52,5D,66,61,
40,33,2D,29,24,2B,3B,41,3D,39,34,35,3B,3D,3D,40,
47,45,37,30,2F,2D,2F,2E,2C,2A,27,26,28,2E,38,40,
45,4D,57,55,47,3C,37,33,2F,2C,1F,1C,20,32,5D,7A,
8C,8F,8C,86,7F,86,9C,A7,A8,A8,A8,AB,B0,B5,B9,BC,
BF,BB,B4,A9,9D,99,9D,A3,AD,B5,B9,B8,BA,B9,B3,AD,
AC,9D,8A,80,80,82,87,90,92,93,90,8D,8D,8E,8F,92,
95,95,91,87,7A,6C,60,59,54,4F,49,47,48,4A,4C,4E,
54,5C,69,76,83,8E,96,9A,A1,A7,AD,B0,B1,B0,AE,AC,
AC,AD,AF,B1,B4,B8,BB,BE,BE,BF,BF,BF,BE,BD,BD,BD,
C0,C0,C0,C0,C0,BF,BF,BE,BB,B7,B0,A7,9D,93,89,83,
7F,79,71,69,63,61,60,5F,60,5F,5C,58,54,50,4A,45,
3F,37,2F,2C,2C,2B,2C,2F,34,36,35,36,36,55,91,AE,
AB,A3,94,78,56,42,3D,3D,3A,3C,42,44,40,3F,41,41,
40,41,41,3F,3C,38,34,31,2F,30,31,32,32,31,31,30,
33,34,33,34,38,3C,42,49,52,5F,6C,77,80,82,7F,7F,
7E,7F,82,87,8E,97,9D,A1,A1,A1,A2,A3,A3,A1,9F,9E,
9D,9C,9C,9C,9C,9C,9C,9C,9C,9C,9C,9C,9B,9B,9B,9B,
9B,9B,9B,9B,9B,9B,9B,9B,9B,9B,9A,9A,9A,99,99,99,
99,99,9A,9A,9B,9B,9B,9C,9B,9B,9A,99,99,99,98,97,
97,97,96,95,95,95,95,95,95,95,95,95,96,96,96,96,
95,95,94,94,93,92,91,90,8F,8F,8E,8D,8C,8C,8C,8B,
6A,6A,6A,69,68,67,66,66,65,64,64,63,63,63,63,63,
63,63,63,61,5F,5D,5B,5B,5B,60,6A,71,73,79,86,8F,
94,99,9F,A3,A5,A6,A7,A8,A9,AA,AA,AA,AA,AA,AC,AD,
AD,AD,AE,AF,B2,B4,B1,AD,A4,9C,93,8D,88,82,7C,7A,
75,69,59,4F,50,52,53,56,5A,5C,5A,5A,5C,5C,5B,5D,
5D,5C,5A,5B,5D,60,62,64,63,63,64,65,67,68,67,67,
66,65,64,62,62,62,63,64,65,65,67,68,69,6B,6D,6F,
70,74,78,7B,7B,79,76,75,79,7E,86,8D,91,94,96,97,
96,97,96,87,6A,4D,38,2C,2D,31,35,3B,3E,53,7C,94,
8D,7E,63,57,56,53,4F,4B,4D,47,44,43,43,49,53,58,
54,51,4B,42,3B,3B,40,46,46,46,43,44,48,52,5E,5C,
43,34,2D,2B,28,31,40,44,3D,37,30,30,35,38,3C,43,
4D,4D,43,3C,3A,37,37,35,30,2C,28,26,25,29,32,3A,
43,4E,5B,5B,4E,41,39,32,30,2C,1E,1D,26,3D,69,83,
8C,8D,8B,8B,8C,95,A7,AE,AB,AC,AE,AF,AE,B1,B8,BD,
C0,BB,B1,A6,9C,9A,A1,AA,B1,B8,BA,B8,B7,B2,A8,A0,
8F,87,7E,7E,83,83,83,86,8F,91,8F,8B,8A,8A,8C,92,
94,95,93,8B,7F,74,6A,63,5E,58,52,4F,4E,4D,4C,4C,
4F,54,5D,69,74,80,8B,91,9A,A1,A8,AC,AF,B0,AF,AE,
AC,AD,AE,AF,B2,B5,B9,BC,BD,BE,BF,BF,BE,BC,BC,BC,
BE,BE,BE,BE,BD,BB,B7,B5,AE,A8,9E,93,89,7F,77,71,
6E,6B,67,64,63,63,64,65,68,67,64,60,5B,56,4F,49,
42,3B,34,30,2E,2C,2C,2D,36,3A,38,38,39,56,8D,A8,
A8,A0,90,77,5A,46,3E,3B,39,3A,3F,41,3E,3F,40,40,
40,40,40,3E,3B,37,34,31,30,31,32,33,33,33,32,32,
33,35,34,34,38,3C,43,4C,58,64,71,7A,81,81,7F,7F,
7F,80,83,89,91,99,9F,A2,A0,A1,A2,A3,A3,A2,9F,9D,
9C,9C,9C,9B,9B,9B,9B,9B,9C,9C,9B,9B,9B,9B,9B,9B,
9A,9A,9A,9A,9A,9A,9A,9A,9A,9A,9A,99,99,99,98,98,
9A,9A,9A,9B,9B,9B,9C,9C,9B,9B,9A,9A,9A,99,99,98,
97,96,96,95,95,94,94,94,94,94,95,95,95,96,96,96,
95,94,94,94,93,92,91,91,90,8F,8F,8E,8E,8D,8D,8D,
6A,6A,69,68,68,67,66,66,66,66,65,65,64,64,64,64,
63,63,62,61,5F,5C,5B,5A,5C,60,6A,72,74,7B,88,90,
93,98,9E,A3,A5,A6,A7,A9,AA,AA,AA,AA,A9,AA,AB,AC,
AC,AD,AE,AF,B2,B3,B1,AE,A4,9D,94,8E,89,83,7D,7A,
74,68,58,4E,4F,50,51,54,58,59,58,58,5B,5B,5A,5C,
5D,5C,5B,5B,5E,60,63,64,63,63,64,65,66,67,67,66,
65,64,63,62,61,62,63,63,64,65,66,67,69,6B,6D,6F,
72,75,78,7A,79,79,79,79,7E,84,8D,93,96,96,95,94,
93,94,95,8A,73,5B,49,3D,40,40,3C,3E,43,54,74,87,
87,7A,62,57,56,52,4E,48,47,44,44,46,48,50,59,5D,
57,50,46,3D,3A,3D,44,4B,50,4C,43,40,40,4A,59,5B,
46,37,2E,2B,28,32,40,43,3C,37,2F,2D,30,32,39,43,
4F,53,4C,47,43,3D,39,34,2F,2C,29,28,27,29,30,38,
42,4A,54,55,4B,43,3B,33,2D,29,22,27,38,54,77,8C,
89,8A,86,8D,97,A0,AB,AE,AD,AF,B3,B4,B0,B2,B9,BD,
BF,B8,AE,A3,9C,9D,A7,B0,B5,B8,B6,B1,AC,A2,93,8A,
7E,7A,76,79,80,81,7E,7E,84,86,85,81,7F,7E,82,89,
90,93,91,89,7F,77,71,6C,65,60,5B,59,57,54,52,52,
53,56,5B,63,6B,76,81,8A,92,99,A1,A4,A8,AB,AD,AD,
AC,AC,AD,AE,B0,B3,B6,B9,BC,BD,BE,BE,BD,BC,BB,BB,
BC,BC,BB,BB,BA,B5,AE,AA,A1,99,8E,82,79,71,69,64,
62,61,61,61,63,65,66,67,69,68,66,61,5D,58,52,4D,
45,3F,39,36,31,2D,2C,2D,36,3C,39,39,3A,52,84,9D,
A1,9A,8A,73,5C,4A,3E,39,3A,39,3B,3E,3D,3F,41,3F,
40,40,3F,3E,3B,37,34,32,31,31,33,34,35,34,34,33,
34,35,34,34,37,3C,45,50,5E,6B,77,7E,82,81,7F,7F,
80,82,85,8C,94,9B,A0,A2,A0,A1,A2,A4,A5,A3,A0,9D,
9C,9B,9B,9B,9B,9B,9B,9B,9B,9B,9B,9B,9B,9B,9B,9B,
9A,9A,9A,9A,9A,9A,9A,9A,9A,99,99,99,98,98,98,97,
9A,9A,9A,9A,9B,9B,9B,9B,9B,9B,9A,9A,9A,9A,99,98,
96,96,95,95,94,94,94,94,94,94,94,95,95,95,95,95,
94,94,94,93,93,92,91,91,90,90,90,8F,8F,8F,8F,8F,
69,69,69,68,67,66,66,65,66,66,65,64,64,64,64,64,
62,62,62,61,5E,5C,5A,5A,5C,5F,68,71,75,7C,88,8F,
91,96,9D,A2,A4,A6,A8,A9,AB,AB,AB,AA,A9,AA,AB,AC,
AC,AD,AE,AF,B1,B3,B1,AE,A5,9E,96,90,8A,83,7D,79,
73,67,57,4D,4D,4E,4F,51,55,57,56,56,59,59,59,5B,
5E,5C,5B,5C,5E,61,63,64,63,63,64,65,66,67,66,65,
64,64,62,61,61,62,63,63,64,65,66,67,69,6B,6D,6F,
74,77,79,7A,79,79,7C,7F,85,8B,92,97,98,96,94,92,
93,95,98,92,81,70,63,5B,5F,5A,4E,4B,51,5A,69,73,
80,79,64,57,53,4E,4B,45,3F,40,46,4A,4D,53,5B,5E,
59,51,46,3E,3C,3F,47,4E,55,4F,42,3B,3A,45,57,5C,
4C,3C,31,2A,25,2E,3D,40,3B,36,30,2D,2D,2D,34,3F,
4C,54,51,4E,4A,40,38,30,2C,2B,2A,2A,29,29,2F,36,
3F,41,44,43,3F,3F,3C,35,2C,29,2D,39,52,6F,82,8E,
85,86,82,8D,A0,A8,AA,A9,AD,AE,B4,B7,B4,B7,BC,BD,
BC,B5,AC,A3,9E,A1,AC,B6,BA,B6,AC,A1,96,88,79,72,
78,75,6F,6F,75,77,76,75,74,74,70,6C,6B,6A,6E,76,
84,87,85,7D,74,70,6E,6C,67,64,61,61,60,5E,5E,5E,
60,60,62,65,6A,71,7C,84,8B,92,98,9B,9E,A4,A8,A9,
A9,AA,AB,AC,AE,B2,B6,B8,BB,BD,BE,BE,BD,BC,BB,BA,
BA,B9,B9,B8,B6,AF,A6,9F,94,8C,81,77,70,69,62,5D,
5E,5E,5E,5F,61,63,64,64,61,60,5E,5A,57,54,50,4C,
48,44,3F,3B,35,2E,2C,2D,36,3C,38,37,38,4D,7A,92,
9B,94,84,70,5E,4D,3F,37,3B,38,39,3C,3E,41,42,3F,
40,3F,3F,3D,3B,37,34,32,31,32,34,35,35,35,35,34,
33,35,34,34,37,3D,48,55,65,71,7C,81,83,81,7F,80,
82,84,88,8E,96,9C,A0,A1,9F,9F,A1,A3,A4,A3,9F,9B,
9B,9B,9B,9A,9A,9A,9A,9B,9A,9A,9A,9A,9A,9A,9A,9A,
99,99,99,99,99,99,99,99,99,99,99,98,98,97,97,97,
99,99,9A,9A,9A,9A,9A,9B,9C,9B,9A,9A,9A,9A,99,99,
95,95,95,94,94,94,94,94,94,94,94,94,94,94,94,94,
93,93,93,93,92,92,91,91,91,91,90,90,90,90,91,91,
69,69,68,67,66,66,65,65,65,65,64,63,63,63,63,63,
62,62,62,60,5E,5C,5A,5A,59,5B,64,6D,72,7A,85,8B,
90,95,9C,A1,A4,A5,A7,A9,AC,AC,AB,AA,AA,AA,AB,AC,
AC,AD,AD,AF,B1,B3,B1,AE,A5,9F,97,91,8B,83,7C,78,
72,67,56,4C,4C,4D,4D,50,53,55,55,55,58,59,59,5B,
5E,5D,5C,5C,5E,61,63,64,63,63,64,65,66,66,66,65,
64,63,62,61,61,62,63,64,64,65,66,67,69,6B,6D,6F,
77,79,7A,7A,79,7A,7F,83,8A,8E,94,98,98,96,93,92,
93,97,9D,9A,8E,81,77,70,78,72,60,5B,60,60,62,64,
72,6F,5E,51,4B,47,47,43,3E,43,4D,52,52,57,5E,60,
5A,52,4A,44,41,43,4A,50,57,4F,3F,36,36,42,56,5C,
51,41,36,2C,23,2C,3B,40,3A,37,31,2E,2C,2A,30,3C,
4C,56,56,55,51,45,3B,31,2C,2B,2C,2D,2C,2A,2F,35,
3B,38,35,33,34,3A,3C,38,30,2E,3B,4C,66,7F,84,87,
82,84,80,8F,A8,AE,AA,A5,AD,AB,B2,B7,B8,BB,BF,BC,
BB,B5,AC,A4,A1,A5,B1,BB,BE,B4,A2,90,82,73,66,61,
70,6D,68,66,6B,6D,69,67,67,64,5F,5B,5A,5A,5D,65,
74,77,76,6D,66,64,65,65,66,65,64,66,67,67,68,69,
6C,6B,6A,6B,6D,71,7A,82,86,8D,92,94,98,9E,A4,A5,
A6,A7,A8,AA,AE,B2,B7,BA,BB,BC,BE,BE,BD,BC,BA,BA,
B8,B8,B7,B7,B3,AC,A1,99,8B,84,7A,72,6C,67,60,5C,
56,55,55,56,57,59,59,59,5A,59,57,54,51,4F,4D,4A,
4A,46,43,3E,37,2F,2C,2E,36,3C,37,35,36,49,74,8B,
99,93,83,70,62,52,41,38,3C,38,38,3B,3E,42,43,40,
3F,3F,3F,3D,3A,37,34,32,31,32,34,35,36,36,35,34,
33,35,34,34,37,3E,4B,58,6A,76,80,84,84,82,80,81,
83,85,89,90,97,9D,A0,A1,9D,9E,A0,A2,A3,A1,9D,9A,
9B,9B,9A,9A,9A,9A,9A,9A,9A,9A,9A,9A,9A,9A,9A,9A,
99,99,99,99,99,99,99,99,99,99,98,98,98,97,97,97,
99,99,99,99,99,9A,9A,9A,9C,9B,9A,9A,9A,9A,9A,99,
95,95,94,94,94,94,94,94,94,94,94,94,94,94,94,94,
93,93,93,93,92,91,91,91,91,91,91,91,91,91,91,91,
6C,6A,68,66,64,63,62,61,61,62,62,61,60,5F,5F,5F,
60,5F,5D,5D,5C,5A,57,54,54,54,55,5E,6C,78,80,87,
8A,91,99,9F,A2,A5,A9,AD,AE,AD,AB,AA,AA,AA,AA,A9,
AD,AD,AF,AE,AC,AD,AE,AB,A7,A2,9C,96,8F,85,7A,72,
70,65,58,50,4C,4D,4F,51,53,55,56,56,55,56,59,5B,
5D,5E,5F,60,61,62,62,62,62,62,64,65,65,64,63,63,
61,62,64,64,63,62,62,63,63,66,69,6A,69,69,6C,6E,
71,77,80,83,7E,7D,82,84,93,95,97,96,93,92,94,96,
94,9A,A8,A9,9D,91,86,83,8A,85,7A,72,70,64,55,4F,
58,58,52,48,41,3B,3C,40,46,4D,53,55,58,5E,63,63,
55,4C,4B,4D,4B,4E,53,53,56,4A,34,2B,2E,3C,51,5B,
56,4E,3C,30,26,2A,3D,3F,39,34,30,2F,30,30,33,37,
48,51,5B,5B,53,4B,42,37,33,30,30,2D,27,27,2D,30,
31,31,2E,2E,32,34,37,3B,3B,42,4B,57,6A,79,81,85,
7F,84,8D,9A,A7,AB,A9,A8,A8,AD,B2,B6,BA,BD,BD,BC,
B9,B8,B5,AD,A1,A3,B3,BF,C3,B3,93,76,68,5F,5D,63,
6F,67,5C,57,58,5A,5A,59,56,53,51,50,4C,47,49,4E,
5B,63,64,5D,55,4E,4A,4B,51,5C,68,6C,6C,6C,6D,6F,
6E,6E,70,72,73,76,7C,82,88,8B,8D,91,99,9D,9E,A0,
9E,A1,A3,A8,B0,B5,B9,C0,BE,C0,BC,BD,BD,BB,BE,BC,
BB,B9,B4,B2,B4,AF,A1,96,87,82,7D,78,73,6B,62,5A,
54,4E,48,46,46,48,4B,4E,4D,4C,4B,4A,49,49,4A,4A,
4A,47,43,3E,36,30,2E,30,33,35,35,31,2D,46,7B,9A,
9E,93,82,73,68,59,47,3E,3C,38,37,3C,41,43,41,3F,
41,40,3D,3A,38,35,34,34,34,33,32,33,34,35,34,34,
30,2F,30,34,37,3E,4F,5F,70,79,7E,80,83,84,82,81,
85,88,8D,93,98,9B,9D,9E,9D,9D,9D,9E,9E,9E,9D,9D,
9B,9B,9A,99,99,99,99,99,9A,9B,9B,9B,9A,99,98,98,
98,98,99,99,9A,9A,9A,9A,9A,99,98,97,96,95,94,94,
96,97,97,97,97,98,99,9A,9A,9A,9B,9B,9A,99,98,98,
95,95,95,95,94,94,93,93,93,93,94,94,94,95,95,95,
94,94,93,93,92,91,91,91,92,92,92,91,91,91,91,91,
6B,6A,68,66,64,62,61,61,5F,60,60,5F,5E,5D,5D,5D,
5F,5D,5C,5B,5A,58,55,53,51,51,51,5A,69,75,7D,83,
88,8E,97,9E,A1,A5,A9,AD,AE,AD,AC,AB,AB,AB,AA,AA,
AC,AD,AF,AE,AC,AD,AE,AB,A7,A3,9D,97,90,86,7B,72,
6F,65,58,4F,4C,4C,4E,50,53,55,56,56,56,57,59,5C,
5D,5E,60,61,62,63,63,63,63,63,64,65,65,64,64,63,
64,64,63,63,62,61,62,62,63,64,66,66,66,69,6D,71,
76,7C,86,8B,88,86,86,85,91,93,95,96,96,96,96,96,
98,A0,AC,AA,9F,91,85,84,8D,8C,82,75,6B,59,47,40,
45,45,40,3B,38,38,3C,42,49,4F,54,57,5B,5F,60,5E,
52,4B,4C,50,4F,53,58,58,53,46,2F,26,2B,39,4E,58,
56,4E,3E,33,2A,2D,3D,3E,37,32,2E,2D,2E,2E,31,35,
3F,4B,59,5E,5A,53,48,3B,32,2E,2D,2B,27,28,2E,30,
2F,2E,29,28,2B,2E,32,38,3D,48,54,61,70,7A,80,85,
88,8F,97,A0,A8,AA,A9,A9,A9,AE,B4,B8,BD,BF,BF,BD,
BA,B8,B7,B2,AC,AD,B2,B4,B2,9C,7A,61,58,54,53,58,
5F,59,51,4D,4C,4D,4C,4A,47,45,43,43,40,3E,40,44,
4F,53,52,4C,46,3F,3C,3D,41,4C,5A,64,6B,6F,72,73,
72,73,75,76,77,79,7E,83,86,89,8B,8F,97,9A,9A,9C,
9A,9D,A1,A9,B2,B7,BA,C0,BF,C2,C0,C1,C0,BE,BF,BC,
B9,B8,B5,B3,B2,A8,95,87,7D,76,71,6B,63,5D,56,4F,
4B,45,3F,3D,3C,3D,40,43,45,44,43,43,44,45,46,46,
46,44,40,3A,33,2E,2D,2F,33,34,36,32,2E,48,7D,9C,
9E,94,83,75,6B,5D,4B,42,3E,3B,39,3D,41,43,41,40,
40,3F,3C,39,37,35,34,33,33,33,32,33,34,34,34,34,
30,2E,2F,32,35,3E,50,62,73,7B,80,82,85,86,84,84,
87,8A,8F,94,98,9B,9D,9D,9C,9D,9D,9D,9D,9D,9D,9C,
9B,9B,9A,99,99,99,99,99,9A,9B,9B,9B,9A,99,99,99,
98,99,99,9A,9A,9A,9A,9A,99,99,98,96,95,94,94,94,
96,97,97,97,97,97,98,99,9A,9A,9A,9A,99,99,98,97,
95,95,95,95,95,94,93,93,93,93,93,94,94,94,95,95,
94,94,93,93,92,92,91,91,91,91,91,91,91,90,90,90,
6B,6A,69,66,64,62,61,60,5E,5E,5E,5D,5C,5C,5C,5C,
5E,5D,5B,5B,5A,58,55,53,52,50,50,59,69,75,7C,81,
85,8C,95,9C,A0,A4,A9,AD,AF,AE,AC,AC,AC,AB,AB,AB,
AC,AC,AE,AE,AC,AD,AE,AB,A8,A3,9E,98,92,88,7C,73,
6F,64,57,4F,4B,4C,4E,50,52,54,56,56,56,57,5A,5D,
5E,5F,61,62,63,64,64,64,64,64,64,64,64,64,64,63,
67,64,62,5F,5F,5F,5F,60,60,60,60,60,63,6A,73,7A,
78,81,90,9A,99,94,8E,88,8B,8D,91,96,9A,9B,9A,99,
9C,A3,A9,A3,99,8A,7C,7E,8D,8C,7C,66,55,43,36,32,
34,33,2E,2B,30,36,3D,45,49,4B,4F,55,5A,5C,5B,58,
4E,4B,4F,54,54,59,5E,5D,54,45,2C,23,2A,39,4D,56,
52,4B,3E,36,31,34,3E,3E,36,31,2C,2B,2A,2A,2D,30,
34,42,54,5F,5F,5B,50,43,33,2D,2A,28,27,2A,30,32,
2E,2B,25,22,25,29,2F,36,3C,4C,5E,6C,75,79,7D,83,
94,9E,A5,A7,A9,AA,AA,AB,AC,B0,B6,BB,BF,C2,C1,C0,
BE,BB,BA,BA,BB,B9,B0,A4,90,7B,61,54,53,4E,47,44,
49,46,43,41,3F,3E,3C,3B,39,38,37,37,38,39,3A,3B,
44,44,40,3C,3A,35,32,34,38,41,4E,5C,68,71,75,76,
74,76,79,7B,7B,7C,80,84,85,87,89,8D,94,96,96,97,
97,9B,A0,AA,B4,B8,BA,BD,C1,C6,C5,C5,C3,BF,C0,BB,
B7,B8,B7,B3,AB,9A,82,71,71,66,5C,50,43,40,43,41,
3E,39,34,33,34,36,3A,3C,3E,3D,3D,3E,41,43,44,44,
40,3E,3A,35,2F,2B,2B,2E,33,35,36,34,30,4B,80,9F,
9E,95,86,79,70,62,51,47,42,3D,3B,3D,41,42,41,40,
3F,3E,3B,38,35,33,33,32,33,33,33,33,34,34,34,34,
30,2F,2E,30,34,3F,54,66,76,7E,83,85,88,89,87,87,
89,8C,90,95,99,9B,9C,9D,9C,9C,9C,9C,9C,9C,9C,9C,
9B,9B,9A,99,99,99,99,99,9A,9B,9B,9B,9A,99,99,99,
99,99,9A,9A,9A,9A,9A,9A,99,98,97,96,95,94,94,93,
96,97,97,97,97,97,98,99,99,99,9A,99,99,98,97,96,
95,95,95,95,95,94,94,93,93,93,93,93,94,94,94,94,
94,94,94,93,93,92,92,92,91,91,90,90,90,8F,8F,8F,
6B,6A,69,67,64,62,60,5F,5E,5E,5D,5C,5C,5C,5C,5C,
5E,5D,5C,5B,5A,59,56,54,54,51,50,59,6A,76,7C,81,
83,8A,94,9B,9F,A3,A8,AC,AF,AE,AD,AC,AC,AC,AC,AB,
AB,AC,AE,AE,AC,AD,AE,AB,A8,A4,9E,99,93,89,7D,74,
6F,64,57,4E,4B,4B,4D,4F,51,53,55,56,56,57,5B,5D,
5E,5F,61,63,64,65,64,64,65,65,64,64,64,64,63,63,
68,64,60,5D,5D,5D,5E,5F,5E,5D,5C,5F,67,74,83,8C,
86,8D,99,A0,9D,98,93,8E,8A,8C,91,97,9B,9C,9A,98,
9B,9E,9B,91,8A,7C,6B,6E,82,7F,6C,52,41,34,2C,2D,
2D,2B,27,29,35,41,4A,51,50,4F,51,56,5B,5A,56,53,
4C,4C,53,58,58,5D,63,62,57,46,2C,24,2C,3B,4E,55,
4D,45,3B,38,3A,3E,41,3F,38,32,2C,29,27,27,29,2C,
2E,39,4A,57,5C,5D,58,4E,3C,33,2B,28,27,2B,31,33,
2F,2B,24,21,23,26,2D,37,3F,52,68,77,7C,7B,80,89,
9F,A9,AD,AA,AA,AC,AD,AF,B2,B6,BA,BD,C0,C2,C2,C0,
BE,BB,BB,BD,BE,B7,A2,8A,6C,5D,50,50,54,4D,40,38,
39,3A,3A,39,37,35,34,33,31,32,32,32,35,38,38,37,
3A,39,35,35,36,32,2E,2F,2F,34,3E,4B,59,66,6F,73,
73,76,7A,7D,7D,7E,80,83,84,86,88,8C,92,94,93,94,
96,9A,A1,AB,B5,B8,B8,B9,C3,C9,C9,C8,C4,C0,C1,BE,
BA,B8,B4,A8,95,7E,6A,5C,5F,55,4C,3F,30,2F,37,3A,
3A,36,32,30,31,34,37,39,3A,39,3A,3C,3F,41,42,42,
3B,38,35,31,2C,29,2A,2E,33,36,37,35,31,4B,7F,9D,
9D,96,89,7C,73,66,56,4C,44,3F,3C,3D,40,41,40,3F,
3E,3C,39,36,34,32,32,31,33,33,33,34,34,34,34,34,
31,2F,2E,2E,33,41,57,6B,7A,81,85,87,8B,8B,89,89,
8B,8D,91,96,99,9B,9C,9C,9B,9C,9C,9C,9C,9C,9B,9B,
9B,9B,9A,99,99,99,99,99,9A,9B,9B,9B,9A,99,99,99,
9A,9A,9B,9B,9B,9B,9A,9A,99,98,97,96,95,94,94,93,
96,97,97,97,96,97,98,98,99,99,99,99,98,97,96,96,
95,95,95,95,95,94,94,93,93,93,93,93,93,93,93,93,
94,93,93,93,92,92,92,92,91,90,90,90,8F,8F,8E,8E,
6B,6A,69,67,65,63,61,5F,5E,5D,5C,5B,5B,5C,5C,5C,
5E,5D,5B,5B,5B,59,56,54,53,50,4E,57,69,75,7B,7F,
83,8A,93,9A,9E,A2,A7,AB,AF,AE,AD,AD,AD,AD,AC,AC,
AB,AB,AE,AE,AC,AD,AE,AC,A8,A3,9D,98,93,8A,7E,74,
6F,65,57,4E,4B,4B,4D,4E,50,52,54,55,56,57,5B,5D,
5E,5F,61,63,64,64,64,64,64,64,64,64,63,63,63,63,
67,63,5F,5C,5C,5D,5E,5E,5D,5C,5D,65,73,85,97,A1,
A1,9F,9D,98,90,90,94,96,92,94,97,9A,9A,97,94,91,
93,90,87,7C,78,6E,5E,5F,6D,6B,5B,48,3C,32,2A,29,
29,2A,2C,36,47,55,5D,62,5D,5C,5D,5F,5F,5B,54,50,
4C,4F,57,5C,5C,62,69,66,58,46,2C,24,2D,3C,4D,52,
49,40,39,39,42,47,44,41,3B,35,2E,29,26,27,29,2B,
2D,33,3E,49,51,5A,5D,5A,4C,3F,34,2D,29,2B,30,32,
2D,2A,24,21,23,26,2F,3A,4D,60,74,80,83,83,89,93,
A5,AC,AD,AA,AB,AF,B1,B4,BA,BC,BE,BE,BF,C1,C1,BF,
BA,B8,BA,BA,B4,A3,85,67,53,4A,45,49,4D,48,40,38,
33,34,36,35,33,31,2F,2F,2D,2E,2F,2F,32,35,37,36,
33,34,35,36,37,31,29,27,2A,2C,32,3B,48,58,67,70,
6E,73,79,7D,7E,7F,81,83,84,87,88,8C,92,94,93,93,
96,9A,A1,AB,B5,B8,B7,B9,C4,CB,CA,C9,C5,C3,C6,C3,
BF,B5,A6,8E,70,5B,52,4D,47,44,44,40,36,34,3A,3E,
40,3E,39,34,31,31,32,33,35,35,36,38,3B,3D,3D,3C,
36,35,32,2F,2B,28,2A,2E,34,36,38,36,31,49,7C,99,
9D,98,8C,7E,74,67,57,4E,44,3F,3C,3C,3F,3F,3F,3E,
3D,3B,38,35,32,31,31,31,33,34,34,34,34,33,33,33,
32,2E,2C,2C,33,43,5B,6E,7D,82,85,87,8B,8B,89,8A,
8C,8E,92,96,9A,9C,9C,9D,9B,9B,9C,9C,9B,9B,9B,9A,
9B,9A,9A,99,99,99,99,99,9A,9A,9B,9A,9A,99,99,99,
9B,9B,9B,9B,9B,9B,9A,9A,99,98,97,96,95,94,94,94,
96,97,97,97,96,97,97,98,99,99,99,99,98,97,96,95,
95,95,95,95,95,94,93,93,93,93,93,93,92,92,92,92,
92,92,92,92,92,92,91,91,91,90,90,90,8F,8F,8E,8E,
6A,6A,69,68,66,63,61,60,5D,5C,5A,5A,5A,5B,5C,5C,
5C,5B,5A,5A,5A,58,56,53,53,50,4F,57,68,74,7B,7F,
83,89,93,9A,9E,A2,A7,AB,AF,AE,AD,AD,AD,AD,AC,AB,
AB,AB,AE,AF,AD,AE,AF,AC,A7,A2,9C,97,92,8A,7E,75,
70,65,58,4F,4B,4B,4D,4E,50,52,54,55,55,57,5A,5D,
5E,5F,61,63,64,64,63,63,63,63,63,63,63,63,62,62,
61,5F,5C,5A,59,59,5A,5A,5B,5C,62,6F,81,95,A5,AE,
AE,A7,9D,92,89,8B,94,9A,96,98,9B,9B,99,95,8F,8B,
8A,82,79,70,6F,67,58,55,5A,55,46,3A,35,2F,28,29,
2A,31,3A,47,55,5C,5E,60,5D,5F,60,5F,5C,57,52,4F,
4D,51,5B,5F,5F,66,6D,6B,57,46,2D,27,30,3D,4B,4E,
46,3D,37,3A,46,4D,46,44,40,3A,31,2A,28,29,2B,2E,
2E,2F,33,3A,43,51,5E,62,58,4D,41,37,2E,2C,2E,2D,
2A,28,24,22,23,27,33,42,5E,6D,7A,80,83,88,90,9A,
A7,AB,AB,AA,AE,B3,B6,BA,C0,C1,C0,BF,BF,C0,C0,BE,
BA,BA,BB,B5,A5,8A,68,4C,44,41,43,46,45,42,3F,3A,
34,34,34,33,31,30,2F,2E,2D,2D,2E,2F,31,34,39,3C,
3C,45,4C,4D,4B,40,31,2A,30,2E,2C,2F,38,47,59,65,
68,6F,77,7C,7E,80,81,82,83,86,88,8D,93,95,93,94,
96,9A,A0,AA,B4,B8,B9,BC,C5,CB,CA,C9,C8,C8,C9,C4,
BE,A9,8F,6E,4E,41,44,46,39,3B,3C,3E,3D,3C,3F,46,
4C,4B,45,3D,35,30,2E,2E,31,32,35,37,38,38,38,37,
33,32,31,2F,2C,2A,2B,2E,33,36,39,36,31,48,79,96,
9E,9B,8F,80,74,66,57,4E,44,3F,3C,3C,3E,3F,3E,3E,
3D,3B,37,34,31,31,31,31,34,34,35,34,34,33,32,32,
31,2D,2A,2B,35,48,60,72,80,83,85,87,8A,8A,89,8A,
8D,8F,93,97,9A,9C,9C,9C,9B,9B,9B,9B,9B,9B,9A,9A,
9B,9A,9A,9A,99,99,99,99,99,9A,9A,9A,99,99,99,99,
9B,9B,9B,9B,9B,9B,9B,9A,9A,99,98,97,96,95,94,94,
97,97,97,97,97,97,98,98,99,99,99,99,98,97,96,95,
95,95,95,95,94,94,93,93,93,92,92,92,92,92,91,91,
91,91,91,90,90,90,90,90,90,90,90,90,8F,8F,8F,8F,
6A,6A,69,68,66,64,62,60,5D,5B,5A,59,5A,5B,5C,5C,
5B,5A,59,59,59,58,55,53,54,51,50,58,68,74,7B,80,
81,89,92,99,9E,A2,A7,AB,AE,AD,AD,AD,AD,AD,AC,AB,
AB,AB,AF,AF,AD,AE,AF,AD,A6,A1,9A,95,91,8A,7F,76,
71,66,59,50,4C,4B,4D,4F,50,52,54,55,56,57,5B,5E,
5E,60,62,63,64,64,63,62,62,62,63,63,63,62,61,61,
5C,5C,5B,59,57,56,56,56,5B,5F,6A,7B,8F,A1,AC,B2,
AD,A5,9C,92,8A,8D,95,99,95,96,99,9A,99,94,8B,85,
83,79,74,6F,6D,65,55,4E,4B,42,32,2A,2C,2A,29,2F,
36,41,4C,53,55,52,4F,51,55,58,57,51,4C,4C,4E,50,
4E,54,5E,60,5E,66,6E,6B,56,46,2F,2A,32,3E,49,4A,
3F,38,36,38,46,4D,46,49,48,41,37,2D,29,2A,2D,2F,
30,2C,2C,2E,35,46,57,5F,5B,53,4B,42,37,30,2D,2B,
28,27,25,24,26,2B,3A,4D,6B,75,7A,7A,7F,8A,96,9F,
A6,AA,AB,AD,B2,B7,BA,BF,C2,C2,C2,C1,C0,C0,C0,BE,
BC,B9,B6,AA,90,72,54,3E,3E,3F,44,44,3D,3C,3C,39,
3A,37,34,33,33,34,34,34,33,31,31,32,33,37,41,4A,
58,69,76,78,70,5F,4B,3E,3C,35,2D,2A,2F,3A,49,55,
63,6B,74,7A,7D,7F,80,80,82,85,88,8C,93,95,93,94,
96,9B,A0,A8,B2,B8,BB,C0,C8,CB,C8,CA,CC,CB,C7,BB,
AC,90,71,54,3B,36,3E,40,37,38,35,39,43,45,45,4D,
5F,5E,58,4B,3D,33,2E,2C,2F,32,36,38,37,36,35,35,
31,31,32,30,2D,2B,2B,2E,31,35,39,37,32,48,79,94,
A0,9F,93,82,73,64,55,4E,43,3F,3C,3D,3F,3F,3F,3E,
3D,3B,37,33,31,30,31,31,34,35,35,35,33,32,32,32,
31,2D,2A,2D,3A,4F,68,78,83,85,85,86,89,8A,89,8B,
8F,91,95,98,9B,9C,9C,9C,9A,9A,9B,9A,9A,9A,99,99,
9A,9A,9A,9A,99,99,99,98,99,99,99,99,98,98,98,99,
9A,9A,9B,9B,9B,9B,9B,9A,9A,9A,99,98,96,96,95,95,
97,97,98,97,97,97,98,98,98,98,98,98,97,96,95,94,
95,95,95,94,94,93,93,92,92,92,92,92,91,91,91,91,
8F,8F,8F,8F,8F,8F,8F,8F,90,90,8F,8F,8F,8F,8F,8F,
69,6A,69,69,67,65,62,61,5D,5C,5A,59,5A,5C,5C,5D,
5C,5B,5A,59,59,58,55,53,52,50,4F,57,67,72,79,7F,
80,88,91,99,9E,A2,A7,AB,AE,AD,AC,AC,AD,AC,AC,AB,
AB,AC,AF,B0,AE,AF,B0,AD,A6,A0,99,94,91,89,7F,76,
72,67,59,50,4C,4C,4D,4F,50,52,54,55,56,58,5B,5E,
5F,60,62,63,64,64,62,62,61,61,62,63,63,62,61,60,
5B,5C,5C,5B,58,56,55,55,5E,64,72,86,9A,A9,B0,B3,
B1,A6,9A,8F,89,8D,94,97,95,95,96,99,98,91,86,7C,
7F,76,75,72,6D,65,54,49,40,36,29,26,2B,2C,2D,34,
44,50,59,59,51,48,44,48,53,55,50,45,3D,41,4B,51,
50,56,5F,5F,5C,64,6B,69,54,45,2F,2A,32,3C,46,46,
37,32,33,36,44,4C,46,4C,4F,47,3B,30,2A,2A,2D,2F,
31,2C,28,27,2C,3C,4F,58,58,53,50,49,3D,33,2E,2B,
28,28,27,26,28,2F,41,56,76,7D,7C,78,7F,8F,9D,A6,
A6,A9,AC,B0,B6,B9,BC,C2,C1,C3,C3,C2,C1,C1,C0,BE,
BA,B4,AB,99,7D,5F,47,38,40,41,43,3D,33,34,3B,3A,
3E,3A,36,35,37,3B,3C,3C,37,35,33,34,35,3A,48,56,
6E,85,97,99,8E,7A,62,52,4A,41,36,32,34,3D,4A,54,
5F,68,72,79,7C,7E,7F,7E,80,84,87,8C,93,95,93,94,
98,9C,A0,A8,B1,B7,BC,C2,CA,CC,C7,CA,CE,CC,C2,B0,
96,78,5A,44,34,35,3B,39,34,37,34,3D,50,53,4E,54,
72,72,6A,58,45,36,2E,2B,2D,31,36,38,37,35,33,33,
31,31,32,32,2F,2C,2C,2E,2F,34,39,38,33,49,79,95,
A2,A1,96,83,72,63,55,4E,43,3F,3D,3E,40,40,3F,3F,
3D,3B,37,33,31,30,31,31,34,35,36,35,33,32,31,31,
32,2E,2B,30,3F,55,6E,7E,85,86,85,86,89,8A,89,8C,
91,93,96,99,9B,9C,9C,9B,9A,9A,9A,9A,9A,99,99,98,
9A,9A,9A,9A,99,99,99,98,98,99,99,99,98,98,98,99,
9A,9A,9B,9B,9B,9B,9B,9B,9B,9A,99,98,97,96,96,95,
97,98,98,97,97,97,98,99,98,98,98,97,97,95,94,93,
94,94,94,94,94,93,93,92,92,92,92,92,91,91,91,90,
8E,8E,8E,8E,8E,8E,8E,8E,8F,8F,8F,8F,8F,8F,8F,8E,
6A,6A,69,68,66,64,62,60,5D,5C,5A,5A,5A,5B,5C,5C,
5C,5A,59,59,59,58,55,53,52,50,4E,57,67,73,79,7F,
82,89,92,99,9E,A2,A7,AA,AE,AE,AD,AC,AC,AC,AC,AB,
AA,AB,AF,B0,AF,AF,AF,AA,A5,9F,97,92,8E,87,7D,75,
71,67,59,50,4C,4C,4D,4F,51,53,56,57,58,59,5D,5F,
61,62,63,64,64,63,62,61,60,60,60,61,62,62,62,61,
5F,5E,5F,61,5F,5A,58,5A,61,6D,7B,8E,A4,AC,AB,AD,
AD,A8,9A,8F,90,90,90,95,92,92,95,95,97,93,83,7C,
79,7A,7D,7E,6F,5E,54,46,40,34,28,26,29,2C,33,3F,
56,5E,60,56,45,3B,3E,46,53,59,4B,3C,33,36,49,52,
56,5C,5D,5D,5C,61,69,64,52,40,30,2D,31,39,3E,3F,
34,31,2D,32,3B,41,46,4C,53,50,3B,2F,2F,2C,2B,2E,
2F,2C,28,27,2C,38,42,48,45,45,4A,49,44,3C,30,2D,
2C,2C,2C,2E,29,33,51,62,78,7E,77,7A,86,94,A5,A9,
AA,AC,B0,B4,B8,BB,BD,BE,C1,C3,C5,C5,C5,C4,C1,BD,
B3,A4,96,84,6A,55,49,41,44,40,38,34,33,32,33,3A,
3F,42,3C,39,3F,44,44,46,3D,37,35,39,42,46,4C,60,
7F,97,A7,AB,A3,94,82,6D,5C,4D,44,45,47,51,5B,5D,
62,69,72,7A,7D,7E,7F,7F,80,82,84,89,8F,90,8F,92,
97,9C,A2,A7,AC,B4,BF,C7,CC,CE,CB,CB,D0,CB,B3,9D,
7E,62,55,47,39,38,36,37,3B,3F,3F,48,58,5C,5B,61,
7E,82,7A,64,4F,3F,32,2B,30,31,36,38,36,35,33,30,
2F,2E,2F,30,2E,2C,2C,2C,2F,32,3A,3A,37,4C,77,97,
A4,A4,9B,88,6D,5C,58,4F,48,43,42,43,42,42,42,3F,
3D,3B,37,33,31,31,32,32,35,35,35,34,32,31,30,30,
30,2F,2D,35,49,60,75,84,88,87,86,87,89,8B,8D,8E,
93,95,97,9A,9B,9B,9B,9B,9A,9A,9B,9B,9A,9A,99,98,
9A,9A,9A,9B,9A,9A,99,99,98,98,98,98,98,98,98,98,
99,99,99,9A,9A,9A,9A,9B,9A,9A,99,98,98,98,97,97,
99,98,98,98,98,98,98,98,98,98,98,97,96,95,93,93,
94,93,93,93,93,93,92,92,91,91,91,91,91,90,90,90,
8E,8E,8E,8E,8E,8E,8E,8F,8F,8F,8E,8E,8E,8E,8E,8E,
6A,6A,69,68,66,64,62,61,5D,5C,5B,5A,5B,5B,5C,5C,
5B,5A,59,58,58,57,55,53,51,4F,4E,56,66,72,79,7F,
82,89,93,9A,9E,A2,A7,AB,AE,AD,AC,AC,AC,AC,AC,AB,
AB,AC,AF,B0,AF,AF,AE,AA,A4,9E,97,92,8D,86,7C,74,
70,65,58,4F,4B,4B,4D,4F,52,54,57,58,59,5B,5E,61,
62,62,64,65,65,63,62,61,61,61,61,62,64,64,63,62,
5F,5D,5E,60,5E,59,56,56,5E,68,75,88,9F,AA,AC,AE,
B0,AB,9F,95,92,8F,8D,90,93,92,94,93,95,90,80,79,
7B,7D,7D,77,64,53,4D,43,3B,34,2C,2D,33,37,3D,45,
57,5A,58,4C,3E,37,3B,42,50,53,44,34,2C,30,46,53,
5A,60,5F,5E,5D,61,67,62,4F,3E,2F,2C,2F,35,39,38,
30,2F,2D,30,36,3B,41,4A,58,54,3F,32,30,2C,2A,2C,
2C,2B,2A,2A,2E,35,3B,3D,39,39,40,41,3F,3A,31,2F,
32,2F,2C,2C,2D,3D,5D,6D,79,7D,7B,82,92,9F,A8,AB,
AB,AD,B1,B5,B8,BA,BD,BE,C0,C5,C9,CA,C9,C6,BE,B6,
A8,96,83,71,5D,4F,49,43,42,3C,33,31,33,33,35,3A,
47,4A,47,43,43,46,48,4A,42,3C,38,3D,4A,4E,50,61,
8B,A5,B6,BB,B5,AA,9B,87,6D,5B,4E,4B,4D,56,5F,62,
62,68,72,79,7C,7E,7F,7F,7F,81,83,87,8D,8E,8D,8F,
96,9B,A2,A7,AC,B5,C1,C9,CD,D0,CF,CF,D0,C3,A3,87,
69,56,51,48,3B,37,34,34,3A,3F,40,48,56,5B,60,6B,
87,8D,85,70,5B,48,39,30,31,31,35,37,35,35,34,32,
2F,2E,2F,30,2E,2C,2B,2C,2E,32,3B,3D,3A,4E,78,97,
A6,A6,9C,88,6B,5B,58,50,4B,47,46,46,43,41,40,3E,
3C,3A,36,33,31,31,32,33,34,35,35,34,32,30,30,2F,
2F,2F,30,3B,50,67,79,86,89,88,87,88,89,8C,8F,91,
94,96,98,9A,9B,9B,9B,9B,9A,9A,9A,9A,9A,99,99,98,
99,99,9A,9A,9A,99,99,98,98,98,97,97,97,98,98,98,
98,98,99,99,99,99,9A,9A,9A,9A,99,99,98,98,98,98,
99,99,98,98,98,98,98,98,98,97,97,96,95,94,93,92,
93,93,93,93,93,92,92,92,91,91,91,90,90,90,90,90,
8F,8F,8F,8F,8E,8E,8D,8D,8C,8C,8C,8B,8B,8B,8B,8B,
6A,6A,69,68,66,64,62,60,5E,5C,5B,5B,5B,5C,5C,5C,
5B,5A,58,58,58,56,54,52,51,4F,4D,56,66,72,79,7F,
83,8A,93,9A,9E,A2,A7,AB,AE,AD,AC,AC,AC,AC,AB,AB,
AC,AC,B0,B1,AF,AF,AE,AA,A4,9E,96,91,8D,85,7B,73,
6E,64,57,4E,4B,4B,4D,4F,52,55,58,59,5A,5C,60,63,
62,63,64,65,65,64,63,62,62,62,63,64,65,64,63,62,
5B,5A,5A,5D,5C,57,52,50,52,5A,65,7B,98,AA,AF,B3,
B4,AE,A3,9A,94,8E,8C,90,97,96,97,95,93,8A,78,71,
79,7C,77,69,52,43,42,3E,37,35,33,37,41,47,4A,4C,
4E,4C,46,3E,37,36,3C,42,4B,49,3B,2E,28,2B,3F,4F,
5F,64,61,5F,5F,62,65,5F,4D,3C,2F,2C,2E,31,33,32,
2E,2F,2E,2E,30,33,3C,48,5B,57,43,35,31,2C,2A,2A,
2A,2A,2B,2B,2E,32,35,35,2C,2D,34,36,37,35,2F,2F,
33,32,2E,2E,32,46,67,77,78,7B,83,8F,A1,AD,AB,AC,
AA,AD,B1,B5,B8,BA,BC,BE,C2,C9,CE,CE,CB,C5,B8,AB,
98,84,6F,60,53,4C,49,46,42,3A,30,2E,33,36,38,3D,
4D,50,52,4D,45,45,4A,4B,45,40,3C,42,53,56,52,60,
8F,AB,BF,C5,C1,BA,AF,9C,80,6B,57,4F,4F,56,5F,62,
62,68,70,77,7B,7C,7E,7F,7F,81,82,86,8B,8B,8B,8D,
94,9B,A2,A8,AD,B6,C3,CC,D1,D5,D7,D5,CD,B7,91,72,
5B,4E,49,42,36,33,32,32,38,3D,3E,44,4F,58,65,75,
8F,95,90,7D,68,53,40,35,32,32,34,35,33,34,35,34,
2F,2E,2F,30,2E,2B,2A,2B,2D,33,3E,40,3C,4F,76,94,
A4,A6,9D,87,69,59,59,53,4E,4B,4A,49,43,3F,3D,3C,
3B,39,36,33,31,31,32,33,34,34,35,34,32,30,2F,2E,
2D,2F,34,42,59,6F,7E,88,89,89,88,89,8A,8E,91,94,
96,97,99,9B,9B,9B,9B,9A,99,99,9A,9A,9A,99,98,98,
99,99,9A,9A,9A,99,99,98,97,97,97,97,97,97,98,98,
98,98,98,98,98,99,99,99,9A,9A,99,99,99,99,99,99,
99,99,98,98,98,98,98,98,97,97,96,95,94,93,92,91,
92,92,92,92,92,92,92,92,91,91,90,90,90,90,8F,8F,
90,90,90,90,8F,8E,8D,8C,8C,8C,8C,8B,8B,8B,8B,8B,
6A,6A,69,67,65,63,61,5F,5E,5D,5C,5B,5B,5C,5C,5B,
5B,5A,58,58,57,56,53,51,50,4E,4D,55,65,72,79,7F,
83,8A,94,9B,9F,A3,A8,AC,AE,AD,AC,AC,AC,AC,AC,AB,
AD,AE,B0,B1,AF,AF,AE,A9,A3,9D,96,91,8C,84,7A,72,
6E,63,56,4E,4B,4C,4E,51,53,55,58,5A,5B,5D,61,64,
63,64,65,66,66,65,64,63,63,63,64,65,65,64,63,61,
5A,59,5B,5E,5E,59,52,4D,4C,4F,56,6D,8F,A4,AA,AC,
AE,AB,A8,A6,A1,97,91,90,95,97,9B,97,90,81,6C,64,
74,75,69,55,3F,35,39,39,33,36,37,3F,4D,54,52,4E,
43,3F,39,36,36,3A,3E,40,40,3D,34,30,30,33,41,50,
63,67,62,60,63,66,66,5F,4C,3D,30,2C,2D,2F,30,2E,
2E,30,2F,2E,2E,30,39,46,5A,57,46,38,32,2C,2B,29,
2A,2A,29,29,2C,31,34,35,29,28,2D,2E,2F,2F,2B,2C,
2F,33,31,32,38,4C,6C,7C,75,7A,8C,9B,AD,B4,AA,AA,
A8,AA,AF,B3,B7,BA,BD,BF,C6,CD,D0,CC,C6,BD,AD,9E,
8B,7B,69,5D,56,50,4B,47,46,3E,34,31,35,37,3B,40,
4F,53,5A,54,47,44,49,49,45,43,40,46,58,59,53,60,
90,AF,C6,CC,C8,C4,BC,AD,94,7D,64,55,51,56,5D,62,
61,67,6E,75,78,7B,7D,7F,7F,81,82,85,8A,8B,8B,8E,
93,9A,A3,A9,AE,B7,C4,CF,D5,D9,DB,D5,C3,A7,84,67,
5A,4F,49,43,3C,3B,3B,3B,3D,3D,3B,3D,48,56,69,7C,
92,9A,97,87,72,5B,46,39,34,32,33,33,31,32,34,33,
2F,2F,2F,30,2E,2C,2B,2B,2F,35,41,42,3D,4C,71,8D,
A0,A4,9C,85,66,57,5A,56,4E,4C,4D,4A,42,3C,3A,38,
39,37,35,32,31,31,32,33,34,34,34,33,31,2F,2E,2E,
2C,30,38,49,61,74,80,88,89,89,89,89,8B,8E,93,96,
97,98,99,9B,9B,9B,9A,99,99,99,9A,9A,9A,99,99,98,
99,99,9A,9A,9A,9A,99,99,97,97,97,96,96,97,98,98,
98,98,98,98,98,98,98,98,99,99,99,99,99,99,99,99,
98,98,98,98,98,97,97,97,97,96,96,94,93,92,91,91,
91,91,91,92,92,92,92,92,91,91,91,90,90,8F,8F,8F,
90,90,90,8F,8F,8D,8C,8B,8A,8A,89,89,89,89,89,89,
6A,69,68,66,64,62,5F,5E,5E,5D,5C,5B,5B,5C,5B,5B,
5B,5A,58,58,57,56,53,51,4F,4D,4C,55,65,72,79,7F,
83,8A,94,9B,9F,A3,A8,AC,AF,AE,AD,AD,AD,AD,AC,AC,
AE,AE,B1,B1,AF,AE,AD,A9,A3,9E,97,91,8C,84,7A,72,
6D,62,55,4D,4A,4B,4E,51,53,55,58,5A,5B,5D,60,63,
63,64,65,66,66,66,65,65,64,64,65,65,66,65,64,63,
5F,5F,61,64,63,5D,53,4D,4B,4B,50,67,8C,A3,A7,A8,
99,9F,AC,B6,B5,A9,9A,90,8F,93,99,95,89,76,5F,58,
6B,69,57,42,32,2C,33,35,30,34,39,42,52,59,53,4B,
3F,3B,37,37,3B,3E,3D,3C,34,31,30,35,3E,44,4D,59,
69,6C,64,62,69,6C,69,60,4D,3D,30,2C,2C,2E,2F,2E,
2F,30,2F,2E,2E,2F,37,42,57,56,49,3C,32,2C,2C,29,
2A,29,28,28,2B,30,34,35,2B,28,2A,29,29,29,26,29,
2C,32,30,35,42,56,70,7D,75,7E,94,A3,B0,B2,A6,A6,
A4,A8,AD,B2,B7,BC,BF,C1,C9,CE,CF,C8,BD,B0,9E,8F,
84,7B,6E,65,60,58,50,4B,4C,47,3F,39,37,36,39,41,
50,56,5E,59,4C,47,48,46,45,44,43,46,53,56,57,69,
91,B1,C8,CE,CB,C7,C3,B6,A5,90,75,63,5D,5D,61,67,
62,66,6D,72,76,79,7C,7E,80,81,82,85,8A,8C,8C,8F,
93,9B,A3,A9,AF,B9,C6,D1,D6,DA,DC,D0,B3,95,79,65,
5F,57,4F,4E,4E,4F,4F,4C,4B,43,39,39,44,58,71,85,
98,9F,9D,8F,7B,62,4A,3C,34,32,32,31,2E,2F,32,31,
2F,2F,2F,30,2E,2C,2C,2D,32,39,44,45,3D,4A,6D,88,
9C,A2,9B,83,62,54,59,57,4D,4C,4C,49,3F,38,36,35,
37,35,33,32,31,31,32,33,33,34,34,33,31,2F,2E,2E,
2E,34,3D,50,67,78,81,87,87,88,89,8A,8B,8E,94,98,
98,98,9A,9B,9B,9A,99,99,99,9A,9A,9A,9A,9A,99,99,
99,99,9A,9A,9A,9A,99,99,97,97,96,96,96,97,97,98,
98,98,98,98,98,98,98,98,98,98,98,98,98,98,99,99,
98,98,98,97,97,97,97,97,96,96,95,94,92,91,90,90,
90,90,91,91,91,91,91,91,91,91,91,90,90,90,8F,8F,
90,8F,8F,8E,8D,8C,8B,8A,89,8A,8A,8A,8A,8A,8A,8A,
6A,69,68,65,63,61,5F,5D,5E,5D,5C,5B,5B,5B,5B,5A,
5B,5A,58,58,57,55,52,50,4F,4D,4C,55,65,72,79,7F,
84,8B,94,9B,9F,A3,A8,AC,B0,AF,AE,AD,AE,AE,AD,AD,
AF,AF,B1,B1,AF,AF,AD,A9,A4,9F,98,92,8C,84,7A,72,
6D,62,55,4D,4A,4B,4E,50,53,55,58,59,59,5B,5E,61,
62,63,64,66,67,67,67,66,65,65,65,66,66,66,65,64,
63,63,64,64,62,5A,50,48,46,46,48,5D,7F,92,93,92,
83,90,A8,BA,BC,B3,A5,98,95,95,97,8E,7F,68,51,4A,
5C,58,45,34,2C,2A,30,34,30,36,3B,44,50,55,4E,47,
3B,38,36,39,3D,3F,3D,3A,33,2F,32,39,46,4E,53,5D,
6E,70,64,64,6F,72,6B,60,4C,3D,31,2C,2B,2C,2E,2D,
2F,2F,2E,2D,2E,2E,33,3D,53,56,4D,40,33,2C,2D,29,
28,29,29,2A,2C,2F,31,30,2A,27,29,28,27,27,24,27,
2D,30,2E,3A,4F,63,74,7B,7D,89,9A,A5,AC,AB,A4,A4,
A5,A8,AE,B4,B9,BE,C2,C4,C9,CC,CB,C1,B3,A1,8F,82,
81,7D,74,6E,6C,64,5A,56,57,55,4E,45,3D,36,38,40,
50,57,5E,5D,55,4F,4A,44,47,45,45,44,4A,53,63,7B,
98,B3,C6,CC,CA,C7,C3,B9,AC,9A,80,6F,6A,66,64,67,
63,67,6D,71,75,78,7C,7F,81,82,82,85,8A,8C,8C,90,
94,9B,A3,AA,B1,BB,C9,D3,D7,DA,DB,C9,A4,85,74,68,
6B,64,56,52,54,56,59,56,55,49,3E,3C,47,5E,7B,90,
9E,A4,A0,92,7D,63,4A,3B,34,32,31,30,2C,2D,30,2F,
30,2F,2F,2F,2E,2D,2D,2F,35,3C,49,49,3F,4A,6A,84,
9A,A1,9B,83,61,52,57,55,4D,4B,4B,47,3D,36,34,33,
34,33,32,31,31,31,32,33,34,34,33,32,30,2F,2F,2F,
31,39,45,58,6E,7C,83,86,86,88,8A,8B,8C,8F,94,98,
98,99,9A,9B,9B,9A,99,99,99,9A,9A,9B,9A,9A,99,99,
99,99,9A,9A,9B,9A,9A,99,97,97,96,96,96,97,98,98,
98,98,98,98,98,98,98,98,98,98,98,97,97,98,98,98,
98,97,97,97,96,96,96,96,96,95,94,92,91,90,8F,8F,
8F,90,90,90,90,91,91,91,92,91,91,91,90,90,8F,8F,
90,8F,8E,8D,8B,8A,89,89,88,88,89,8A,8A,8B,8B,8B,
6A,69,67,65,63,60,5E,5D,5E,5D,5C,5B,5B,5B,5A,59,
5B,5A,58,57,56,54,52,4F,4F,4D,4C,55,65,72,7A,7F,
83,8A,94,9B,9F,A3,A8,AC,B0,AF,AE,AE,AE,AE,AD,AD,
AF,AF,B1,B1,AF,AF,AE,AA,A4,A0,99,93,8D,85,7A,73,
6F,64,56,4E,4B,4C,4E,51,53,55,57,58,58,5A,5D,5F,
61,62,64,65,67,68,68,68,68,67,66,65,64,63,62,61,
62,61,60,5E,59,52,48,42,43,44,44,52,6A,74,70,6D,
76,88,A4,B7,BB,B9,B2,A6,A1,99,91,81,70,5A,43,3D,
47,44,34,2C,2C,2B,30,35,37,3E,43,48,4D,4E,48,44,
3B,39,37,39,3E,41,40,3E,39,36,3C,41,4B,53,53,5D,
6F,6F,61,62,72,76,6C,60,4C,3E,32,2D,2B,2B,2C,2B,
2E,2E,2D,2D,2E,2D,30,39,4D,52,4E,42,33,2C,2E,2B,
28,2A,2B,2C,2E,2F,2F,2D,27,25,29,29,2A,2A,26,28,
2F,34,37,48,60,6E,78,7D,8B,98,9F,A4,A6,A4,A5,A3,
A8,AC,B1,B7,BC,C1,C4,C7,C8,C7,C2,B6,A4,91,81,79,
7E,7D,77,75,79,74,69,65,65,65,5F,53,46,3B,3A,41,
4F,57,5D,61,64,5F,53,49,4B,48,4B,4A,4A,5A,76,92,
AB,BC,C8,CD,CC,C8,C4,B9,A9,9A,84,78,77,70,66,63,
65,69,6D,71,74,78,7C,7F,81,81,81,83,88,8A,8B,8E,
95,9B,A4,AB,B4,BF,CC,D6,D9,D8,D5,BE,94,7A,73,70,
77,73,60,56,52,51,58,58,54,4E,4A,4B,54,68,84,99,
A1,A5,A0,90,7B,61,47,39,33,30,30,2F,2C,2D,2F,2E,
2F,2E,2D,2E,2D,2D,2F,31,38,40,4D,4D,42,49,66,7E,
98,A0,9C,83,61,52,57,54,4E,4C,4B,47,3D,36,34,33,
32,32,31,30,30,31,32,32,34,34,33,31,2F,2F,30,30,
34,3E,4D,60,74,80,84,86,85,88,8B,8C,8D,90,95,99,
99,9A,9A,9B,9B,9A,9A,99,99,99,9A,9A,9A,9A,99,99,
99,99,9A,9A,9A,9A,9A,99,98,97,96,96,96,97,98,98,
98,98,98,98,98,98,98,98,98,98,98,97,97,97,98,98,
97,97,97,96,96,95,95,95,95,94,93,91,90,8F,8E,8E,
8F,8F,8F,90,90,90,91,91,91,91,91,90,90,8F,8F,8E,
8D,8D,8C,8B,8A,8A,8A,8A,88,88,8A,8B,8C,8D,8D,8D,
6A,69,68,65,63,60,5E,5D,5E,5D,5C,5B,5B,5B,5A,59,
5B,59,58,56,56,54,51,4F,4F,4D,4C,55,66,72,7A,7F,
83,8A,94,9B,9F,A3,A8,AC,B0,AF,AE,AE,AE,AE,AD,AD,
AF,AF,B1,B1,AF,AF,AE,AA,A5,A0,9A,94,8E,85,7B,73,
71,66,58,4F,4C,4D,50,52,53,55,58,58,58,59,5C,5E,
60,61,63,65,67,68,69,69,6B,69,67,64,62,60,5D,5C,
60,5E,5C,58,52,4C,44,3F,41,45,48,55,69,70,6C,6A,
6F,86,A7,BB,BE,BE,BA,B0,A5,97,87,74,64,50,3B,36,
36,35,2A,28,2D,2D,32,37,3F,47,4B,4C,4C,48,44,43,
41,3E,3B,3C,3F,42,43,42,3D,3D,45,4A,52,58,56,5F,
6C,6B,5D,5F,72,78,6D,60,4C,3F,34,2F,2C,2B,2C,2A,
2C,2E,2E,2E,2E,2C,2F,37,46,4D,4C,42,32,2B,2F,2C,
29,2A,2C,2D,2E,30,2F,2D,25,25,2A,2C,2D,2C,28,29,
30,3D,47,5A,6E,74,7C,82,96,A3,A2,A3,A3,A1,A6,A5,
AC,AF,B4,BA,BE,C2,C6,C8,C7,C3,BA,AC,99,86,7A,76,
7B,7C,79,7B,83,80,75,70,71,71,6B,5F,4F,41,3E,44,
50,59,5F,66,70,6D,5D,53,51,4D,55,55,53,66,87,A5,
B6,C1,C5,C9,C9,C4,BE,B3,A6,99,86,7F,81,78,68,61,
67,6A,6E,72,74,78,7D,80,81,81,80,82,87,88,89,8D,
95,9B,A3,AC,B5,C1,CF,D8,D9,D4,CD,B2,88,72,73,75,
7A,7C,6D,61,58,52,57,57,50,51,57,5D,62,72,8C,9F,
A2,A5,9F,8F,7A,5F,46,38,31,30,30,2F,2C,2D,2F,2E,
2F,2D,2C,2C,2C,2D,2F,32,3A,43,51,50,43,47,62,78,
96,9F,9B,84,62,54,59,56,50,4D,4B,47,3D,36,34,32,
31,31,30,30,30,31,32,32,34,34,32,30,2F,2F,30,31,
34,40,51,65,78,82,84,85,85,89,8C,8E,8E,91,96,9A,
9A,9A,9B,9B,9B,9B,9A,9A,98,99,99,9A,9A,9A,99,99,
98,99,99,9A,9A,9A,99,99,98,97,97,96,96,97,98,99,
98,98,98,98,98,98,98,98,98,98,98,97,97,97,98,98,
97,97,96,96,95,95,95,94,94,93,92,90,8F,8D,8D,8D,
8E,8E,8F,8F,90,90,91,91,91,91,90,90,8F,8F,8E,8E,
8A,8A,8A,8A,8A,8C,8D,8E,93,93,95,96,98,99,99,9A,
69,69,68,67,66,64,62,60,5F,5E,5D,5C,5B,5A,5A,5A,
5A,5A,59,58,56,54,52,50,50,4E,4C,53,62,71,7A,80,
85,8A,93,9B,A2,A6,A9,AB,B0,B0,AF,AE,AE,AE,AF,B0,
AE,AE,AF,B0,B1,B0,AE,AC,A8,A3,9C,94,8C,83,7C,77,
75,6A,59,50,50,51,51,54,57,59,59,59,5C,5C,5B,5D,
63,65,66,67,67,69,6D,72,72,72,63,5D,61,5A,51,4E,
54,54,54,52,4D,47,43,41,48,4C,55,62,71,7D,85,88,
86,94,AF,C1,C8,C8,BE,B7,A9,91,6F,5E,5B,50,3C,32,
30,2C,26,24,28,2C,34,3E,44,4F,59,5C,58,50,48,43,
42,42,40,41,46,49,48,4A,47,4C,4F,55,5C,5B,5C,64,
6A,66,54,57,6D,76,6E,63,4C,43,39,35,32,2C,27,25,
2A,2C,2E,2E,2D,2D,30,32,3D,40,3F,38,32,32,33,32,
2E,2B,28,29,2D,31,32,33,2B,29,21,23,2F,30,2A,2B,
31,44,68,77,70,70,7E,8D,A3,AC,A8,A1,A6,AA,AD,B5,
B3,B2,B2,B3,B8,BF,C5,C9,C7,C1,B8,A7,8E,7C,77,78,
7A,7A,7B,7C,7C,7C,7B,7A,79,76,70,67,5B,4E,46,43,
51,5A,66,71,77,75,6D,64,5C,5D,60,67,72,83,98,A7,
B6,BE,C5,C6,C6,C4,BB,B1,A4,98,8B,86,81,78,6E,69,
6E,6F,70,72,74,78,7D,81,81,80,80,81,83,88,8D,91,
98,9D,A4,AB,B6,C5,D2,DA,D5,CD,BF,A6,87,75,74,79,
7B,7C,79,70,67,60,5A,56,50,55,5E,69,75,83,92,9C,
A1,A0,9A,8E,7B,62,48,38,2E,2E,2F,31,32,32,30,30,
2F,2D,2C,2D,2E,2F,31,33,3E,44,49,4A,42,49,56,6F,
8E,9D,9D,8A,64,57,5C,5D,58,51,4A,46,43,3D,34,2E,
2F,2F,2F,2F,30,30,2F,2F,31,32,33,30,2D,2D,30,33,
31,3E,53,68,78,80,84,86,86,86,87,8B,90,95,99,9A,
9B,9B,9B,9B,9B,9A,9A,99,99,99,99,99,99,98,98,98,
99,99,99,99,99,99,99,9A,9A,9A,99,99,98,97,97,97,
98,98,97,97,97,97,97,97,97,97,97,97,97,96,96,96,
95,95,96,96,96,96,95,95,94,93,90,8E,8C,8B,8B,8B,
8F,8E,8D,8C,8C,8D,8F,91,94,93,90,8E,8D,8C,8C,8C,
86,87,87,8A,8E,94,9A,9F,A3,A6,AA,AE,B0,B1,B2,B2,
6A,69,68,67,66,64,62,61,5F,5E,5D,5C,5B,5A,5A,5A,
5A,59,58,57,56,54,51,4F,50,4E,4C,53,63,71,7A,81,
85,8B,94,9C,A2,A6,AA,AC,B0,B0,B0,AF,AE,AE,AF,B0,
AF,AF,B0,B1,B1,B0,AE,AD,A9,A4,9D,95,8D,84,7C,77,
76,6B,5B,51,52,52,52,55,59,5C,5C,5C,5E,5E,5D,5E,
62,65,68,69,69,69,6C,6E,71,70,66,60,5F,55,4B,45,
48,49,49,48,46,46,4A,4D,56,5E,67,71,7E,8E,98,9C,
94,9F,B8,CB,D2,CC,B5,A2,93,79,58,4D,54,4F,3D,31,
2A,29,27,2B,32,38,3F,49,52,59,5F,5D,55,4B,42,3D,
3C,3E,3F,42,48,4C,4D,4F,50,53,53,57,5E,5E,5F,67,
6D,67,54,56,6D,77,71,67,56,4A,3D,36,33,2E,29,28,
2A,2C,2E,2E,2D,2D,2F,31,37,3A,3A,34,30,31,32,33,
2F,2C,2B,2B,2E,30,30,30,29,27,21,23,2E,2F,2C,32,
40,57,70,78,72,75,8A,9E,AA,AE,A8,A3,AA,AE,B1,B7,
B6,B7,B8,B9,BB,BF,C2,C2,BA,B0,A5,96,83,78,78,7B,
7D,7D,7E,7F,80,80,7F,7F,81,7E,79,72,66,5A,52,4F,
59,60,6A,71,75,75,71,6D,69,6D,75,7F,8A,95,A2,AB,
B3,BB,C1,C3,C2,C0,B7,AE,A1,96,8C,87,84,7E,77,73,
74,74,73,74,75,79,7D,80,80,80,80,80,82,87,8C,90,
97,9D,A5,AE,B9,C6,D1,D7,CF,C9,BE,A8,8B,78,74,76,
79,7C,7D,79,73,6D,67,62,5C,63,6E,7A,84,8D,96,9C,
A1,9D,95,87,73,5D,48,3B,34,34,34,33,32,31,30,30,
2F,2D,2D,2F,31,32,33,34,3E,44,48,48,40,47,53,6C,
8B,9D,9E,8D,67,5A,5D,5E,59,53,4D,49,44,3D,35,2F,
2F,2F,2F,2F,30,30,2F,2F,30,31,32,30,2D,2D,30,34,
33,41,57,6D,7C,84,87,89,87,87,88,8C,91,97,9A,9B,
9B,9B,9B,9B,9B,9A,9A,9A,99,99,99,99,99,98,98,98,
99,99,98,98,99,99,99,99,9A,9A,99,98,98,97,97,96,
98,98,97,97,97,96,97,97,97,97,97,97,97,97,96,96,
95,96,96,96,96,95,94,94,92,91,8F,8D,8C,8B,8B,8B,
8E,8E,8E,8D,8E,8F,90,91,91,8F,8D,8C,8B,8B,8B,8C,
8A,8B,8D,90,95,9B,A2,A6,AF,B1,B5,B8,BA,BB,BC,BD,
6A,6A,69,68,67,65,63,61,60,5F,5D,5C,5B,5A,5A,5A,
5A,59,58,57,56,54,51,4F,50,4E,4C,53,63,72,7B,82,
86,8C,94,9C,A3,A7,AA,AC,B1,B1,B0,AF,AF,AF,B0,B1,
B0,B0,B1,B2,B2,B1,AF,AE,AA,A5,9E,96,8D,85,7D,78,
77,6C,5C,53,53,54,54,57,5C,5E,5E,5F,61,60,5E,5F,
61,65,6A,6C,6C,6A,69,68,6B,6B,6B,68,5E,51,45,3C,
40,41,41,40,41,47,51,59,60,6D,7A,83,8F,9E,A7,A9,
9D,A6,BE,D0,D6,CA,A7,89,72,5D,44,3D,47,45,38,30,
29,2C,32,3D,49,51,57,5E,62,64,63,58,49,3B,32,2D,
31,36,3C,41,46,4B,50,54,57,57,53,55,5C,5E,60,68,
73,6C,57,58,6F,7A,77,6F,62,53,42,38,34,30,2C,2A,
2B,2D,2E,2E,2D,2D,2E,30,33,35,35,31,2E,2E,30,31,
2E,2E,2D,2F,30,30,2E,2C,27,26,22,25,2B,2C,32,3F,
58,6D,71,72,73,7D,99,AB,AE,AD,A6,A4,AD,B2,B4,B9,
BC,C0,C1,C0,C0,C0,BC,B6,A6,94,84,7C,7A,7C,7E,7E,
80,81,82,84,85,85,85,85,87,86,83,7D,74,69,61,5D,
62,66,6A,6C,6D,6F,70,70,76,7D,89,96,9F,A5,A9,AC,
B1,B7,BD,BE,BE,BB,B4,AC,9D,94,8C,89,89,85,80,7D,
7E,7B,78,77,78,7A,7C,7E,80,7F,7F,7F,81,86,8B,8F,
92,9A,A4,AE,BA,C5,CE,D2,CB,C7,C1,AF,94,80,78,76,
78,7C,80,81,7F,7B,77,74,73,7B,86,8F,96,9B,9D,9F,
9E,97,8B,7A,66,54,47,41,3D,3D,3B,37,33,30,2F,2F,
2F,2E,2F,32,34,35,36,37,3F,44,47,46,3F,45,50,68,
88,9C,A1,92,6B,5D,5F,60,5A,55,50,4B,45,3C,34,30,
2F,2F,2F,2F,30,30,30,2F,30,32,32,30,2E,2E,32,37,
39,49,5F,74,82,88,8A,8A,88,87,88,8D,94,9A,9C,9D,
9B,9B,9B,9A,9A,9A,9A,9A,99,99,99,99,99,98,98,98,
98,98,98,98,98,98,99,99,9A,99,99,98,98,97,96,96,
98,97,97,97,96,96,96,96,97,97,97,97,97,97,97,96,
96,96,96,96,95,94,93,92,90,8F,8E,8C,8B,8A,8A,8A,
8D,8D,8E,90,90,91,90,90,8C,8B,8A,8A,8A,8B,8D,8E,
91,93,97,9B,A0,A5,AA,AD,B2,B4,B6,B9,BA,BB,BD,BD,
6B,6A,69,68,67,65,63,62,60,5F,5E,5C,5B,5A,5A,5A,
5A,59,58,57,56,54,51,50,50,4F,4D,54,64,73,7C,83,
87,8C,95,9D,A3,A8,AB,AD,B1,B1,B1,B0,AF,B0,B1,B2,
B1,B1,B2,B3,B3,B2,B0,AE,AA,A5,9E,95,8D,84,7C,77,
76,6B,5B,53,54,55,56,59,5D,60,60,60,63,61,5F,60,
62,67,6C,6F,6E,6A,66,62,61,64,72,71,5E,4E,42,39,
38,3B,3E,43,4B,58,66,6F,73,7C,86,8C,95,A0,A8,AB,
A1,AA,BD,C5,C0,AC,86,68,51,44,35,38,47,4A,40,3A,
31,38,41,4E,5A,5F,61,65,68,67,5F,4F,3C,2E,27,24,
2A,32,3C,41,40,44,4D,54,58,56,4F,4F,58,5C,60,67,
76,70,5C,5D,72,7C,79,73,6A,5B,48,3C,37,32,2D,2A,
2C,2D,2E,2E,2C,2C,2E,2F,33,34,33,2F,2C,2C,2D,2E,
2D,2E,2F,31,31,2F,2B,28,26,26,26,28,29,2B,39,4E,
70,7D,6E,6A,78,86,A0,AB,AC,A9,A5,A6,AF,B4,B7,BB,
C1,C5,C8,C6,C3,BC,AE,A1,8F,80,73,70,73,7A,80,80,
82,83,85,86,87,88,89,89,8A,8B,8A,86,7E,75,6E,6A,
6C,6D,6D,6B,68,69,6C,70,7D,86,92,9D,A3,A5,A6,A7,
AA,AF,B3,B5,B5,B3,AD,A8,9F,99,94,93,93,90,8B,88,
87,83,7E,7A,7A,7B,7C,7D,7F,7E,7D,7E,80,85,8A,8E,
90,97,A2,AE,BB,C6,CE,D1,CD,CC,C8,BA,A2,8E,83,7D,
7F,81,84,86,87,87,86,86,87,8C,93,98,9B,9C,9A,98,
96,8C,7B,68,56,49,44,44,46,46,43,3C,35,31,30,30,
2F,2F,31,34,37,38,39,3A,41,45,46,45,3E,44,4E,65,
86,9C,A4,96,70,60,61,61,5A,56,51,4C,44,3B,33,30,
2F,2E,2E,2F,30,30,30,2F,32,33,34,32,2F,30,35,3A,
41,51,68,7B,86,8A,8B,8A,88,87,89,8E,96,9C,9D,9D,
9C,9B,9A,9A,9A,9A,9A,9A,99,99,99,99,99,98,98,98,
98,98,98,98,98,98,99,99,99,99,99,98,97,97,96,96,
97,97,97,96,96,96,96,96,96,97,97,97,97,97,96,96,
97,96,96,95,94,92,91,91,8F,8E,8D,8B,8B,8A,8A,8B,
8B,8C,8E,91,92,91,8E,8C,89,89,8A,8B,8D,90,93,95,
9C,9F,A2,A6,AA,AD,B0,B2,B5,B6,B8,B9,BA,BB,BD,BE,
6B,6B,6A,69,68,66,64,62,60,5F,5E,5C,5B,5A,5A,5A,
5A,5A,59,58,56,54,52,50,50,4F,4D,54,65,74,7E,84,
87,8D,95,9D,A3,A8,AB,AE,B1,B1,B1,B0,AF,B0,B1,B2,
B1,B1,B2,B3,B3,B2,AF,AE,A9,A4,9D,95,8C,84,7C,77,
75,6A,5B,53,54,56,57,5A,5E,61,61,61,63,62,60,61,
64,69,6E,6F,6E,6A,64,5F,5A,61,78,77,5D,4A,3E,38,
32,39,44,53,64,77,86,8C,88,85,84,86,8B,93,9C,A3,
A4,AA,B4,AB,94,7A,5A,44,3B,31,2A,39,55,5E,54,4D,
48,4E,55,5C,62,60,5D,5D,65,62,58,47,35,2B,28,29,
29,33,41,43,3A,3C,48,51,58,54,4C,4B,54,5B,60,67,
73,70,61,62,73,7A,77,72,6F,61,4F,43,3C,36,2F,2A,
2C,2D,2E,2D,2C,2C,2D,2F,33,34,32,2E,2B,2A,2B,2C,
2C,2D,30,31,30,2D,2A,27,24,26,29,29,28,2D,43,5D,
82,89,71,6C,7E,8C,9E,A4,A6,A7,A8,AB,B1,B5,BA,BF,
C3,C7,CA,C9,C1,B1,98,84,7A,79,78,74,6E,6F,7A,82,
82,83,85,87,88,89,8A,8B,8D,8E,8E,8C,87,80,7A,76,
76,76,75,71,6D,6C,6F,73,7D,86,91,99,9C,9C,9D,9D,
A2,A5,A9,AB,AC,AB,A9,A6,A4,A1,9F,A1,A1,9E,97,93,
8C,87,81,7D,7B,7C,7C,7D,7E,7E,7D,7E,80,84,8A,8D,
91,97,A1,AD,BB,C9,D2,D5,D5,D4,D1,C5,B1,9F,92,8A,
8B,8B,8B,8C,8D,8E,8E,8F,93,97,99,9A,9A,97,92,8D,
87,7B,69,56,47,3F,40,45,4C,4D,49,40,38,33,31,31,
2F,2F,31,35,38,39,3A,3B,42,45,46,44,3D,43,4D,64,
85,9C,A6,9B,75,65,63,60,5A,57,52,4C,43,39,33,30,
2F,2E,2E,2E,2F,30,30,2F,33,34,35,33,31,31,37,3E,
47,58,6F,7F,88,8B,8A,89,87,87,89,90,98,9D,9E,9C,
9C,9B,9A,9A,99,9A,9A,9A,99,99,99,99,99,98,98,98,
98,98,98,98,98,98,98,99,99,99,99,98,97,97,96,96,
97,97,96,96,95,95,95,96,96,96,96,96,96,96,95,95,
96,96,95,94,92,91,90,8F,8D,8D,8C,8B,8B,8B,8B,8B,
88,8A,8E,90,91,8E,8B,88,88,8A,8E,91,95,99,9C,9E,
A7,A9,AD,B0,B2,B4,B6,B7,B9,B9,BA,BA,BB,BC,BE,BF,
6C,6B,6A,69,68,66,64,62,60,5F,5E,5C,5B,5A,5A,59,
5A,5A,59,58,56,54,51,50,50,4E,4D,54,65,74,7E,85,
87,8D,95,9D,A3,A8,AB,AE,B1,B1,B0,B0,AF,B0,B1,B2,
B1,B1,B2,B2,B2,B1,AF,AD,A9,A4,9D,95,8C,84,7C,77,
76,6B,5B,53,55,57,58,5B,5F,61,61,61,63,63,62,63,
66,6B,6E,6F,6E,6C,66,60,5B,64,7E,7A,5D,49,3D,3C,
41,4C,5B,6C,7E,8D,95,96,8E,87,82,84,88,8C,93,99,
99,99,9A,89,6D,56,42,39,33,31,30,3E,54,5B,57,55,
5C,60,62,62,61,5C,59,59,61,5D,51,3F,2E,26,27,2A,
2B,35,45,45,38,36,43,4C,55,52,49,47,51,59,5E,65,
6E,71,67,69,76,78,74,71,72,67,59,4C,42,39,30,2A,
2C,2D,2D,2C,2C,2C,2D,2E,31,31,30,2E,2B,2A,2C,2D,
2C,2E,2F,2F,2E,2B,29,28,24,25,27,29,29,34,4F,69,
85,8A,79,76,85,8D,96,9B,A1,A6,AC,AF,B0,B4,BA,BF,
C4,C7,C9,C6,BA,A2,84,6E,6F,74,7A,79,71,71,7A,81,
82,83,86,87,87,88,8A,8B,8D,8F,8F,8D,8A,86,81,7D,
7B,7A,7A,78,76,74,74,77,79,80,89,8F,91,91,91,90,
93,95,98,9B,9D,9E,9F,A0,A1,A1,A2,A5,A5,A1,99,93,
8C,88,83,7E,7C,7C,7D,7E,7F,7F,7E,7F,81,84,88,8B,
90,95,9D,A9,B9,C8,D3,D8,DB,D9,D6,CD,BC,AE,A1,96,
93,90,8F,8F,8F,8D,8B,8A,93,95,96,94,91,8D,84,7C,
74,69,59,4B,3F,3B,3F,45,4E,4F,4C,43,3B,36,34,32,
2F,2E,2F,32,36,38,39,3B,41,44,45,43,3A,40,4B,63,
84,9B,A7,9F,7D,6B,65,5E,5B,57,51,4B,42,39,33,30,
2F,2E,2E,2E,2F,30,30,30,33,33,34,34,32,32,39,42,
4D,5E,73,82,88,8A,89,87,86,87,8B,92,9A,9E,9E,9C,
9B,9B,9A,9A,9A,9A,9A,9A,99,99,99,99,99,98,98,98,
98,98,98,98,98,98,98,99,9A,99,99,98,98,97,96,96,
97,96,96,95,95,95,95,95,95,95,95,95,95,94,94,94,
95,95,94,92,91,90,8F,8E,8C,8C,8C,8B,8B,8B,8B,8B,
88,8A,8C,8D,8D,8B,89,88,8B,8F,96,9B,A0,A4,A7,A9,
AF,B1,B4,B7,B9,BA,BB,BC,B8,B9,B9,B9,BA,BB,BC,BD,
6C,6B,6A,69,68,66,64,62,60,5F,5E,5C,5B,5A,59,59,
5A,59,58,57,56,53,51,4F,4F,4D,4C,53,64,74,7E,85,
87,8C,95,9C,A2,A7,AB,AE,B0,B0,B0,AF,AF,AF,B1,B2,
B1,B1,B2,B2,B2,B1,AF,AD,A9,A4,9D,95,8D,84,7D,78,
76,6B,5B,53,55,56,57,5A,5E,60,5F,5F,62,62,62,64,
69,6C,6E,6E,6E,6E,6A,65,61,69,81,7C,62,51,46,4B,
5E,6A,79,85,8E,93,91,8D,8C,89,87,88,8A,8C,8C,8D,
81,7A,75,65,52,46,3E,3D,36,39,39,3D,45,47,4A,53,
64,66,63,5C,58,54,54,58,63,5E,50,3C,2A,23,25,29,
2D,37,47,49,3A,38,43,49,54,52,49,46,4F,56,5B,62,
69,70,6C,6E,78,76,72,72,73,6D,61,54,47,3C,31,2B,
2C,2D,2C,2C,2C,2C,2D,2E,30,30,2F,2E,2C,2C,2D,2F,
2E,2F,2F,2D,2B,2A,29,29,24,22,24,28,2E,40,5D,73,
81,83,7E,81,8E,91,91,96,A0,A9,B1,B2,AF,B3,BB,BF,
C2,C1,BF,B8,A6,8D,75,67,6F,71,76,79,79,7C,81,82,
83,85,87,88,88,89,8A,8C,8D,8E,8E,8D,8A,88,85,82,
7D,7C,7D,7E,7E,7B,79,79,77,7B,80,84,88,8A,89,87,
80,80,83,87,8A,8D,91,95,9A,9B,9D,A0,9F,9A,92,8B,
89,87,83,7F,7D,7D,7E,80,81,81,81,81,81,84,87,89,
8E,92,99,A4,B5,C5,D1,D6,DC,D9,D7,CF,C2,B6,A9,9E,
96,92,8E,8B,89,85,82,81,86,87,86,83,80,7B,71,68,
63,5A,50,48,41,3E,42,47,4E,4F,4D,45,3E,3A,36,33,
2D,2C,2C,2F,32,34,37,3A,3F,43,45,42,39,3F,4A,63,
81,99,A8,A4,85,72,67,5B,5A,56,4F,48,40,38,32,30,
2E,2E,2D,2E,2F,30,30,30,32,33,34,35,33,35,3D,47,
54,65,78,84,87,88,87,84,85,88,8E,96,9C,9F,9E,9D,
9A,9A,9A,9A,9A,9A,99,99,99,99,99,99,99,98,98,98,
98,98,98,98,98,98,99,99,9A,9A,99,98,98,97,97,96,
96,96,96,95,95,95,95,95,95,95,95,95,94,94,93,93,
94,93,92,91,90,8F,8E,8D,8C,8B,8B,8B,8A,8A,8A,8A,
89,8A,8A,89,88,87,89,8B,92,98,A0,A7,AC,AF,B1,B2,
B4,B6,B8,BA,BB,BC,BD,BE,BB,BC,BC,BC,BC,BD,BE,BF,
6C,6B,6A,69,68,66,64,62,60,5F,5D,5C,5A,59,59,59,
59,58,57,56,55,53,50,4E,4E,4D,4B,53,64,73,7D,84,
87,8C,94,9C,A2,A7,AB,AD,B0,B0,B0,AF,AF,AF,B0,B2,
B1,B1,B2,B2,B2,B1,AF,AD,A9,A5,9E,96,8E,85,7E,79,
76,6B,5B,52,53,54,55,58,5C,5E,5D,5D,60,61,61,63,
6A,6D,6D,6D,6E,6F,6D,69,65,6C,82,7D,69,5C,52,5A,
6F,7B,8A,92,95,93,8D,87,88,87,84,7F,7D,7E,7D,7A,
72,62,59,4D,43,3E,3A,3B,3A,3A,36,37,3D,40,45,51,
6D,6D,66,5B,54,51,55,5B,67,62,53,3E,2C,26,29,2E,
30,39,4A,4D,40,3D,47,49,56,54,4B,48,50,56,5B,61,
64,6E,6D,70,77,73,70,71,74,6F,65,58,49,3C,31,2B,
2C,2C,2C,2C,2C,2C,2D,2E,31,31,30,2F,2E,2D,2F,31,
30,30,2F,2C,2A,28,29,2A,25,21,22,27,33,4A,67,7A,
7E,7D,7F,88,97,99,93,96,A4,AE,B7,B6,B0,B4,BD,C0,
BD,B9,B2,A6,92,7C,6C,67,72,73,78,7C,7C,7F,84,85,
84,86,88,89,89,89,8B,8D,8E,8F,8F,8D,8C,8B,88,85,
82,81,82,85,86,82,7F,7D,7A,7A,7B,7E,84,88,88,85,
7B,7B,7D,82,86,8A,8F,95,98,99,9B,9D,9C,96,8D,85,
87,85,83,7F,7D,7D,7F,81,83,83,82,82,82,83,85,87,
8E,91,98,A3,B3,C5,D1,D6,D9,D7,D5,CE,C3,B9,AC,A1,
98,92,8B,87,84,7F,7C,7B,83,82,7F,7A,76,73,6B,62,
5A,53,4D,4A,46,44,45,4A,4D,4F,4D,46,40,3C,38,34,
2D,2B,2A,2C,2F,32,35,38,3E,43,45,42,39,3E,4B,64,
7F,97,A8,A8,8A,77,68,5A,59,54,4D,46,3F,37,31,2F,
2E,2E,2D,2E,2F,30,30,30,32,32,35,36,35,37,40,4A,
5B,6B,7C,85,87,86,83,81,85,89,90,98,9E,A0,9F,9D,
9A,9A,9B,9B,9A,9A,99,99,99,99,99,99,99,98,98,98,
98,98,98,98,98,98,99,99,9A,9A,99,99,98,97,97,97,
96,96,95,95,95,95,95,95,96,96,95,95,94,94,93,92,
93,93,92,90,8F,8E,8E,8D,8B,8B,8B,8A,8A,8A,8A,8A,
8A,8A,89,86,84,86,8B,8F,98,9F,A8,B0,B5,B7,B8,B8,
B7,B8,B9,BA,BA,BB,BC,BD,BB,BC,BC,BC,BC,BD,BE,BF,
6A,6A,69,68,67,65,63,62,60,5F,5D,5B,5A,59,58,58,
57,57,57,56,55,53,50,4D,4F,4C,4A,52,64,73,7D,85,
86,8B,94,9C,A2,A6,AA,AC,AF,AF,B0,AF,AE,AE,B0,B1,
B1,B3,B3,B3,B3,B3,B1,AF,AB,A7,A1,99,91,88,80,7B,
77,6C,5C,53,54,54,54,57,5A,5C,5B,5C,60,61,61,64,
69,6B,6D,6E,6E,6E,6F,6F,6E,78,82,81,75,69,67,6A,
74,81,8B,90,93,8C,80,7D,86,85,7B,70,6C,66,62,65,
65,5F,53,48,42,3C,36,35,31,31,32,35,36,37,43,54,
71,77,68,5D,5A,59,61,63,6D,68,56,46,38,2F,32,31,
2D,36,43,4C,4C,49,4C,53,58,58,56,51,51,55,5B,5E,
63,64,6F,73,6F,72,77,72,74,6B,64,57,42,34,30,2C,
2D,2C,2A,2A,2B,2C,2E,2F,2E,2E,2E,2E,2E,2F,30,31,
32,33,30,2B,2B,2A,27,26,21,20,1D,29,42,5A,71,7D,
79,7A,7C,89,9B,A2,A2,A7,B0,B3,B7,B9,B9,BA,BD,BF,
C0,B3,99,82,78,70,6B,6D,71,71,74,7B,84,89,88,86,
8A,8A,8B,8D,8F,8F,90,90,92,93,92,90,8F,8E,8C,8A,
87,88,88,88,87,86,84,83,80,81,82,85,88,89,88,86,
7B,7E,82,89,90,96,9A,9B,9B,9A,99,99,99,94,8D,88,
86,84,81,7F,7E,7E,80,81,83,84,84,83,82,82,84,86,
8A,91,9A,A7,B9,C5,CC,D2,D4,D2,D1,CD,C4,BA,AC,A0,
99,90,8B,89,85,80,7E,7C,82,81,7E,7A,77,73,6B,62,
5B,57,56,55,51,4F,4F,4F,52,4F,4C,46,3F,3C,3A,35,
2E,2B,2A,2B,2A,2E,34,37,3D,41,48,43,3B,3D,4C,62,
7E,95,A7,A5,96,7E,67,59,57,54,4B,42,3E,37,31,2F,
2E,2D,2D,2E,2F,30,30,30,32,33,35,36,36,3A,45,50,
63,72,7F,86,87,84,81,82,85,8D,95,9B,A1,A1,9E,9C,
99,99,99,99,99,99,99,99,98,99,99,99,99,99,99,98,
99,99,99,98,98,99,99,99,9A,9A,9A,99,98,97,96,95,
97,97,97,96,96,96,96,97,97,97,96,95,94,93,93,92,
90,90,8F,8E,8E,8E,8D,8C,8A,8A,8A,8A,89,89,88,88,
8C,8A,88,87,86,89,91,99,A3,A8,AE,B4,B6,B7,B8,B8,
B9,B9,BA,BA,BA,BB,BB,BB,BD,BD,BD,BD,BD,BE,BE,BF,
69,69,68,67,66,64,62,61,5F,5E,5C,5A,59,58,57,56,
56,56,56,55,54,52,4F,4C,4D,4A,48,51,62,72,7C,84,
86,8C,94,9C,A2,A6,AA,AC,AF,B0,B0,AF,AE,AE,B0,B1,
B2,B3,B4,B3,B4,B3,B1,AF,AB,A7,A1,99,92,89,81,7C,
78,6D,5D,54,54,54,53,56,59,5B,5B,5C,5F,60,61,63,
68,6A,6D,6F,6E,6D,6E,6F,71,7A,83,86,81,79,77,79,
80,8A,91,93,93,89,7C,76,7F,7A,6C,5F,5B,58,58,5C,
60,5D,52,45,3C,35,32,34,31,30,2F,32,35,36,3E,4C,
6D,75,6B,65,66,67,6D,6E,76,6E,5B,4B,3D,34,34,31,
2B,33,3F,49,4B,4A,4E,54,5C,5E,5E,5A,57,58,5A,5C,
5B,60,6D,73,6F,71,76,73,71,6A,63,55,3F,31,2E,2C,
2E,2D,2B,2A,2B,2D,2E,2F,2E,2E,2E,2F,2F,30,31,31,
32,33,30,2B,2A,28,24,22,1D,1E,22,35,52,6A,78,7E,
77,77,7D,8D,A0,AA,AE,B2,B5,B8,BA,BC,BE,BF,BE,BB,
B5,9F,81,6C,67,68,6B,6F,72,75,79,7F,84,87,88,89,
8D,8E,8F,90,92,93,93,93,94,95,95,94,92,91,90,8E,
8D,8D,8D,8C,8A,89,87,86,85,86,88,8A,8B,8B,89,88,
83,86,8B,92,97,9C,9F,A0,9E,9C,9B,9A,99,95,8E,88,
87,85,82,7F,7E,7E,80,80,82,83,83,83,82,82,84,86,
8A,91,9A,A7,B7,C3,CD,D4,D4,D1,D0,CC,C3,BA,AE,A3,
9E,95,91,8F,8A,86,84,82,85,84,81,7D,7A,78,71,69,
63,5F,5E,5D,58,56,56,55,56,52,4D,46,3E,3B,3A,36,
31,2D,2C,2C,2A,2D,34,37,3E,42,49,44,3C,3E,4D,63,
80,96,A7,A6,99,81,67,56,57,53,49,40,3C,37,31,2F,
2E,2D,2D,2E,2F,30,30,2F,31,31,34,36,37,3D,49,55,
68,76,82,87,87,84,81,83,88,90,96,9C,A1,A1,9D,9B,
99,99,99,99,99,99,99,99,99,99,99,99,99,99,99,99,
99,99,99,98,98,99,99,99,9A,9A,99,99,98,97,96,95,
96,96,96,95,95,95,95,96,96,96,95,94,93,92,92,91,
8F,8E,8E,8D,8D,8D,8C,8C,8B,8B,8A,8A,89,89,88,88,
89,88,87,88,8B,91,9A,A1,AA,AE,B2,B6,B8,B8,B9,BA,
BA,BA,BA,BA,BA,BB,BB,BB,BD,BE,BE,BE,BF,BF,BF,BF,
68,68,68,67,66,64,63,62,60,5E,5C,5A,59,58,57,56,
57,56,56,55,54,52,4F,4C,4D,4A,48,50,62,71,7C,84,
87,8C,94,9C,A2,A7,AA,AC,AF,B0,B0,B0,AF,AF,B0,B2,
B2,B3,B3,B3,B3,B3,B1,AE,AB,A7,A1,9A,92,8A,82,7D,
79,6E,5E,54,54,54,53,55,58,5A,5A,5B,5F,60,61,63,
66,6A,6E,6F,6E,6C,6C,6D,73,79,82,89,8A,88,86,87,
92,99,9D,9C,98,8B,7A,71,72,69,58,4C,4B,4F,55,5C,
5D,5B,50,42,37,30,2F,34,32,30,2F,32,36,37,3D,47,
63,6C,6A,6C,74,77,7A,7A,7F,76,61,4F,41,37,34,2F,
29,2E,37,41,46,49,4D,52,5B,61,65,64,60,5C,5C,5C,
58,60,70,78,74,75,78,76,6D,69,64,55,3B,2D,2C,2C,
30,2E,2C,2B,2C,2D,2F,2F,2D,2D,2D,2E,2F,30,31,31,
31,31,2E,2A,2A,27,21,1E,1B,1F,2A,44,65,7A,7E,7C,
73,75,81,93,A4,B0,B7,B8,BA,BD,C0,C2,C6,C6,BD,B2,
A4,87,69,5B,5B,63,6C,70,74,79,7F,82,83,85,89,8C,
90,91,92,94,95,96,97,97,97,98,99,98,97,96,94,92,
8F,8E,8D,8C,8A,89,88,87,8B,8D,8F,90,8F,8E,8D,8C,
8B,8F,95,9A,9D,9F,A1,A3,A0,9E,9C,9B,99,95,8D,87,
88,86,83,81,7F,7F,80,80,82,82,83,82,82,82,84,86,
8B,92,9D,A8,B4,C2,CF,D8,D6,D3,D0,CB,C3,BC,B4,AB,
A5,9E,99,97,92,8E,8C,8A,8B,8A,86,81,7F,7E,7A,74,
6D,68,67,65,60,5E,5F,5E,5C,57,50,47,3E,3B,3A,37,
34,31,30,2E,2B,2D,34,38,3E,42,4A,45,3C,3E,4D,64,
81,96,A6,A8,9D,86,68,54,56,50,47,3F,3A,36,32,2F,
2E,2D,2D,2E,30,31,30,2F,30,30,32,35,39,40,4E,5B,
6D,7A,85,88,87,83,81,84,8A,92,98,9D,A1,A0,9B,99,
99,99,99,99,99,99,99,99,99,99,99,99,99,99,99,99,
99,99,98,98,98,98,99,99,9A,9A,99,99,98,97,96,95,
95,94,94,94,94,94,94,94,94,94,93,92,91,91,90,8F,
8D,8D,8C,8C,8C,8C,8C,8B,8C,8B,8A,8A,8A,89,88,86,
86,86,87,8C,92,9A,A4,AB,B0,B2,B4,B5,B6,B7,B9,BA,
BB,BB,BB,BB,BB,BC,BC,BD,BF,BF,C0,C0,C0,C0,C0,C0,
67,67,66,66,65,63,62,61,5F,5D,5B,59,58,57,56,55,
57,56,56,55,54,51,4E,4C,4C,49,47,4F,61,71,7B,83,
87,8C,94,9C,A2,A7,AA,AC,AF,B0,B1,B0,AF,AF,B0,B2,
B1,B2,B3,B3,B3,B2,B0,AE,AA,A6,A0,99,91,89,82,7D,
79,6E,5E,55,54,54,53,55,58,5A,5A,5B,5F,61,61,64,
66,6A,6E,70,6E,6C,6B,6C,71,76,7E,87,8C,8D,8D,8E,
98,9B,9C,99,92,84,73,67,66,5B,4C,43,45,4E,59,61,
5E,57,49,3D,36,30,2E,31,30,31,31,32,34,36,3E,4A,
5D,66,69,6E,78,79,76,75,79,71,5D,4C,3E,36,34,2E,
2C,2D,31,39,40,46,4A,4E,57,5E,66,69,65,5F,5C,5C,
57,60,6F,78,76,74,74,71,6A,6A,6A,5A,3E,2E,2E,2E,
31,2F,2C,2B,2C,2E,2F,2F,2C,2C,2C,2D,2E,2F,2F,2F,
2E,2E,2B,29,2A,26,20,1E,21,27,39,55,74,84,7F,7A,
73,79,8C,9D,A6,AF,B6,B5,BA,BE,C3,C6,CA,C5,B2,9F,
87,6E,5D,5A,5D,66,70,72,78,7B,7F,82,83,86,8A,8D,
91,92,94,95,96,97,98,99,99,9B,9C,9B,9B,9A,98,96,
91,91,8F,8E,8D,8D,8D,8D,8F,91,93,94,94,92,92,92,
93,97,9C,9E,9F,9F,A1,A3,A2,A1,A0,9F,9D,97,8E,88,
8A,88,85,82,81,80,80,81,81,82,82,82,82,82,84,85,
8C,92,9C,A6,AF,BD,CF,DA,D9,D5,D0,CA,C2,BE,B9,B3,
AC,A5,A1,9E,98,94,92,8F,8D,8B,87,82,81,81,7E,7B,
74,6F,6C,6A,65,64,65,65,64,5E,55,4A,40,3C,3B,38,
36,33,32,30,2C,2D,35,3A,3E,41,49,45,3B,3C,4C,63,
82,96,A7,A8,9E,88,6B,56,54,4D,47,41,3A,35,32,2F,
2E,2D,2D,2E,31,31,30,2F,2F,2F,31,35,3A,43,52,5F,
71,7D,87,88,86,82,82,86,8C,93,99,9D,A1,9F,9A,97,
99,99,99,99,99,99,99,99,99,99,99,99,99,99,99,99,
99,98,98,98,98,98,98,99,99,99,99,98,97,96,95,95,
93,93,92,92,92,92,92,92,92,92,91,90,8F,8F,8E,8D,
8D,8C,8B,8B,8C,8C,8B,8A,8B,8A,89,89,8A,89,88,86,
87,88,8B,91,9A,A3,AB,B0,B4,B4,B4,B4,B4,B5,B7,B9,
BD,BD,BD,BD,BD,BD,BE,BE,C0,C0,C1,C1,C1,C1,C1,C0,
65,65,65,64,63,62,60,60,5E,5C,5A,58,57,56,55,54,
56,56,55,55,53,51,4D,4B,4A,47,45,4E,60,6F,7A,82,
86,8C,94,9C,A2,A6,AA,AC,AF,B0,B0,B0,AF,AF,B0,B2,
B1,B2,B2,B2,B2,B2,B0,AD,A8,A5,9F,98,90,88,80,7B,
77,6D,5D,54,55,55,54,56,59,5B,5B,5C,60,61,62,64,
67,6B,6E,6F,6D,6B,6B,6C,6F,73,7A,82,87,8A,8D,8F,
96,94,91,8B,82,78,6B,61,5C,52,48,43,46,50,5A,5F,
5B,4E,3D,34,34,31,2D,2D,2D,32,33,32,32,35,41,50,
60,66,6A,6C,70,6C,63,62,66,62,53,43,38,33,35,33,
32,2F,2E,34,3C,43,47,4A,51,59,61,66,65,60,5D,5C,
5E,65,6F,76,75,71,6E,6B,69,6D,71,62,45,33,32,32,
32,2F,2C,2B,2C,2E,2F,2F,2C,2C,2C,2D,2F,2F,2F,2E,
2D,2D,2A,29,2A,27,22,21,29,35,4F,68,7F,87,7B,77,
75,82,99,A8,AA,AE,B3,B2,B6,BC,C3,C7,C6,BA,9E,85,
64,58,57,5F,65,6B,74,77,7A,7B,7D,81,84,88,8B,8C,
92,93,94,95,96,97,99,9A,9B,9D,9E,9D,9D,9C,9B,99,
90,90,90,8F,8F,90,90,91,92,94,97,98,99,99,99,9A,
9C,9F,A1,A2,A0,A0,A2,A4,A5,A4,A5,A5,A3,9C,92,8B,
8B,8A,87,84,83,82,82,82,82,82,82,82,82,83,84,85,
89,8E,9A,A2,A8,B7,CC,D7,D9,D4,D0,C8,C0,BD,BB,B7,
B0,AA,A5,A2,9C,98,95,92,8C,89,85,80,7E,7E,7E,7D,
79,73,6F,6C,68,67,69,6A,6B,64,5B,4F,44,3F,3D,3A,
37,34,33,31,2D,2F,37,3C,3D,40,47,43,3A,3A,4A,63,
84,99,A8,A7,9C,88,6C,58,51,4B,48,45,3B,35,32,2F,
2E,2D,2D,2F,31,32,30,2E,30,2F,31,34,3A,44,54,62,
73,7E,86,86,85,83,83,88,8D,93,98,9C,9F,9E,99,97,
98,98,98,98,98,98,98,98,99,99,99,99,99,99,99,99,
98,98,98,97,97,98,98,98,99,98,98,98,97,96,95,95,
92,91,91,91,90,91,91,91,91,91,90,8F,8E,8D,8D,8C,
8D,8C,8B,8B,8B,8B,8B,8A,8A,89,89,89,8A,8A,89,88,
8A,8D,92,99,A2,AB,B2,B5,B8,B7,B6,B5,B6,B7,B9,BB,
BE,BE,BE,BF,BF,C0,C0,C0,C0,C0,C1,C1,C2,C1,C1,C1,
65,65,65,64,63,62,60,5F,5E,5C,5A,59,58,57,56,55,
57,57,56,55,54,51,4E,4C,4B,48,46,4F,60,70,7A,82,
85,8A,93,9B,A1,A6,A9,AB,AF,AF,B0,AF,AE,AE,AF,B1,
B1,B2,B2,B2,B2,B1,AF,AC,A8,A4,9E,97,8F,87,7F,7A,
75,6B,5C,54,55,55,55,57,5A,5C,5C,5D,60,62,62,65,
6A,6C,6E,6E,6D,6C,6C,6C,6A,6E,74,79,7D,80,85,8A,
8E,88,82,7A,71,6C,67,60,52,4C,49,49,4C,53,59,5A,
54,46,35,2F,33,34,30,30,34,3A,3D,3B,3A,3E,4A,58,
62,66,69,66,65,5E,52,54,5E,5D,50,40,34,31,36,36,
33,2F,2C,31,3B,44,48,49,49,4E,56,5D,61,61,61,61,
64,67,6A,6C,6A,66,63,63,66,6C,71,63,46,35,33,33,
32,2F,2C,2B,2D,2F,30,30,2D,2D,2D,2F,30,31,30,2F,
2F,2E,2B,2A,2A,28,26,27,30,43,64,78,84,83,74,72,
77,8A,A2,AE,AE,AF,B2,B3,B6,BD,C4,C4,BC,A6,86,6B,
52,52,58,63,69,6E,74,79,79,7B,7E,82,86,89,8B,8C,
94,95,95,96,96,97,99,9B,9D,9F,9F,9F,9F,9F,9E,9C,
94,95,95,96,97,97,98,98,98,99,9B,9D,9E,9F,A0,A1,
A1,A3,A4,A3,A1,A1,A2,A4,A5,A5,A6,A7,A5,9F,95,8E,
8C,8B,89,87,85,84,83,83,84,84,83,83,83,83,84,84,
88,8D,9A,A3,A6,B4,CA,D5,D8,D5,D2,CC,C3,BF,BC,B8,
AF,AA,A7,A3,9E,9B,9A,97,8E,8B,87,82,80,7F,7F,7F,
7D,77,73,71,6C,6C,6E,6F,70,6A,61,55,48,42,3F,3A,
37,34,33,32,2F,31,38,3D,3D,3F,46,42,38,38,49,63,
87,9C,AA,A7,9B,87,6D,5A,4E,49,4A,48,3C,34,33,2F,
2E,2D,2D,2F,32,32,30,2E,2F,2E,30,34,3B,47,57,65,
74,7D,84,85,85,84,85,89,8E,94,98,9B,9E,9D,99,98,
98,98,98,98,98,98,98,98,98,99,99,99,99,99,99,98,
97,97,97,97,97,97,97,97,98,98,97,97,96,95,95,94,
92,91,91,91,91,91,91,91,91,91,90,8F,8E,8D,8C,8C,
8E,8D,8C,8B,8B,8B,8A,89,89,89,89,89,89,8A,8B,8C,
91,95,9C,A3,AC,B3,B7,B8,B9,B8,B8,B8,B8,B9,BA,BC,
BE,BF,C0,C1,C1,C2,C2,C2,C1,C1,C1,C1,C1,C1,C1,C2,
64,64,63,63,62,60,5F,5E,5D,5B,59,58,57,57,56,55,
57,56,56,55,54,51,4E,4B,4B,48,46,4E,60,6F,7A,81,
83,89,92,9A,A0,A5,A9,AB,AE,AF,AF,AE,AD,AD,AF,B0,
B1,B2,B3,B2,B2,B2,AF,AD,A9,A5,9F,97,8F,87,7F,7A,
74,6A,5B,54,55,55,55,57,5A,5C,5C,5D,61,62,62,65,
6D,6D,6D,6D,6D,6D,6D,6D,69,6B,6E,71,73,75,7A,7F,
7D,77,73,6D,66,65,65,60,53,50,53,57,57,59,59,55,
4B,41,34,30,33,35,36,3A,44,4A,4C,4B,4D,50,57,5F,
62,64,67,61,5D,55,4A,50,62,61,52,40,33,2F,34,33,
30,2D,2C,33,40,4A,4F,4E,45,45,4A,53,5B,60,62,63,
62,61,5D,58,55,52,53,58,63,68,6C,5D,41,33,32,33,
33,30,2C,2B,2D,30,31,30,2C,2C,2D,2F,32,33,32,30,
30,30,2C,2B,2C,2B,2C,30,3C,50,74,80,82,7D,6D,6F,
80,95,A9,B1,B2,B2,B4,B7,B9,BE,C2,BD,AB,8E,6C,54,
50,55,5A,63,6B,6F,73,78,76,7C,83,88,89,89,8B,8D,
95,96,97,96,96,97,9A,9C,9E,A0,A0,A0,A1,A2,A2,A1,
A1,A2,A4,A5,A6,A5,A4,A4,9F,9F,9F,A0,A1,A3,A3,A4,
A2,A3,A5,A5,A3,A3,A4,A5,A4,A3,A4,A5,A4,9F,96,90,
8D,8C,8A,88,87,86,85,85,85,85,84,84,84,84,84,84,
87,8D,9D,A7,A9,B6,CA,D3,D7,D7,D6,D1,C8,C2,BC,B6,
AC,A9,A7,A5,A1,A0,9F,9D,94,91,8D,88,84,82,82,82,
7F,7A,78,76,73,71,73,72,73,6D,65,59,4C,45,40,3A,
36,32,32,31,2F,32,38,3B,3C,3E,44,3F,35,36,47,62,
88,9D,AA,A7,9C,89,70,5C,4C,48,4C,4A,3C,33,33,30,
2E,2D,2D,2F,32,33,30,2D,2D,2C,2F,35,3D,49,5B,69,
75,7D,83,85,86,86,87,8B,91,96,99,9B,9E,9E,9A,99,
98,98,98,98,98,98,98,98,98,98,98,99,99,98,98,98,
97,96,96,96,96,96,96,97,97,97,97,96,96,95,94,94,
93,92,92,92,92,92,92,92,92,91,91,90,8F,8E,8D,8D,
8F,8E,8C,8B,8B,8A,89,88,88,88,89,89,89,8B,8E,90,
99,9F,A7,AE,B4,B9,BB,BB,B9,B9,B9,BA,BA,BA,BB,BB,
BD,BE,C0,C2,C3,C3,C2,C2,C1,C1,C0,C0,C1,C1,C2,C3,
60,60,60,5F,5E,5D,5B,5A,59,58,56,55,54,54,53,53,
54,54,53,52,51,4E,4B,49,48,45,43,4B,5D,6C,76,7E,
83,88,91,99,A0,A5,A9,AB,AD,AE,AE,AE,AD,AD,AE,B0,
B2,B3,B3,B3,B2,B2,B0,AD,AA,A6,A0,98,90,87,7F,7A,
74,6A,5B,53,54,55,55,57,5A,5C,5C,5D,60,62,62,64,
6F,6E,6C,6C,6D,6D,6D,6D,6C,6B,6C,6D,6E,6F,74,78,
73,6F,70,6E,68,69,6B,66,5D,5C,61,65,60,5D,59,50,
42,3D,35,31,32,33,39,42,52,56,57,58,5C,5F,60,62,
63,64,66,5E,58,50,46,4F,64,62,51,3F,31,2D,32,30,
2F,2D,2F,38,47,53,58,57,48,45,45,4C,55,5A,5D,5E,
65,62,5A,51,4B,49,4E,58,64,68,69,59,3F,32,34,34,
34,30,2C,2C,2E,30,31,31,2B,2B,2C,2F,32,33,32,31,
30,30,2D,2B,2D,2E,31,38,48,5C,7D,84,80,79,6A,70,
8B,A0,AF,B4,B7,B6,B7,BC,B9,BD,BE,B4,9C,7A,59,44,
4F,55,58,5F,6B,71,73,78,73,7D,89,8D,8B,89,8A,8E,
95,96,97,96,96,97,99,9C,9F,A1,A1,A1,A2,A5,A5,A5,
A6,A7,A9,AA,AA,A9,A7,A6,A5,A3,A2,A1,A3,A4,A4,A4,
A2,A4,A6,A7,A7,A6,A6,A7,A4,A3,A3,A4,A3,9F,98,92,
8D,8C,8B,89,88,87,86,86,87,86,85,85,84,84,84,83,
86,8C,9E,AA,AA,B6,C9,D0,D4,D5,D8,D4,CB,C2,BA,B2,
AA,A7,A6,A5,A3,A3,A4,A2,97,95,91,8C,87,84,84,84,
7F,7C,7B,7B,77,75,75,74,73,6E,67,5C,4F,46,40,3A,
35,31,31,31,2F,32,37,3A,3B,3C,42,3D,33,33,45,61,
88,9C,A9,A7,9E,8D,73,5F,4C,48,4D,4B,3B,32,33,31,
2E,2D,2D,2F,32,33,30,2D,2B,2B,2E,35,3E,4C,5E,6C,
76,7E,83,85,87,88,89,8C,93,98,9A,9C,9E,9E,9B,9A,
98,98,98,98,98,98,98,98,98,98,98,98,98,98,98,98,
96,96,96,96,96,96,96,96,96,96,96,96,95,94,94,93,
94,93,93,93,93,93,93,93,93,92,92,91,90,8F,8E,8E,
8F,8E,8C,8B,8B,89,88,87,87,89,8A,8A,8A,8C,90,93,
A1,A7,AF,B5,B9,BC,BC,BB,BA,BA,BB,BC,BD,BD,BC,BB,
BC,BE,C0,C2,C4,C3,C3,C2,C1,C1,C0,C0,C1,C2,C3,C4,
5D,5C,5A,58,56,54,52,51,50,50,4F,4F,4F,4F,4F,4F,
4E,4E,4D,4C,4A,48,44,42,43,41,40,48,58,66,70,78,
7B,84,90,99,9F,A4,A9,AD,AE,AD,AC,AD,AE,AF,B0,B0,
AF,B0,B1,B2,B2,B1,B0,AF,AC,AB,A5,9D,92,88,7D,75,
6F,6A,61,5A,54,51,52,55,59,5B,5E,60,61,63,65,66,
6E,6F,6C,6A,6A,6B,6D,72,73,73,72,70,6E,6E,70,72,
71,77,79,7B,7D,76,6C,6A,73,78,7A,76,6E,62,54,48,
3F,3C,39,38,39,38,3E,49,5C,5F,55,55,5D,62,69,65,
62,62,68,66,55,4B,4F,54,62,5B,49,37,2E,2C,2B,2C,
2B,2C,30,3B,4D,5D,66,67,53,4C,48,4C,51,52,50,4F,
58,5C,5D,57,50,50,58,61,72,6F,60,4C,3F,38,37,39,
34,32,30,30,31,33,33,32,27,25,28,2E,33,32,2D,2A,
2E,2F,30,29,2B,30,32,41,52,67,82,89,7A,6F,76,81,
99,A9,B1,B8,BD,BA,B9,B9,BC,C0,BF,AB,85,62,4D,44,
4D,54,5A,60,6A,71,74,77,78,81,87,8A,8C,8C,8D,91,
95,96,98,98,97,97,99,9B,A0,A1,A3,A3,A2,A2,A4,A5,
A6,A6,A7,A7,A8,A7,A7,A6,A5,A4,A4,A4,A4,A5,A5,A6,
A6,A6,A6,A7,A8,A7,A6,A5,A3,A4,A5,A7,A6,A1,9B,96,
92,91,8E,8B,89,87,85,84,83,83,83,83,83,84,84,84,
86,8B,94,9E,A9,B6,C5,D1,D4,D7,D6,D3,CF,C4,B6,AE,
AE,AC,A9,A8,A7,A4,9F,9B,94,90,8D,8C,8C,89,86,85,
82,7F,7C,7B,7B,7A,78,76,74,6E,67,5D,4F,45,3E,39,
36,32,30,30,31,34,38,3B,3B,3E,42,3B,33,32,3F,57,
79,97,A4,AA,AD,9A,79,62,4D,45,48,42,35,30,30,35,
2E,2E,2C,2E,34,33,2E,2B,28,27,2C,33,3E,52,69,75,
7C,7F,82,85,87,8A,8D,90,96,9A,9F,A0,9E,9C,9A,97,
9A,99,98,98,97,97,96,96,97,97,97,97,97,96,95,95,
97,97,96,96,95,95,95,95,95,95,95,95,94,94,93,93,
91,92,94,95,96,96,95,95,93,92,91,90,8F,90,90,91,
90,8F,8B,89,8A,8A,88,89,88,87,88,88,89,8C,94,9C,
A5,AA,B2,B8,BC,BD,BD,BD,BC,BD,BD,BE,BE,BE,BE,BE,
BF,C0,C1,C2,C2,C2,C2,C2,C2,C2,C2,C1,C1,C1,C2,C2,
5A,59,58,56,53,50,4E,4D,4D,4D,4D,4D,4D,4D,4D,4D,
4B,4A,4A,49,47,44,41,3F,40,3F,3E,45,55,63,6D,75,
7B,84,90,99,9F,A4,A9,AC,AD,AD,AC,AD,AE,AF,B0,B0,
AF,B0,B1,B2,B2,B1,B0,AF,AD,AB,A6,9D,93,88,7E,76,
6F,69,61,5A,54,50,51,54,59,5B,5E,60,61,63,65,66,
6B,6D,6B,69,6B,6D,6F,74,75,76,76,76,75,76,78,79,
7D,82,84,85,86,7F,75,73,84,84,7F,75,69,5D,4F,44,
3D,3C,3A,3A,3B,3B,40,4B,5E,61,55,56,62,67,6B,6A,
64,63,68,67,5C,55,57,58,5F,52,3D,2D,29,2A,29,2A,
2C,2D,31,3A,4A,5A,64,68,57,53,51,54,57,55,53,53,
59,5E,62,60,5B,5A,60,67,76,71,61,4F,44,40,3F,40,
3B,37,32,2F,2F,31,32,32,27,26,29,2E,31,30,2E,2C,
2D,2E,30,2A,2A,2F,36,48,5D,6D,7E,80,79,75,7F,8C,
A2,AF,B3,B8,BE,BD,BD,BD,BD,BB,B1,95,6D,4F,45,44,
4E,54,5A,60,6A,71,74,76,79,81,87,8B,8D,8D,8E,92,
94,96,97,97,96,96,98,9A,9F,A0,A1,A1,A1,A1,A2,A4,
A5,A5,A6,A7,A7,A7,A6,A6,A5,A5,A4,A4,A4,A5,A6,A6,
A7,A7,A7,A8,A9,A8,A7,A6,A5,A5,A7,A8,A6,A2,9B,96,
93,91,8E,8C,89,87,85,83,82,82,83,83,83,83,84,84,
84,88,91,9B,A6,B4,C4,D0,D5,D8,D7,D4,D0,C5,B7,AE,
AE,AC,A9,A8,A6,A3,9E,9A,93,90,8D,8D,8C,8A,87,85,
83,80,7D,7C,7C,7B,79,77,75,70,69,5E,51,46,40,3A,
36,33,30,31,33,35,38,3B,3B,3D,41,3A,31,30,3D,56,
77,94,A5,AC,AD,9B,7E,67,4D,43,43,3D,32,2F,2F,33,
2E,2E,2C,2E,34,34,2E,2B,28,29,2D,36,44,59,6F,7B,
7E,80,83,86,88,8B,8E,91,97,9C,A0,A1,9F,9D,9A,97,
9A,99,98,98,97,97,96,96,97,97,97,97,97,96,95,95,
97,96,96,95,95,95,95,95,94,95,95,94,94,93,93,92,
91,92,94,95,95,95,95,94,93,92,91,90,8F,90,90,90,
8F,8E,8A,89,8B,8A,88,89,87,87,88,8B,8E,93,9C,A3,
A9,AE,B5,BB,BE,BF,BF,BF,BE,BE,BF,C0,C0,C0,C0,BF,
C0,C0,C1,C2,C2,C2,C1,C1,C2,C2,C1,C1,C1,C1,C1,C1,
5A,59,57,55,53,50,4E,4D,4D,4C,4C,4C,4C,4C,4C,4C,
4A,4A,49,48,46,43,40,3E,40,3E,3D,45,55,62,6D,75,
7B,84,90,9A,A0,A4,A8,AB,AD,AD,AC,AD,AE,AF,AF,AF,
AF,B0,B1,B2,B2,B1,B0,AF,AD,AC,A6,9E,93,89,7E,76,
6F,69,62,5A,54,50,51,53,58,5B,5E,61,62,63,64,66,
6B,6D,6B,6A,6B,6C,6E,72,77,79,7E,81,84,87,8A,8C,
8C,8F,8F,8F,8E,88,80,7E,82,7D,71,63,58,4F,46,3F,
3D,3D,3C,3D,3E,3E,43,4D,5C,5F,52,53,65,6B,6C,6D,
6B,68,67,64,60,60,63,62,59,48,30,25,27,29,28,28,
2A,2D,30,37,41,4F,5B,61,5B,5B,5D,60,60,5D,5D,5E,
5F,67,6F,71,6F,6E,71,76,77,71,64,56,4D,4B,4A,49,
44,3E,35,2F,2D,2D,2F,30,2A,2B,2D,30,30,30,30,31,
2E,2D,2E,2B,2E,34,3E,50,69,72,75,74,78,7F,8B,99,
A7,B1,B4,B9,BF,C1,C4,C3,BF,B2,9A,77,51,3D,40,48,
50,55,5A,61,6B,72,74,76,7B,82,87,8B,8E,8E,8F,93,
93,95,97,97,96,96,98,99,9D,9E,A0,A0,9F,A0,A1,A2,
A4,A4,A5,A6,A6,A6,A6,A6,A5,A5,A5,A5,A5,A6,A6,A7,
A8,A8,A8,A9,A9,A9,A8,A7,A6,A7,A9,A9,A8,A3,9C,97,
94,92,8F,8C,8A,87,85,83,82,82,82,83,83,83,83,83,
84,88,90,9A,A6,B4,C5,D1,D6,D9,D8,D5,D1,C6,B7,AE,
AD,AB,A8,A7,A5,A1,9C,98,91,8E,8D,8D,8D,8B,88,86,
84,81,7E,7D,7D,7D,7B,79,76,71,6A,60,52,48,41,3C,
37,34,31,32,34,36,38,39,3A,3B,3E,37,2F,2F,3C,54,
74,90,A5,AE,A9,99,82,6A,4E,40,3D,38,31,2F,2F,30,
2E,2D,2B,2D,34,34,2F,2B,29,2A,2F,3A,4B,60,74,7F,
80,82,84,86,89,8C,90,93,99,9D,A1,A2,A0,9E,9B,98,
9A,99,98,98,97,97,96,96,97,97,97,97,97,96,95,95,
96,96,95,95,94,94,94,94,94,94,94,94,93,93,92,92,
92,92,93,94,95,95,94,94,93,92,91,90,8F,8F,90,90,
8D,8D,89,89,8C,8B,88,87,84,86,89,8E,93,9A,A3,AA,
B0,B4,B9,BF,C2,C2,C2,C1,C0,C0,C1,C2,C2,C2,C1,C1,
C0,C1,C1,C1,C1,C1,C1,C0,C1,C1,C0,C0,C0,C0,C0,C0,
5A,59,58,56,54,52,50,4F,4E,4E,4D,4D,4C,4B,4B,4B,
4B,4A,49,48,46,44,41,3F,41,3F,3E,45,55,63,6D,76,
7B,84,90,9A,A0,A4,A8,AB,AE,AD,AC,AD,AD,AE,AE,AE,
AF,B0,B1,B2,B2,B1,B0,AF,AE,AC,A6,9E,93,89,7E,77,
70,6A,62,5A,54,50,50,53,57,5A,5F,61,62,62,64,65,
6A,6D,6F,70,74,77,7A,7F,83,85,89,8C,8F,91,93,94,
95,93,8E,88,83,7D,78,75,76,6E,61,53,4A,45,41,3E,
40,3F,3C,3D,40,42,47,4F,59,5C,50,52,67,6E,6A,6D,
6F,6D,6A,67,67,68,66,61,51,40,2C,25,2A,2B,27,26,
29,2C,30,33,38,41,4D,55,59,5C,61,65,64,63,66,6A,
69,6F,75,75,6F,69,68,69,69,68,65,5F,5A,5A,59,55,
4F,45,39,31,2C,2B,2B,2C,2D,2F,31,31,2F,2E,30,33,
30,2C,2C,2D,32,3B,4A,5B,72,75,6E,6C,7A,8A,96,A3,
A9,B3,B7,BC,C0,C3,C6,C3,BD,A2,7D,58,3E,38,43,4E,
54,58,5C,63,6D,72,73,74,7B,81,86,8A,8E,8F,90,93,
93,95,97,97,96,96,97,99,9D,9E,9F,9F,9E,9F,A0,A2,
A3,A4,A4,A5,A6,A6,A6,A6,A6,A6,A6,A6,A6,A7,A7,A8,
A8,A8,A8,A9,A9,A9,A8,A7,A7,A8,AA,AB,A9,A4,9D,98,
95,93,90,8D,8A,88,85,84,82,82,83,83,83,83,83,83,
84,88,8F,99,A6,B5,C6,D2,D6,D9,D8,D6,D2,C6,B7,AE,
AB,A9,A7,A5,A3,9F,9A,96,8F,8D,8C,8D,8E,8C,88,86,
85,82,7F,7E,7F,7F,7D,7A,76,71,6A,60,53,48,42,3C,
38,34,32,34,36,37,38,38,39,39,3B,34,2D,2E,3C,54,
74,8D,A6,AE,A4,96,83,6A,4F,3F,39,35,31,31,2F,2E,
2D,2C,2A,2C,33,34,30,2D,2C,2E,32,3E,52,67,77,81,
82,83,85,87,89,8D,92,95,9C,9F,A3,A3,A1,9E,9B,99,
9A,99,98,98,97,97,96,96,97,97,97,97,97,96,95,95,
95,95,95,94,94,93,93,93,93,93,93,93,93,92,92,91,
92,92,93,94,94,94,94,93,92,92,91,90,8F,8F,8F,90,
8B,8B,89,89,8C,8B,86,84,83,86,8C,92,9A,A2,AA,B0,
B6,B9,BD,C1,C4,C4,C3,C2,C1,C1,C2,C3,C3,C2,C2,C1,
C1,C1,C1,C1,C1,C1,C0,C0,C0,C0,C0,C0,C0,C0,C0,C0,
59,58,58,56,55,53,51,51,50,50,4F,4E,4C,4B,4A,4A,
4A,49,48,47,45,43,41,3F,3F,3D,3C,44,54,62,6D,75,
7C,84,90,9A,A0,A3,A8,AB,AE,AD,AD,AD,AD,AE,AE,AD,
AF,B0,B1,B2,B2,B1,B0,AF,AD,AC,A6,9E,93,89,7E,76,
71,6B,62,5A,53,50,50,52,57,5A,5F,61,62,62,64,65,
67,6D,73,7A,84,8C,92,98,9B,9B,9B,99,96,93,90,8F,
93,8B,7F,73,68,61,5D,5A,5C,56,4D,45,42,43,45,44,
41,3E,39,3B,42,47,4C,52,5B,5D,55,56,6A,70,67,6A,
6E,71,72,71,6F,68,5B,51,46,3B,2F,2C,2F,2D,27,26,
29,2D,32,34,35,39,42,4A,52,57,5E,61,60,61,67,6E,
76,76,73,6B,5E,52,4B,49,4F,57,63,69,67,69,69,64,
58,4C,3E,34,2F,2C,2B,2A,2E,31,32,30,2C,2B,2E,30,
2F,2D,2C,2E,31,3E,57,6B,79,77,6B,6A,7E,92,A0,AC,
B0,B9,BC,BF,C0,C1,C3,BD,B2,8B,5D,3E,33,3A,4B,55,
59,5C,5E,65,6F,73,73,73,7C,81,84,88,8D,8F,90,93,
93,95,97,97,96,96,97,99,9D,9E,9F,9F,9E,9E,A0,A2,
A2,A3,A4,A4,A5,A6,A6,A6,A6,A6,A6,A7,A7,A8,A8,A8,
A9,A9,A9,A9,A9,A9,A8,A7,A7,A8,AA,AB,AA,A5,9E,99,
95,93,90,8E,8B,89,86,85,83,83,83,83,83,83,82,82,
82,85,8C,97,A3,B3,C4,D0,D5,D9,D9,D6,D2,C7,B7,AE,
AA,A8,A5,A3,A1,9D,99,95,8F,8D,8C,8E,8E,8C,88,86,
86,83,80,7F,80,80,7D,7B,77,71,6A,60,53,49,42,3D,
37,34,33,34,37,38,38,39,39,38,39,32,2B,2E,3C,55,
73,8C,A4,AD,A1,94,84,6B,4F,3E,37,34,30,31,2F,2D,
2D,2D,2A,2D,33,34,30,2E,2F,31,35,43,5B,6F,7B,83,
83,84,85,86,88,8D,93,97,9D,A1,A3,A2,A0,9E,9C,9A,
9A,99,98,98,97,97,96,96,97,97,97,97,97,96,95,95,
95,95,94,94,93,93,93,93,93,93,93,93,92,92,91,91,
92,92,93,93,94,93,93,93,92,91,91,90,8F,8F,8F,8F,
8B,8B,89,89,8B,89,84,82,85,8B,93,9B,A3,AC,B3,B8,
BA,BC,BF,C2,C4,C4,C3,C2,C1,C1,C2,C3,C3,C2,C1,C0,
C2,C2,C2,C1,C1,C1,C0,C0,C0,C0,C0,C0,C0,C1,C1,C1,
59,59,58,57,56,54,53,52,51,50,4F,4D,4C,4A,49,49,
4A,49,48,47,45,43,41,3F,3F,3D,3C,44,54,63,6E,76,
7D,85,90,9A,9F,A3,A7,AB,AF,AE,AD,AD,AE,AE,AD,AD,
AF,B0,B1,B2,B2,B1,B0,AF,AE,AC,A6,9E,93,89,7E,77,
72,6B,62,59,52,4F,50,52,57,5A,5F,61,61,61,64,66,
69,70,76,7D,87,8D,92,98,9C,9B,99,96,91,8C,88,86,
86,7B,6E,61,54,4F,4E,4C,49,46,41,3E,3E,40,42,44,
3F,3C,3A,3D,46,4C,50,55,5D,5E,5C,5E,6E,71,65,67,
70,74,72,6E,6A,5E,4D,43,3C,39,33,30,31,2D,28,26,
28,2C,32,34,33,34,3A,41,4B,51,57,59,58,5A,61,67,
72,6F,67,5C,4F,45,3F,3D,41,4E,63,70,6F,70,70,6A,
5E,50,40,37,34,30,2D,2B,30,33,33,30,2C,2C,2D,2E,
2C,2E,2D,2E,30,42,66,7C,7C,76,6C,6D,81,96,A6,B2,
B5,BC,BF,C1,BF,BF,BE,B4,9C,74,47,30,31,41,54,5D,
5E,5F,60,68,72,75,73,73,7D,81,83,87,8C,8F,8F,91,
92,94,97,97,96,96,97,98,9C,9D,9E,9E,9D,9E,A0,A1,
A1,A2,A3,A4,A5,A6,A6,A7,A7,A7,A7,A7,A8,A9,A9,A9,
AA,AA,A9,A9,A9,A8,A7,A6,A6,A7,A9,AB,AA,A5,9E,99,
95,93,91,8E,8C,8A,88,86,85,85,84,84,83,83,82,82,
81,84,8B,95,A2,B2,C2,CE,D5,D9,D9,D7,D3,C7,B7,AD,
A9,A6,A3,A0,9F,9C,99,96,90,8E,8D,8E,8F,8C,88,86,
87,83,80,7F,80,80,7D,7B,77,71,6A,5F,51,48,42,3D,
35,34,33,35,36,37,38,3A,3B,39,38,31,2B,2E,3D,56,
73,8B,A2,AA,A1,95,86,6E,4E,3D,37,33,2E,2F,2E,2E,
2F,2F,2D,2E,33,33,30,2F,2D,31,35,46,62,75,7D,84,
84,84,85,85,88,8D,94,99,9F,A1,A3,A1,9F,9D,9C,9B,
9A,99,98,98,97,97,96,96,97,97,97,97,97,96,95,95,
95,95,94,93,93,93,93,93,93,93,93,93,92,92,91,91,
92,92,93,93,93,93,92,92,92,91,90,90,8F,8F,8F,8F,
8C,8C,89,87,89,87,84,84,89,91,9C,A5,AC,B3,B9,BD,
BD,BE,C0,C2,C3,C3,C2,C1,C0,C1,C2,C2,C2,C1,C0,BF,
C2,C2,C2,C2,C1,C1,C1,C1,C0,C1,C1,C2,C3,C3,C3,C3,
5B,5B,5A,59,57,55,53,53,50,50,4F,4D,4C,4A,49,49,
4B,4A,49,47,46,44,42,40,40,3E,3D,45,55,64,6F,78,
7E,86,90,99,9E,A3,A8,AB,AF,AE,AE,AE,AE,AE,AD,AD,
AF,B0,B1,B2,B2,B1,B0,AF,AE,AC,A7,9E,94,89,7F,77,
72,6B,61,58,51,4D,4F,52,57,5B,5F,60,60,61,64,66,
6E,73,76,79,7D,7F,80,83,82,83,83,83,80,7C,78,76,
73,69,61,59,4F,4E,50,4D,4C,4A,47,43,3F,3C,3B,3B,
3D,3F,40,45,4C,50,53,57,5B,5D,62,66,71,73,67,67,
70,6F,67,60,5C,51,42,3B,35,37,34,30,2F,2C,29,29,
29,2D,31,33,31,2F,34,3A,43,48,4D,4E,4D,4F,54,59,
5C,58,50,47,40,3C,3C,3D,42,4E,66,73,71,71,70,68,
5F,4F,3E,37,36,33,30,2D,31,33,33,30,2E,2E,2E,2D,
2B,2C,2B,31,38,50,74,84,7B,76,73,79,89,9B,AB,B4,
B7,BD,C1,C4,C0,BA,B1,9E,7D,5C,3C,30,36,47,5A,64,
61,61,62,6A,75,78,75,74,7F,82,83,86,8C,8E,8D,8F,
92,94,96,97,95,95,96,98,9B,9C,9D,9D,9C,9D,9F,A1,
A0,A1,A2,A3,A4,A5,A6,A6,A7,A7,A8,A8,A9,A9,AA,AA,
AB,AB,AA,A9,A9,A8,A7,A6,A5,A7,A9,AA,A9,A4,9D,97,
94,93,90,8E,8D,8B,89,88,87,86,86,85,84,83,82,82,
81,84,8B,96,A3,B2,C2,CD,D5,D9,DA,D8,D3,C7,B7,AD,
A9,A6,A2,9F,9E,9C,9A,97,93,90,8F,8F,8F,8C,89,87,
87,83,7F,7F,80,80,7D,7A,75,6F,67,5C,4F,46,41,3C,
33,33,33,35,36,36,39,3B,3E,3B,39,31,2B,2E,3D,56,
74,8C,9F,A7,A1,96,87,70,4F,3F,38,32,2C,2D,2E,30,
31,32,30,30,32,32,2F,2F,2C,31,35,47,66,79,7E,83,
85,85,84,85,88,8E,96,9B,A0,A2,A2,A0,9D,9C,9C,9B,
9A,99,98,98,97,97,96,96,97,97,97,97,97,96,95,95,
95,95,94,93,93,93,93,93,93,93,93,93,92,92,91,91,
92,92,92,93,93,92,92,92,91,91,90,90,8F,8F,8E,8E,
8E,8D,89,85,86,86,86,89,91,9B,A7,AF,B4,B8,BC,BE,
BF,BF,C0,C2,C3,C3,C1,C0,C0,C1,C2,C2,C2,C1,BF,BF,
C2,C2,C2,C2,C2,C2,C2,C2,C2,C3,C3,C4,C5,C6,C6,C6,
5C,5B,5A,58,56,54,52,51,50,4F,4E,4D,4C,4B,4A,4A,
4A,49,48,47,45,44,41,40,3F,3D,3C,44,55,64,6F,78,
7E,86,90,99,9E,A2,A8,AC,AF,AF,AE,AE,AE,AE,AD,AC,
AF,B0,B1,B2,B2,B1,B0,AF,AE,AD,A7,9F,94,8A,7F,77,
72,6B,60,57,4F,4C,4E,52,57,5B,5E,60,60,61,64,67,
6F,73,75,76,77,77,76,78,78,79,7A,7B,79,74,6F,6B,
65,5D,59,54,4D,4D,50,4D,45,45,45,44,40,3D,3C,3D,
3E,43,48,4D,52,53,53,57,59,5B,65,6C,75,78,6C,6C,
68,66,5D,57,55,4A,3A,34,33,37,34,2E,2C,2B,2B,2C,
2D,2F,33,34,30,2E,31,35,3A,3F,44,45,44,45,49,4D,
51,4C,43,3B,37,36,39,3B,45,50,67,73,71,71,71,68,
5E,4D,3B,35,36,35,31,2E,30,31,31,2F,2E,2E,2D,2B,
2C,2A,28,33,44,5F,7E,82,7C,78,7C,87,93,A2,AF,B6,
BB,BF,C3,C6,BF,B3,A0,85,62,4B,38,33,3A,4A,5C,66,
62,62,63,6B,77,7A,77,76,82,83,83,86,8B,8D,8C,8D,
91,93,96,96,95,95,96,97,9B,9B,9C,9C,9B,9C,9E,A0,
A0,A0,A1,A2,A3,A4,A5,A6,A7,A7,A8,A9,A9,AA,AA,AA,
AC,AB,AA,AA,A9,A8,A7,A6,A5,A7,A9,AA,A8,A3,9B,96,
94,92,90,8E,8D,8C,8A,89,88,87,86,85,84,83,82,82,
81,84,8B,96,A2,B1,C0,CB,D5,D9,DA,D8,D4,C8,B7,AD,
A9,A6,A1,9F,9E,9D,9B,99,95,92,90,90,8F,8D,89,87,
87,83,7F,7E,80,80,7D,79,74,6D,65,5A,4C,43,3F,3B,
32,32,33,34,35,36,39,3C,41,3D,3A,31,2B,2E,3D,55,
75,8D,9E,A4,A0,96,85,70,50,40,3A,33,2B,2C,2F,33,
33,34,32,31,32,30,2E,2E,2E,33,38,4A,6A,7B,7E,83,
85,85,84,85,88,8E,97,9C,A0,A1,A1,9E,9C,9C,9C,9C,
9A,99,98,98,97,97,96,96,97,97,97,97,97,96,95,95,
95,95,94,93,93,93,93,93,93,93,93,93,92,92,91,91,
92,92,92,92,92,92,92,92,91,91,90,90,8F,8F,8E,8E,
90,8E,88,83,83,85,88,8E,9A,A5,B1,B8,BA,BC,BE,BF,
C0,C0,C0,C2,C3,C3,C1,C0,C0,C1,C2,C2,C2,C1,BF,BE,
C2,C2,C2,C2,C2,C2,C2,C2,C3,C4,C5,C6,C7,C8,C8,C8,
5E,5D,5B,59,58,56,53,52,51,50,4E,4D,4C,4B,4B,4B,
4B,4A,49,47,46,44,42,40,40,3D,3C,44,55,64,70,78,
7D,85,90,98,9D,A2,A7,AB,AE,AF,AE,AE,B0,AF,AD,AE,
AF,AF,B0,B1,B1,B0,B0,AF,AE,AC,A7,9E,94,8A,7F,77,
74,6B,5F,56,4E,4B,4D,52,58,5C,5F,60,60,62,64,65,
6D,6F,72,74,75,77,78,79,7B,7D,7E,7A,75,70,68,61,
5F,5F,5F,5B,54,52,50,4B,41,3D,40,45,44,42,44,45,
47,4C,57,5C,56,54,54,4F,4F,56,66,72,77,7C,79,6F,
65,5A,4F,4F,52,4B,3F,38,33,32,32,30,2F,2E,2D,2D,
2F,33,32,2F,2F,30,30,32,38,3C,40,44,45,40,40,45,
4D,4B,3D,31,32,30,30,37,42,53,60,6B,71,74,76,6F,
61,50,39,2E,30,31,2F,2F,2E,2F,2D,2E,31,31,2E,2D,
2F,2A,25,36,5A,74,7B,7D,79,7C,84,90,A4,B0,B1,B9,
BF,C1,C3,C5,C1,AB,83,62,4B,42,3B,3A,3E,46,55,63,
62,62,64,6C,77,7B,78,78,82,84,86,87,8A,8C,8C,8B,
90,92,94,95,94,94,94,95,98,99,9A,99,99,9A,9C,9E,
9F,9F,A0,A1,A3,A5,A6,A7,A7,A7,A8,A9,AA,AA,AB,AB,
AA,A9,A9,A9,A9,A9,A9,A8,A8,A7,A8,A9,A6,9F,96,91,
91,92,92,8F,8D,8C,8A,89,88,87,86,85,84,83,83,83,
83,86,8D,97,A3,B0,C0,CB,D3,DA,DC,DA,D6,CA,B9,AE,
A9,A5,A1,9F,9E,9E,9D,9C,98,96,93,92,90,8D,8A,87,
86,84,80,7F,80,80,7D,78,72,6A,61,55,48,40,3C,38,
33,30,34,34,35,37,38,3E,44,45,3A,33,2A,2D,3A,52,
73,8D,9D,A2,A0,95,85,73,55,42,38,33,28,28,31,35,
37,36,34,33,32,2F,2C,29,2C,31,3B,51,6E,7D,80,83,
86,85,85,86,8A,90,98,9D,A1,A1,A0,9E,9C,9B,9B,9C,
9A,99,98,97,97,97,96,95,97,97,97,97,96,96,95,95,
96,96,95,94,94,94,94,94,94,94,94,93,93,92,91,91,
92,92,91,91,91,91,91,91,90,90,8F,8F,8F,8E,8E,8E,
90,8D,87,83,84,88,8F,98,A3,AC,B7,BB,BC,BD,BF,C0,
C2,C2,C2,C2,C2,C1,C1,C1,C1,C2,C2,C2,C2,C1,C1,C0,
C0,C0,C0,C0,C1,C2,C3,C4,C5,C6,C8,C9,CB,CC,CC,CC,
5E,5D,5B,59,58,55,53,52,50,50,4E,4D,4C,4B,4B,4B,
4B,4A,49,47,46,44,42,41,40,3D,3B,43,55,65,70,79,
7D,85,90,98,9E,A2,A7,AB,AE,AF,AE,AE,B0,AF,AD,AE,
AE,AF,B0,B1,B1,B0,B0,AF,AE,AC,A7,9E,94,89,7F,77,
73,6A,5E,55,4E,4A,4D,52,59,5D,60,61,61,62,64,65,
6B,6D,6F,72,73,75,77,78,7B,7B,7A,75,6F,68,62,5D,
5C,5C,5D,5B,56,55,54,4F,45,41,42,44,43,43,48,4B,
4F,54,5E,60,57,51,4F,4A,4C,56,69,76,7B,7D,7A,70,
5F,57,50,52,56,4E,3F,36,33,32,32,30,2E,2E,2F,30,
31,33,31,2E,30,31,31,32,34,37,3B,40,42,3E,3C,3F,
4E,4B,3A,2D,2C,2C,2E,36,45,55,62,6C,73,77,7A,74,
68,55,3D,2F,2D,2D,2D,2E,2D,2D,2A,2B,2F,30,2D,2C,
2D,29,27,3F,69,7F,7C,78,74,7B,89,9B,AF,B9,B6,BA,
C0,C5,C4,BF,B7,98,69,49,44,3F,3B,3B,3F,46,53,5E,
5F,60,63,6B,77,7B,7A,7A,83,85,87,89,8B,8C,8C,8B,
8F,91,93,94,93,93,94,94,98,98,99,99,99,9A,9C,9E,
9F,9F,A0,A2,A3,A5,A6,A7,A8,A8,A8,A9,AA,AA,AB,AB,
A9,A8,A8,A9,AA,AA,AA,AA,AA,A9,A8,A8,A4,9B,93,8E,
90,91,91,8F,8D,8C,8A,89,88,87,86,85,84,83,83,82,
84,87,8E,97,A2,B0,BF,CB,D2,D9,DD,DB,D7,CC,BB,AF,
A9,A5,A1,9F,9F,9F,9E,9D,9B,98,96,93,91,8E,8A,87,
87,85,81,7F,7F,7F,7B,77,70,68,5E,52,45,3E,3A,36,
33,31,35,36,36,37,38,3F,47,47,3B,33,29,2B,37,4F,
6F,8A,9E,A3,9C,92,87,76,5B,47,37,30,2A,2A,30,33,
37,37,36,34,32,2F,2C,2A,2E,35,42,58,72,80,82,85,
86,86,86,88,8C,92,9A,9F,A2,A1,A0,9D,9B,9B,9B,9C,
9A,99,98,97,97,97,96,95,97,97,97,97,96,96,95,95,
96,96,95,95,94,94,94,94,94,94,94,93,93,92,91,91,
92,92,92,91,90,90,90,90,90,90,8F,8F,8E,8E,8E,8D,
8F,8D,88,86,8A,8F,97,A0,AB,B2,B9,BC,BB,BC,BF,C1,
C2,C2,C2,C2,C2,C2,C1,C1,C2,C2,C3,C3,C3,C2,C1,C1,
C0,C0,C0,C0,C1,C3,C4,C5,C6,C7,C9,CA,CC,CD,CD,CD,
5D,5C,5A,59,57,55,53,52,50,4F,4E,4D,4C,4B,4B,4B,
4B,4A,48,47,46,44,42,41,41,3D,3B,42,54,65,71,7B,
7D,85,91,99,9F,A3,A8,AB,AE,AF,AD,AD,AF,AF,AD,AE,
AE,AF,AF,B0,B0,B0,AF,AF,AE,AC,A7,9E,94,89,7E,77,
72,69,5D,54,4D,4A,4D,52,5A,5E,61,61,61,62,63,64,
68,6A,6C,6E,71,73,75,76,7B,7A,77,72,6A,61,5B,59,
5C,5B,5B,59,55,55,55,52,4D,49,48,48,44,45,4A,4E,
56,5B,62,60,54,4A,45,42,47,55,6B,79,7C,7B,75,6D,
5A,56,52,55,57,4D,3C,33,30,32,35,35,33,31,31,31,
33,33,2F,2E,32,34,32,32,31,33,37,3D,42,3F,3B,3C,
4B,46,36,28,25,26,2C,36,4B,59,62,6B,72,78,7D,79,
72,5F,45,32,2B,2A,2C,2D,2B,2A,27,28,2C,2E,2B,2B,
2A,2A,2B,47,76,88,7A,6F,6F,7B,91,A6,BA,C1,BB,BC,
C1,C9,C6,B9,A4,7B,4C,32,3D,3D,3C,3C,3F,47,53,5B,
5D,5E,62,6B,77,7C,7B,7C,85,87,8A,8B,8C,8D,8D,8C,
8E,90,92,93,93,93,93,94,97,98,99,99,99,9A,9C,9E,
9F,A0,A1,A2,A4,A5,A7,A7,A9,A9,A9,A9,AA,AA,AA,AB,
A8,A8,A8,A9,AB,AC,AC,AC,AB,AA,AA,A7,A1,97,8E,8A,
8F,90,90,8E,8C,8B,8A,89,88,87,86,85,84,83,82,82,
84,87,8E,96,A1,AE,BD,C8,D0,D8,DC,DB,D8,CD,BC,B0,
AA,A6,A2,9F,A0,A0,A0,9F,9E,9C,98,95,92,8E,8A,87,
88,86,82,7F,7F,7F,7A,76,6F,66,5B,4F,42,3B,38,35,
34,32,37,37,36,37,39,41,4B,4A,3C,32,27,29,33,4A,
6B,86,9F,A4,98,8E,89,7A,65,4F,37,2C,2D,2C,2D,31,
37,38,38,36,32,2E,2C,2B,2E,39,4A,60,76,80,83,86,
87,87,88,8B,8F,96,9D,A1,A3,A2,A0,9D,9B,9B,9C,9D,
9A,99,98,97,97,97,96,95,97,97,97,97,96,96,95,95,
96,96,95,94,94,94,94,94,94,94,94,94,93,92,91,91,
93,92,92,91,90,90,8F,8F,8F,8F,8F,8E,8E,8D,8D,8C,
8C,8A,87,88,90,98,A0,A8,B1,B6,BA,B9,B8,BA,BE,C1,
C1,C1,C1,C1,C1,C1,C1,C1,C2,C2,C3,C3,C3,C2,C2,C2,
C0,C0,C0,C1,C2,C4,C5,C6,C8,C9,CA,CC,CD,CE,CE,CF,
5C,5B,5A,58,57,55,53,51,50,4F,4E,4D,4B,4B,4A,4A,
4A,49,47,46,45,43,41,40,41,3D,3A,42,53,65,72,7C,
7E,86,91,9A,A0,A4,A8,AC,AE,AF,AD,AC,AE,AE,AC,AD,
AD,AE,AF,B0,B0,AF,AF,AE,AE,AC,A7,9E,94,89,7E,76,
71,68,5C,52,4B,49,4D,52,5A,5E,61,61,61,61,62,63,
65,66,68,6B,6E,71,74,75,73,71,6F,6D,67,60,5C,5D,
61,5F,5E,59,54,55,5A,5B,59,56,54,4F,48,47,4C,4F,
5A,5C,5E,59,4C,42,3E,3E,44,55,6B,78,7A,75,6C,65,
5C,59,54,52,50,45,37,2F,30,32,33,33,31,31,32,33,
34,32,2E,2F,36,37,34,31,2F,30,33,3A,41,41,3C,3B,
44,40,35,2A,26,26,2D,38,4D,59,61,6A,72,7A,83,83,
7E,6C,54,3D,2E,2A,2B,2C,2A,28,24,24,29,2A,29,29,
29,2F,35,51,7C,88,77,6C,6E,7D,99,AF,BD,C3,BE,BF,
BF,C5,C4,AE,85,5A,3B,2B,38,3B,3C,3B,3F,49,55,5D,
5B,5E,61,6B,76,7B,7C,7D,85,88,8B,8C,8C,8D,8E,8D,
8E,90,92,93,93,93,94,95,97,98,99,99,99,9A,9D,9F,
9F,A0,A1,A2,A4,A6,A7,A8,A9,A9,A9,AA,AA,AA,AA,AA,
A7,A7,A8,A9,AB,AC,AD,AD,AC,AB,A9,A6,9E,94,8B,87,
8D,8F,8F,8D,8B,8A,89,88,87,86,85,84,83,82,82,82,
83,86,8D,94,9E,AA,B9,C5,CE,D6,DA,DA,D7,CC,BB,B0,
AA,A7,A2,9F,A0,A1,A1,A1,A0,9D,9A,97,93,8F,8B,87,
89,86,82,80,80,7F,7B,76,6F,66,5A,4D,40,39,37,34,
33,33,38,38,36,37,39,42,4E,4C,3C,32,26,27,31,46,
68,84,A0,A6,95,8C,8B,7F,6F,57,37,29,2E,2E,2B,2F,
37,3A,3B,37,32,2D,2C,2C,2E,3D,53,68,79,81,85,88,
87,88,8A,8E,93,99,9F,A2,A4,A2,9F,9D,9B,9B,9C,9D,
9A,99,98,97,97,97,96,95,97,97,97,97,96,96,95,95,
96,95,95,94,94,94,94,94,94,94,94,93,93,92,91,91,
93,92,91,90,90,8F,8F,8F,8F,8F,8F,8E,8D,8C,8C,8B,
88,88,87,8C,98,A1,A8,B0,B4,B7,B9,B8,B7,B9,BE,C1,
C0,C0,C0,C1,C1,C1,C1,C1,C2,C2,C2,C2,C2,C2,C2,C2,
C0,C0,C1,C2,C4,C5,C7,C8,CA,CA,CC,CD,CE,CF,CF,CF,
5B,5A,58,57,56,55,53,51,50,4F,4E,4C,4B,4A,49,49,
49,48,46,45,44,42,40,3F,40,3C,39,41,53,64,72,7C,
7E,87,92,9B,A1,A4,A9,AC,AD,AE,AC,AB,AD,AD,AC,AD,
AD,AE,AE,AF,AF,AF,AE,AE,AD,AC,A6,9D,93,89,7E,76,
70,67,5A,51,4A,48,4C,53,5B,5F,62,62,61,61,61,62,
62,63,65,69,6C,70,72,73,72,6E,6A,67,62,5D,5D,5F,
6E,6A,66,5E,55,56,60,67,68,64,5E,56,4D,4D,52,55,
5D,5B,55,4D,44,3C,3A,3D,44,55,68,74,77,6F,65,5E,
5E,5B,52,4A,44,3B,31,2F,36,32,2C,28,28,2D,33,37,
32,30,2D,30,37,38,33,30,2D,2E,30,36,3E,3E,39,37,
3C,3D,39,32,2B,29,30,3A,4B,57,5F,69,72,7D,8B,8E,
88,7B,68,50,38,2D,2B,29,28,26,22,21,25,26,25,26,
28,36,45,5F,7E,83,76,70,6F,82,A2,B6,BF,C3,C0,C1,
BD,BA,BB,9C,61,3C,34,2D,33,38,3B,3B,40,4B,57,5D,
5C,5E,62,6B,76,7B,7C,7E,83,87,8B,8C,8C,8D,8E,8E,
8E,90,92,93,93,94,94,95,98,99,9A,9A,9A,9B,9E,A0,
A0,A0,A2,A3,A5,A6,A7,A8,A9,A9,A9,A9,AA,AA,AA,AA,
A7,A7,A7,A8,AA,AB,AB,AB,AA,A9,A8,A4,9D,93,8A,87,
8B,8D,8D,8B,89,89,88,86,86,85,85,83,83,82,81,81,
83,86,8C,93,9C,A7,B6,C2,CC,D4,DA,DA,D8,CC,BB,AF,
AB,A7,A2,9F,9F,A1,A1,A1,A0,9D,9A,97,94,90,8C,88,
89,86,83,80,81,80,7B,76,6F,65,59,4C,3F,38,36,34,
32,32,38,37,35,36,39,42,4F,4C,3C,31,25,26,30,45,
66,82,9F,A6,95,8C,8D,83,77,5F,3A,28,2E,2E,2A,2F,
37,3A,3C,38,32,2D,2C,2E,31,42,5C,71,7C,83,88,8A,
87,89,8C,90,96,9C,A0,A3,A4,A2,9F,9C,9B,9B,9C,9D,
9A,99,98,97,97,97,96,95,97,97,97,97,96,96,95,95,
95,95,94,94,93,93,93,93,94,94,93,93,93,92,91,91,
93,92,91,90,8F,8E,8E,8E,8E,8E,8E,8E,8D,8C,8B,8B,
88,89,8B,93,A0,A9,B0,B6,B7,BA,BB,B9,B9,BB,BE,C1,
C0,C0,C0,C0,C1,C1,C1,C1,C1,C1,C1,C1,C1,C2,C2,C2,
C2,C2,C3,C4,C6,C7,C9,C9,CB,CC,CD,CE,CE,CF,CF,CE,
59,58,57,56,55,54,53,51,50,4F,4E,4C,4A,49,47,47,
48,47,45,44,43,42,40,3E,3F,3B,38,40,52,63,71,7B,
7E,87,93,9C,A2,A5,A9,AC,AD,AD,AB,AA,AC,AC,AB,AC,
AC,AD,AE,AF,AF,AE,AE,AD,AD,AB,A6,9D,93,89,7E,77,
70,66,59,4F,49,48,4D,53,5C,5F,62,62,61,61,61,61,
61,62,65,68,6C,6E,70,70,70,6C,67,64,63,65,69,6C,
7A,74,6C,61,55,54,5E,66,6F,6B,64,59,50,53,5B,5E,
5C,55,49,42,3F,3A,38,3B,43,50,5F,6B,71,6B,60,5B,
60,5A,4E,42,3C,36,32,32,36,31,2C,2A,2C,31,34,35,
30,2E,2C,2F,35,35,30,2E,30,32,33,37,3D,3C,35,32,
35,39,3C,38,2D,28,2F,39,4C,58,60,68,6E,77,84,89,
8A,84,7C,65,46,33,2C,26,26,26,22,20,22,23,23,25,
28,3C,55,6C,7C,7D,76,75,76,8A,AC,BF,C2,C4,C1,C0,
BC,AF,A5,82,46,2B,30,30,31,36,3A,3D,42,4B,54,59,
5C,5F,64,6C,76,7B,7C,7F,81,86,8A,8B,8B,8B,8D,8D,
8D,8F,92,93,93,94,94,95,97,98,99,9A,9A,9B,9E,A0,
A0,A1,A2,A4,A5,A7,A8,A8,A9,A9,A9,A9,A9,A9,A9,A9,
A8,A8,A7,A7,A8,A8,A7,A7,A6,A5,A4,A2,9C,93,8B,87,
8A,8B,8B,8A,88,87,86,85,85,84,83,83,82,81,81,81,
84,87,8C,93,9A,A6,B5,C0,CA,D3,DA,DB,D9,CE,BD,B1,
AC,A7,A2,9E,9E,A0,A1,A1,9F,9D,9A,97,94,90,8C,89,
89,86,83,81,81,80,7C,76,6E,64,58,4A,3D,37,35,33,
31,31,36,36,35,36,39,42,4F,4C,3B,30,25,26,30,45,
64,81,9D,A5,98,90,8F,86,7F,66,3F,2A,2C,2C,2A,2F,
36,3A,3C,39,32,2D,2D,2F,33,46,62,76,7D,83,88,8A,
87,89,8D,92,98,9D,A1,A3,A3,A1,9E,9C,9B,9B,9C,9C,
9A,99,98,97,97,97,96,95,97,97,97,97,96,96,95,95,
95,94,94,93,93,93,93,93,93,93,93,93,92,92,91,91,
92,92,91,90,8F,8E,8E,8E,8E,8E,8E,8E,8D,8C,8B,8B,
87,8A,8F,99,A6,AF,B4,B9,BA,BC,BC,BB,B9,BB,BD,BE,
BF,C0,C0,C0,C1,C1,C2,C2,C1,C1,C1,C1,C1,C2,C2,C3,
C5,C5,C6,C7,C8,C9,CA,CB,CC,CD,CE,CE,CE,CE,CE,CE,
57,56,55,55,55,54,52,51,50,4F,4E,4C,4A,48,46,45,
47,46,45,44,43,42,40,3E,3E,3A,37,3F,51,62,70,7A,
7F,87,93,9D,A2,A6,AA,AD,AC,AC,AA,A9,AB,AB,AA,AC,
AC,AD,AE,AE,AE,AE,AD,AD,AC,AA,A5,9D,93,89,7E,77,
6F,65,59,4F,48,47,4D,53,5C,60,63,63,62,62,62,62,
64,65,67,6A,6D,6F,6F,6E,67,67,67,6A,70,77,7D,7E,
7A,72,6A,5F,54,53,5C,62,6C,69,64,5A,54,59,60,62,
57,4D,3F,3A,3F,3D,39,3B,3F,49,54,61,6D,6C,62,5E,
63,5B,4B,40,3D,3A,37,36,32,2F,2F,34,3A,3B,36,30,
2E,2D,2A,2C,30,2F,2B,2A,31,35,38,3C,3F,3C,34,30,
31,37,3D,38,2A,24,2E,3A,4F,5C,64,69,69,6B,74,77,
83,86,89,77,54,3B,30,26,26,27,24,22,23,24,24,28,
2E,45,63,77,7A,78,79,7A,84,95,B5,C4,C3,C3,C0,BD,
B8,A2,87,63,3B,29,2C,30,35,37,3A,3D,42,49,51,56,
5D,60,65,6D,77,7B,7C,80,81,86,8A,8B,8A,8A,8B,8C,
8C,8E,91,92,92,93,94,95,96,97,98,98,99,9A,9D,9F,
A0,A1,A2,A4,A6,A7,A8,A8,A9,A9,A9,A9,A9,A9,A9,A9,
A9,A8,A7,A6,A5,A5,A3,A2,A2,A1,A1,A0,9C,94,8B,86,
89,8A,8A,88,86,86,84,83,83,83,82,82,81,81,81,81,
83,86,8B,91,99,A4,B3,BF,C8,D2,D9,DB,DA,D0,BF,B3,
AD,A8,A1,9D,9D,9E,9F,9F,9E,9C,99,97,94,91,8D,8A,
89,86,83,80,80,7F,7B,75,6D,63,57,4A,3C,36,34,32,
30,2F,35,35,35,36,39,41,4F,4B,3A,2F,25,27,30,45,
62,7F,98,A2,9D,94,90,88,85,6C,46,2E,2A,29,29,2F,
36,39,3C,39,32,2E,2E,30,37,4A,67,7A,7E,82,88,88,
87,89,8D,94,9A,9F,A1,A2,A2,A0,9D,9C,9C,9C,9C,9C,
9A,99,98,97,97,97,96,95,97,97,97,97,96,96,95,95,
94,94,93,93,92,92,92,92,92,92,92,92,92,91,91,90,
92,91,90,8F,8F,8E,8E,8E,8D,8D,8E,8E,8D,8C,8B,8B,
86,8B,92,9E,AB,B2,B6,BB,BC,BE,BE,BC,BA,BB,BC,BC,
C0,C0,C1,C1,C2,C2,C3,C3,C2,C2,C1,C1,C2,C3,C4,C4,
C7,C8,C9,C9,CA,CB,CC,CC,CE,CE,CE,CF,CE,CE,CD,CD,
56,55,55,54,54,54,52,51,50,4F,4D,4B,49,47,45,44,
47,46,45,44,43,42,40,3F,3D,3A,37,3F,51,62,6F,79,
7F,88,94,9D,A3,A6,AA,AD,AC,AC,A9,A8,AA,AA,A9,AB,
AC,AC,AD,AE,AE,AE,AD,AC,AB,AA,A5,9D,93,89,7E,77,
6F,65,58,4E,48,47,4D,54,5D,61,64,64,62,62,62,62,
68,69,6B,6D,70,70,6F,6E,6D,70,71,74,78,7C,7C,78,
6F,68,62,5C,56,58,60,65,65,64,62,5C,57,5B,60,5F,
54,4A,3B,3A,43,43,3E,3E,3E,46,4E,5D,6E,6F,67,64,
66,5C,4B,41,41,40,3C,39,31,2F,30,37,3F,40,37,2F,
2E,2C,28,29,2B,2A,27,28,30,36,3B,3E,41,3C,33,2F,
31,37,3E,39,29,24,31,3F,51,5F,67,6B,67,65,6B,6D,
7A,83,8E,81,5D,41,34,29,27,29,27,25,26,26,27,2B,
39,4E,6D,7D,79,77,7C,7F,91,9E,B9,C4,C2,C2,BE,BA,
B1,97,6D,4B,38,2C,28,2D,3C,3A,3A,3B,40,47,50,56,
5D,61,65,6D,77,7B,7D,81,81,86,8B,8B,89,89,8A,8B,
8A,8D,8F,91,91,92,93,94,94,95,97,97,98,99,9C,9E,
A0,A1,A2,A4,A6,A7,A8,A8,A8,A8,A8,A9,A9,A9,A9,A9,
AA,A9,A7,A5,A4,A2,A1,9F,9F,9E,9F,9F,9C,94,8B,86,
88,8A,8A,87,86,85,84,82,82,82,82,81,81,81,81,81,
82,85,8A,90,97,A2,B1,BD,C6,D0,D8,DB,DB,D1,C0,B5,
AD,A8,A1,9D,9C,9D,9E,9F,9F,9C,99,97,94,91,8D,8A,
89,86,83,80,80,7F,7A,74,6D,63,58,4A,3D,36,34,31,
30,2F,34,35,35,37,39,41,4F,4B,39,2F,25,27,30,45,
61,7E,95,A0,9F,98,91,8A,88,6F,4B,31,28,27,29,2F,
35,39,3B,38,33,2E,2F,31,3B,4E,6C,7E,7F,83,89,89,
87,89,8E,95,9B,A0,A2,A2,A1,9F,9D,9C,9C,9C,9C,9B,
9A,99,98,97,97,97,96,95,97,97,97,97,96,96,95,95,
94,94,93,92,92,92,92,92,92,92,92,92,91,91,90,90,
91,91,90,8F,8E,8E,8E,8E,8D,8D,8E,8E,8D,8D,8C,8B,
88,8E,97,A3,B0,B6,BA,BE,BE,C0,BF,BE,BD,BE,BF,BF,
C1,C1,C1,C2,C3,C3,C4,C4,C3,C3,C2,C2,C3,C4,C5,C5,
C9,CA,CA,CB,CC,CC,CD,CD,CF,CF,CF,CF,CF,CE,CD,CC,
52,52,53,53,52,52,52,51,4F,4E,4D,4B,4A,48,47,47,
46,46,45,44,43,42,3F,3B,37,36,38,41,4F,5F,6E,78,
7B,84,90,9A,A2,A8,AB,AC,AB,AB,AA,A9,A9,A9,AB,AC,
AD,AE,AC,AC,AE,AD,AA,AA,AC,A9,A3,9C,95,8D,82,7A,
72,66,55,4E,4D,4C,4E,54,5E,67,69,67,66,63,61,66,
67,6A,6C,70,75,75,71,70,78,7E,83,86,86,7A,67,5B,
52,52,55,5C,64,6A,69,65,60,5D,5C,60,63,60,57,51,
47,43,40,42,48,4B,46,3F,38,41,50,64,77,7B,74,6E,
71,69,5C,51,3E,36,3E,37,33,34,36,3A,40,3E,35,2F,
2D,29,26,26,29,2B,2A,26,27,2F,36,40,4A,46,39,33,
35,38,3A,36,2F,2F,3A,48,5E,62,67,6B,6C,6B,6A,69,
6D,76,82,7E,63,48,38,2D,30,33,2D,29,26,25,2E,37,
4A,60,70,76,73,75,83,8B,99,AC,B8,C2,BE,B9,C0,B2,
9F,82,63,47,34,2B,28,30,3E,42,3A,39,41,47,51,59,
5D,60,61,6A,7A,81,80,81,84,86,89,8A,89,89,8B,8C,
8D,8D,8F,90,91,92,92,92,93,93,94,95,97,99,9B,9C,
A0,A1,A3,A4,A6,A6,A6,A6,A6,A6,A7,A8,A8,A8,A8,A8,
A8,A8,A6,A5,A6,A3,9D,9B,9D,A0,A0,9F,9E,96,8B,85,
86,85,84,84,83,82,81,7F,81,80,80,80,81,82,82,82,
82,84,88,8C,91,9C,AC,BA,C1,CB,D6,DC,DB,D2,C4,B8,
B2,AB,A2,9E,9D,9C,9C,9B,9B,9A,96,94,95,91,8A,87,
8A,87,83,81,81,7E,75,6C,6E,65,5A,4B,3A,31,31,32,
31,32,34,35,36,3A,3F,43,4A,45,37,2C,2B,2B,32,3F,
5C,75,8E,9C,9E,98,90,8D,8D,78,48,2B,2A,28,28,2C,
31,36,38,36,30,2A,2C,34,45,5A,6F,7D,85,87,87,89,
85,8A,91,97,9C,9F,A0,A1,A0,9F,9D,9B,9A,99,9A,9A,
9A,9A,99,98,98,97,97,97,98,98,98,97,97,96,96,95,
94,93,93,92,92,92,92,92,92,92,92,92,92,92,91,91,
90,91,92,92,90,8E,8D,8D,8A,8B,8A,8B,8F,8E,8B,8A,
87,91,A1,AD,B4,B7,BA,BC,C2,C1,BF,BD,BE,C0,C1,C1,
C1,C2,C3,C3,C3,C2,C1,C1,C1,C1,C2,C3,C5,C7,C9,CA,
CB,CC,CC,CC,CD,CD,CE,CE,CE,CE,CE,CF,CF,CF,CF,D0,
53,53,53,53,52,51,51,50,4E,4D,4C,4A,48,47,47,46,
47,47,46,44,43,42,3F,3C,38,37,39,41,4F,5E,6E,78,
7C,84,90,9A,A2,A7,AA,AB,AB,AB,AA,A9,A9,AA,AB,AD,
AD,AE,AC,AC,AE,AD,AA,AA,AC,A9,A3,9C,95,8D,82,7A,
70,65,56,4F,4E,4C,4E,55,61,6C,70,6E,6D,67,62,64,
68,6D,71,77,7C,7C,79,79,7D,83,86,84,7D,6C,55,47,
42,49,54,61,6D,74,72,6D,64,61,60,61,5F,57,4C,45,
40,41,44,49,4D,4E,48,41,3A,45,58,6B,77,7B,77,72,
72,6C,62,56,40,36,3D,38,36,37,38,3C,40,3D,33,2E,
2C,29,26,26,28,2A,29,27,26,2D,33,40,4E,4C,3F,38,
3A,3A,3A,37,32,34,41,4E,5E,66,70,76,77,73,6D,67,
62,6B,7B,7E,6F,5B,49,3A,36,31,2B,26,23,25,30,40,
5A,6D,75,74,71,73,84,91,A1,B2,BB,C4,C1,BC,BB,A8,
88,6C,50,3B,2E,29,2A,33,41,44,3B,3A,42,49,53,5B,
5E,60,61,69,7A,81,7F,80,84,87,89,8A,89,89,8A,8C,
8C,8D,8E,90,91,92,92,92,93,93,93,95,96,99,9B,9C,
9F,A1,A3,A4,A6,A6,A6,A6,A6,A6,A7,A7,A7,A7,A7,A7,
A7,A7,A5,A4,A6,A3,9E,9C,9E,A0,A0,A0,9F,96,8B,85,
85,84,84,83,83,82,81,7F,80,7F,7E,7F,80,81,82,82,
81,83,86,8A,90,9B,AB,B9,BE,C9,D5,DC,DB,D3,C5,B9,
B3,AB,A2,9D,9C,9B,9B,9A,99,99,95,93,94,8F,89,86,
88,86,83,81,80,7D,75,6D,6D,65,5A,4A,38,2E,2F,32,
31,33,35,36,38,3B,40,44,49,43,36,2C,2A,2A,31,3F,
57,70,8B,9A,9D,98,90,8D,8F,78,49,2C,2B,28,28,2C,
31,35,37,34,2F,2A,2E,37,4C,60,75,81,89,8A,8A,8B,
87,8B,92,98,9D,9F,A0,A0,A0,9E,9D,9B,9A,99,99,9A,
9A,9A,99,98,97,97,97,97,97,98,97,97,97,96,96,95,
94,93,93,92,92,92,92,92,92,92,93,92,92,92,91,91,
91,91,92,91,90,8E,8D,8D,8A,8B,8B,8C,8F,8E,8A,8A,
89,94,A4,B0,B6,B8,BB,BD,C2,C2,C0,BE,BF,C1,C2,C2,
C2,C2,C2,C3,C2,C2,C2,C1,C1,C2,C3,C4,C6,C8,C9,CA,
CC,CC,CC,CC,CD,CD,CE,CE,CE,CE,CE,CF,CF,CF,CF,CF,
54,54,54,53,52,50,4F,4E,4C,4B,4A,48,47,46,46,46,
47,47,46,45,44,43,3F,3C,38,37,39,42,4F,5E,6E,77,
7D,85,90,9A,A2,A7,AA,AA,AB,AB,AA,AA,AA,AA,AC,AE,
AD,AE,AC,AC,AE,AD,AA,AA,AC,A8,A2,9C,95,8D,83,7B,
6E,64,57,50,4E,4C,4E,55,64,71,78,79,77,6D,63,61,
68,70,78,7F,86,86,84,85,87,87,7F,73,66,55,45,3D,
43,4E,60,70,7C,80,7D,78,6C,68,64,5E,56,4A,3F,39,
38,41,4D,54,54,50,48,42,3D,49,63,75,77,78,7A,75,
6F,6C,67,5B,43,37,3D,3A,38,39,39,3C,40,3C,33,2D,
29,27,26,25,26,27,27,28,27,2C,32,41,53,55,47,3D,
3F,3C,38,36,36,3A,45,50,5F,6E,7F,88,89,82,74,66,
58,60,72,7E,7D,74,61,4D,3A,2B,26,21,20,25,30,46,
6F,7E,7B,74,71,72,83,94,A9,B7,BD,C4,C4,BF,B4,9B,
6B,50,39,2D,28,28,2B,37,45,47,3C,3A,42,49,55,5D,
5F,60,60,69,79,81,7F,80,84,87,89,8A,89,89,8A,8B,
8B,8C,8E,90,91,92,93,93,93,93,93,94,96,98,9A,9C,
9F,A0,A2,A4,A6,A6,A6,A6,A6,A6,A6,A7,A7,A7,A7,A6,
A6,A7,A5,A4,A6,A4,9E,9C,9F,A1,A1,A0,9F,96,8A,85,
84,84,83,83,83,82,80,7F,7D,7D,7D,7D,7F,81,81,82,
7F,81,84,88,8E,99,AA,B7,BC,C7,D4,DC,DC,D5,C7,BB,
B3,AB,A1,9D,9B,9B,99,99,97,97,93,91,92,8E,87,84,
85,85,83,81,7E,7B,75,70,6B,64,59,49,35,2B,2D,31,
33,35,37,38,3A,3D,41,45,48,42,34,2A,2A,2A,31,3E,
53,6D,89,9A,9F,9B,93,90,90,79,4B,2F,2C,2A,2B,2D,
32,35,35,32,2E,2C,31,3C,52,66,79,84,8A,8B,89,8A,
88,8D,93,99,9D,9F,9F,9F,9F,9E,9C,9A,99,99,99,9A,
9A,99,98,98,97,96,96,96,97,97,97,97,97,96,96,95,
94,94,93,92,92,92,92,92,93,93,93,93,92,92,91,91,
91,91,91,90,8F,8E,8E,8E,8B,8C,8C,8D,8F,8D,89,89,
8D,99,A9,B3,B7,B9,BC,BF,C3,C3,C2,C0,C1,C3,C4,C3,
C3,C3,C2,C2,C2,C2,C2,C2,C3,C4,C5,C7,C8,C9,CA,CB,
CC,CC,CC,CD,CD,CD,CE,CE,CE,CE,CE,CF,CF,CF,CF,CF,
55,55,54,53,51,4F,4D,4C,4B,4A,48,47,46,45,45,46,
48,48,47,45,44,43,40,3C,38,37,39,42,4F,5F,6E,78,
7E,86,91,9B,A2,A7,A9,A9,AB,AB,AB,AA,AA,AB,AD,AE,
AE,AE,AC,AC,AE,AD,AA,A9,AC,A8,A2,9B,95,8D,83,7B,
6D,64,58,50,4D,49,4B,53,63,71,7C,81,81,76,67,62,
6C,75,7F,86,8B,8A,87,88,89,81,70,5C,4D,43,3E,40,
4A,57,68,76,7D,7E,7B,77,73,6D,63,56,49,3D,36,34,
35,44,55,5D,5A,52,4A,45,3F,4F,6F,7F,75,74,7A,76,
69,69,6A,60,46,39,3C,3C,3A,38,36,39,3F,3C,32,2B,
26,26,25,25,24,24,26,29,2A,2E,33,43,59,5C,4E,43,
43,3D,37,37,3A,40,48,50,5F,73,89,96,98,90,7B,67,
53,57,66,77,7F,80,71,5B,3A,25,23,20,20,28,33,4C,
76,84,7D,75,75,77,86,99,B1,BC,C0,C4,C5,BB,A4,84,
55,3C,2B,25,26,28,2C,38,46,46,3A,37,3F,47,53,5B,
5E,60,5F,68,78,80,7F,80,84,87,8A,8B,8A,89,8A,8B,
8B,8C,8D,8F,91,92,93,93,93,93,93,94,96,98,99,9B,
9E,A0,A2,A5,A6,A6,A6,A6,A6,A6,A6,A6,A6,A6,A6,A6,
A5,A6,A4,A4,A7,A4,9F,9D,9F,A1,A1,A0,9F,96,8A,84,
84,84,83,83,83,81,7F,7E,7C,7B,7B,7C,7E,80,81,81,
7F,80,83,87,8D,99,A9,B6,BC,C7,D4,DD,DF,D8,CA,BE,
B5,AC,A2,9D,9B,9A,98,97,96,96,92,91,92,8D,86,83,
83,84,83,7F,7B,78,75,73,6A,62,57,45,31,29,2C,32,
35,37,39,3A,3B,3E,42,45,47,41,33,2A,29,2A,30,3C,
4F,6A,87,9A,A1,9D,95,91,90,79,4D,32,2E,2C,2E,2F,
34,35,33,30,2D,2D,36,42,58,6B,7D,86,8B,8A,89,89,
89,8E,94,9A,9D,9F,9F,9F,9E,9D,9B,99,99,99,99,9A,
99,99,98,97,96,96,96,96,97,97,97,97,96,96,95,95,
94,94,93,93,92,92,92,92,93,93,93,92,92,91,91,91,
92,91,90,8F,8E,8E,8E,8E,8C,8E,8D,8D,8E,8B,88,89,
91,9E,AD,B6,B9,BA,BD,C0,C4,C4,C3,C2,C2,C4,C5,C5,
C3,C2,C2,C1,C1,C2,C2,C3,C5,C6,C8,C9,CB,CB,CB,CB,
CC,CC,CD,CD,CD,CE,CE,CE,CE,CE,CF,CF,CF,CF,CF,CF,
56,55,54,52,50,4E,4C,4B,4A,4A,48,47,46,45,45,45,
48,48,47,46,45,44,40,3C,38,37,39,42,50,60,6F,79,
7E,87,92,9B,A2,A7,A9,A9,AB,AB,AB,AB,AB,AC,AD,AF,
AE,AE,AC,AC,AE,AD,AA,A9,AC,A9,A2,9B,94,8D,83,7B,
6E,65,58,4F,4B,46,48,50,5F,6D,7A,82,87,7E,6E,67,
75,7F,87,8B,8B,86,80,80,80,77,64,4F,41,3A,3C,43,
4E,5B,6C,76,79,77,73,6F,6F,68,5D,4E,3F,35,33,35,
38,48,5A,61,5D,55,4E,4A,43,55,77,84,73,71,79,76,
66,66,6D,64,4B,3D,3C,3C,3A,37,32,34,3B,39,2F,28,
24,24,24,24,23,22,25,2A,2E,32,36,46,5D,62,55,4A,
47,3E,37,37,3E,47,50,57,60,74,8B,9A,9F,98,81,6A,
52,4F,57,66,72,79,70,5F,3C,25,24,23,25,31,3F,59,
74,80,7A,75,7A,80,90,A3,B9,C3,C6,C7,C3,AF,8A,65,
46,31,26,24,28,2A,2D,37,44,45,39,36,3D,45,50,58,
5E,60,5F,67,77,7E,7E,7F,83,86,8A,8B,8A,8A,8A,8B,
8A,8B,8D,8F,91,92,93,93,93,93,93,94,95,96,98,99,
9D,9F,A1,A4,A6,A6,A6,A6,A5,A5,A5,A5,A5,A5,A5,A5,
A5,A5,A4,A4,A7,A4,9F,9D,9F,A1,A1,A0,9E,95,89,83,
84,84,84,83,83,81,7F,7D,7B,7A,7A,7B,7C,7E,80,80,
7F,80,83,87,8D,99,A9,B5,BC,C7,D4,DE,E0,DB,CD,C1,
B7,AD,A3,9D,9B,9A,98,96,96,96,93,91,92,8E,87,83,
83,84,82,7D,78,75,74,73,68,5E,51,40,2E,28,2D,32,
36,38,3B,3C,3D,3F,42,45,48,42,33,2A,2A,2A,30,3B,
4B,65,83,97,9F,9C,93,8E,8E,78,4F,36,30,2D,2F,30,
35,36,33,2F,2E,30,3B,49,60,72,82,8A,8D,8C,8A,8B,
8A,8F,95,9B,9E,9F,9F,9E,9E,9C,9A,99,98,98,99,9A,
99,98,98,97,96,96,95,95,96,96,96,96,96,96,95,95,
94,94,93,93,92,92,92,92,92,92,92,92,91,91,90,90,
92,91,8F,8E,8D,8E,8E,8E,8D,8F,8E,8D,8C,89,87,8A,
95,A2,B1,B8,BA,BC,BE,C0,C4,C5,C5,C4,C4,C5,C6,C5,
C3,C2,C1,C1,C1,C2,C3,C4,C7,C8,CA,CC,CD,CD,CC,CC,
CD,CD,CD,CD,CD,CE,CE,CE,CE,CF,CF,CF,CF,CF,CF,CF,
56,55,53,51,4F,4D,4B,4B,4B,4A,49,48,47,46,45,45,
47,47,47,46,45,44,40,3C,38,37,39,42,50,60,6F,79,
7E,86,91,9A,A1,A6,A9,A9,AB,AB,AB,AB,AB,AC,AE,AF,
AD,AE,AC,AC,AE,AD,AA,AA,AD,A9,A3,9B,94,8C,82,7A,
70,66,57,4E,49,46,48,4F,5A,66,71,7C,86,82,75,6E,
78,81,88,8A,89,82,7B,7A,7D,74,60,4B,3D,37,3C,45,
53,60,6E,75,73,6D,67,63,62,5D,54,48,3C,35,36,3A,
3E,4C,5C,63,60,5A,54,50,4B,59,77,81,72,71,79,75,
66,65,6F,68,50,41,3C,3A,3A,36,30,30,35,34,2B,25,
23,23,24,25,23,22,26,2C,31,36,3B,48,5E,64,59,50,
49,3F,36,38,41,4D,59,62,65,74,86,95,9F,9B,87,71,
54,4A,49,52,5D,66,64,59,3B,27,25,25,28,3B,53,6B,
7A,80,79,76,7E,87,99,AB,BB,C5,C8,C4,BA,9E,72,50,
3B,2C,25,25,27,2A,2D,36,43,46,3B,38,3E,44,4F,57,
5E,60,60,66,75,7B,7B,7E,81,84,89,8B,8A,8A,8A,8B,
8B,8C,8D,8F,91,92,93,93,93,93,92,93,93,94,96,96,
9B,9D,A0,A3,A5,A6,A6,A6,A5,A4,A4,A4,A4,A5,A5,A5,
A4,A5,A4,A4,A6,A3,9E,9C,9E,A0,A0,9F,9D,95,89,83,
84,84,83,83,83,81,7F,7E,7C,7B,7A,7A,7C,7D,7E,7F,
80,81,84,88,8E,99,A8,B3,BB,C6,D3,DD,E1,DC,D0,C4,
B9,AF,A3,9D,9B,9A,97,95,96,96,93,91,92,8E,87,83,
84,84,81,7C,77,74,72,70,66,58,48,39,2C,2A,2F,33,
36,39,3C,3E,3F,40,43,45,49,42,33,29,2A,2A,2F,39,
49,62,80,94,9D,9A,91,8C,8B,76,52,3B,31,2D,30,2F,
35,35,31,2E,2F,35,42,52,68,78,86,8C,8D,8C,8B,8C,
8C,91,97,9C,9F,9F,9E,9D,9D,9C,9A,98,97,98,99,9A,
99,98,98,97,96,96,95,95,96,96,96,96,96,96,95,95,
94,94,93,93,92,92,92,92,92,92,92,92,91,90,90,8F,
92,90,8F,8E,8D,8E,8E,8E,8E,8F,8D,8C,8B,88,89,8F,
9C,A8,B5,BA,BB,BD,BF,C0,C4,C5,C6,C5,C5,C6,C7,C6,
C3,C3,C2,C2,C2,C4,C5,C6,C9,CA,CC,CD,CE,CE,CD,CC,
CD,CD,CD,CE,CE,CE,CE,CE,CF,CF,CF,CF,CF,CF,CF,CF,
55,54,52,4F,4D,4C,4B,4B,4B,4B,4A,49,48,47,46,45,
46,47,47,46,45,44,41,3D,38,37,39,41,4F,5E,6D,77,
7C,85,90,99,A0,A6,A8,A8,AB,AC,AC,AC,AC,AC,AE,AF,
AD,AE,AC,AC,AE,AD,AA,AA,AD,AA,A3,9B,94,8C,82,7A,
71,66,57,4D,4A,47,4A,52,57,5F,65,70,7E,81,78,74,
74,7C,83,86,86,80,7A,79,7E,75,62,4D,3F,39,3D,46,
54,5E,69,6B,66,5E,57,53,56,53,4D,45,3C,39,3D,44,
47,51,5D,63,63,5E,59,54,53,5C,70,78,71,73,7A,74,
62,5F,6C,67,52,44,3A,37,36,34,2F,2D,2F,2D,28,26,
23,23,24,26,24,23,28,2F,34,3B,3F,4A,5D,63,5A,52,
4A,41,3A,3E,48,55,61,69,68,70,7C,8A,96,96,87,74,
57,45,3C,40,47,4E,50,4A,35,27,24,27,2D,45,67,7C,
82,83,7B,7B,83,8E,A2,AF,B8,BE,BD,B2,A3,85,5C,43,
33,2A,26,24,25,29,2C,35,45,49,41,3E,42,47,51,59,
5F,62,62,66,72,78,78,7C,7E,82,87,89,8A,89,8A,8B,
8B,8C,8E,90,91,92,93,93,92,92,91,91,91,92,93,93,
98,9A,9E,A1,A4,A5,A5,A5,A4,A4,A4,A4,A4,A4,A5,A5,
A3,A4,A3,A3,A5,A2,9C,9A,9D,9F,9F,9E,9D,94,88,82,
82,82,83,83,84,83,81,7F,7D,7C,7A,7A,7B,7C,7D,7E,
80,81,84,88,8E,98,A6,B0,B8,C2,D0,DA,DF,DC,D1,C5,
BA,B0,A4,9D,9B,99,96,94,95,95,92,91,92,8E,86,83,
85,84,81,7C,78,74,6F,6B,64,52,3F,31,2A,2C,31,33,
36,39,3D,3F,40,42,45,47,4A,43,33,29,29,29,2D,37,
48,61,7E,93,9D,9A,91,8B,8A,77,57,40,34,2E,30,2F,
32,32,2F,2E,32,3A,4A,5B,6E,7D,89,8D,8D,8B,8A,8B,
8F,93,99,9E,9F,9F,9D,9C,9C,9B,99,97,97,98,99,9A,
99,98,98,97,96,96,95,95,96,96,96,96,96,95,95,95,
94,94,93,93,92,92,92,92,92,92,92,92,91,91,90,8F,
91,90,8E,8E,8E,8E,8E,8D,8E,8E,8C,8A,8A,88,8C,95,
A3,AE,B8,BC,BD,BF,C0,C0,C4,C6,C7,C7,C6,C7,C8,C7,
C4,C4,C3,C3,C4,C6,C7,C8,CB,CC,CD,CE,CF,CE,CE,CD,
CE,CE,CE,CE,CE,CE,CE,CE,CF,CF,CF,CF,CF,CF,CF,CF,
55,53,51,4E,4C,4C,4C,4C,4B,4B,4B,4B,49,48,46,45,
46,46,46,46,45,44,41,3D,39,37,39,41,4E,5D,6C,75,
7B,83,8F,98,9F,A5,A7,A8,AC,AC,AC,AC,AC,AC,AE,AF,
AD,AE,AC,AC,AE,AD,AA,AA,AE,AA,A3,9B,94,8C,82,7A,
72,66,56,4D,4A,49,4D,55,55,59,5C,66,77,7D,79,76,
72,79,7F,82,82,7D,77,76,7C,75,66,54,46,3D,3D,44,
56,5E,65,64,5D,56,51,4E,50,4E,49,43,3D,3D,45,4D,
4F,56,5E,63,64,61,5A,55,58,5B,68,70,6F,75,79,72,
5D,59,66,64,52,45,38,34,32,32,2F,2C,2C,2A,28,29,
23,23,25,26,25,24,29,30,37,3F,43,4C,5B,60,58,52,
4B,45,41,47,51,5C,66,6C,67,6A,71,7D,8B,8E,82,72,
57,41,32,33,37,3C,3F,3B,30,27,25,2A,33,4E,74,85,
84,82,7D,80,88,96,AA,B5,B6,B7,AF,9D,89,6B,47,37,
30,2A,27,23,23,27,2C,34,47,4D,46,43,47,4A,53,5B,
60,63,63,67,71,75,76,7A,7D,81,86,89,89,89,8A,8B,
8C,8D,8E,90,91,93,93,93,92,91,90,90,90,90,91,91,
96,98,9C,A0,A3,A4,A4,A4,A3,A3,A3,A3,A3,A4,A5,A5,
A3,A4,A2,A2,A4,A0,9A,98,9C,9E,9E,9E,9C,93,88,82,
81,81,82,83,84,84,82,81,7E,7D,7B,7A,7B,7C,7D,7D,
7F,81,84,88,8E,97,A4,AE,B5,C0,CD,D8,DE,DB,D1,C6,
BB,B0,A4,9D,9B,99,96,94,94,94,91,90,91,8D,86,82,
85,84,81,7D,79,75,6D,67,62,4E,39,2D,29,2D,32,33,
35,38,3D,40,41,44,47,49,4B,43,33,29,29,29,2C,36,
46,5F,7C,91,9B,99,90,8A,8B,7A,5B,45,36,2F,31,30,
30,30,2E,2E,34,3E,4F,61,73,81,8C,8E,8E,8B,8A,8B,
92,96,9B,9F,A0,9F,9D,9C,9C,9B,99,97,97,97,99,9A,
99,98,98,97,96,96,96,95,95,95,96,96,96,95,95,95,
94,94,94,93,93,92,92,92,93,93,93,92,92,91,90,90,
91,8F,8E,8E,8E,8E,8E,8D,8D,8D,8B,8A,8A,89,8F,99,
A9,B2,BB,BD,BE,C0,C0,BF,C4,C7,C8,C8,C7,C8,C8,C8,
C4,C4,C4,C5,C6,C7,C9,CA,CC,CD,CE,CE,CF,CF,CE,CE,
CE,CE,CE,CE,CE,CE,CE,CE,CF,CF,CF,CF,CF,CF,CF,CF,
53,52,51,4F,4E,4E,4D,4D,4D,4D,4D,4B,49,47,44,43,
44,45,45,45,45,45,42,3E,3A,39,3A,42,4E,5C,6A,73,
7A,81,8C,96,9E,A3,A7,A9,AB,AC,AD,AD,AC,AC,AD,AE,
AD,AD,AC,AC,AF,AD,AA,AC,AD,AA,A3,9B,94,8B,81,79,
70,64,57,4E,4D,4F,53,55,56,54,53,5C,6C,75,76,75,
72,75,7A,7E,80,80,7E,7D,81,79,69,58,4A,3F,3C,41,
54,5B,60,5F,5B,57,52,4F,4E,4D,4A,47,46,48,4C,4F,
52,5A,61,65,64,5E,59,59,5B,61,61,65,6D,76,7A,73,
5D,55,5C,5A,50,46,37,2F,2F,30,30,2C,29,28,2A,2D,
2A,28,24,25,29,29,2A,2F,39,40,45,4E,54,55,55,50,
4C,4C,4E,53,59,5F,65,68,63,64,65,70,7F,81,73,66,
51,3C,2E,2A,31,39,35,30,27,22,23,2C,3C,58,76,88,
85,7D,76,7C,8E,A3,B2,B9,B8,AE,9C,7F,5E,45,36,2D,
29,25,24,22,25,28,2C,38,4C,52,4A,45,47,4A,53,5A,
61,63,66,69,6D,72,75,77,77,7C,82,86,88,89,8A,8B,
8D,8E,8F,90,90,91,92,93,92,92,92,91,90,90,90,90,
94,96,9A,9E,A0,A2,A3,A4,A3,A4,A4,A4,A5,A5,A4,A4,
A3,A3,A1,A1,A2,9F,99,97,99,9B,9C,9C,9B,92,87,81,
80,80,81,83,84,85,84,83,80,7F,7D,7C,7B,7B,7B,7C,
7F,81,82,86,8F,98,A2,AC,B2,BE,C9,D4,DC,D9,CE,C5,
BB,B0,A4,9D,9A,98,95,93,94,94,91,90,90,8C,84,80,
84,81,81,7F,79,76,6F,62,5C,47,32,28,27,2C,32,35,
34,37,3C,40,43,45,47,48,4C,42,34,2B,29,28,2C,34,
44,5A,7D,93,9C,9C,92,8E,8C,7F,67,4E,3A,2F,2D,2E,
2B,2C,2C,2D,36,43,56,67,78,82,8A,8D,8E,8D,8C,8E,
93,97,9B,9F,A0,9F,9D,9C,9B,9A,99,97,96,97,99,9A,
99,99,98,97,97,96,96,96,97,97,97,97,96,96,95,95,
95,94,93,92,91,91,92,92,92,92,92,92,91,91,90,90,
91,91,8E,8E,90,8F,8D,8D,8C,89,8A,89,86,8A,98,A3,
AF,B7,BC,BE,C0,C0,C0,C2,C3,C5,C8,C9,C9,C8,C7,C7,
C5,C5,C5,C7,C9,CB,CC,CC,CD,CD,CD,CD,CE,CE,CF,D0,
CF,CF,CF,CF,CF,CF,CF,CF,CF,CF,CF,CF,CF,CF,CF,CF,
54,53,52,50,4F,4F,4E,4E,4E,4E,4D,4B,49,46,44,43,
44,45,45,45,46,45,42,3F,3B,39,3A,42,4E,5C,6A,73,
79,80,8B,95,9D,A3,A7,A9,AC,AD,AE,AD,AC,AC,AD,AE,
AE,AD,AC,AD,AF,AD,AB,AC,AD,AA,A3,9B,94,8B,81,79,
6F,64,57,4F,4E,50,53,55,54,52,50,58,67,70,71,72,
71,73,76,7B,7E,80,80,7F,7F,76,66,56,4B,42,40,46,
54,5A,5E,5D,5A,59,57,54,51,50,4D,4A,49,4C,4F,51,
52,5A,66,6A,64,5B,57,57,5E,61,5D,5F,68,73,7B,76,
61,56,59,57,4F,46,36,2D,2E,2F,2F,2C,29,28,2B,2E,
2E,2A,26,27,2A,2A,2B,2F,3B,43,48,4F,50,4F,53,51,
56,5B,61,64,64,64,64,65,5F,60,62,6B,75,73,63,56,
44,34,2A,2A,33,37,2D,26,24,24,2B,39,4D,65,7B,86,
83,7C,75,7E,95,A9,B3,B8,B1,A1,87,67,47,34,2D,2A,
2A,26,25,24,26,29,2D,39,4F,54,4B,45,47,49,51,58,
60,63,65,68,6B,70,73,75,75,7A,7F,84,86,88,89,8A,
8B,8D,8E,8F,90,90,92,93,92,93,93,92,91,91,91,92,
94,96,9A,9D,9F,A1,A2,A3,A3,A3,A4,A4,A4,A4,A4,A4,
A2,A2,A0,A0,A1,9E,98,96,98,9A,9B,9B,9A,92,86,80,
7E,7F,80,82,84,86,85,85,82,81,7F,7D,7C,7C,7C,7C,
7F,81,82,87,8F,97,A0,AA,B0,BB,C6,D1,DB,DA,CF,C6,
BC,B1,A5,9E,9B,99,96,93,95,95,92,90,91,8C,84,80,
83,80,80,7E,79,75,6E,61,54,41,2F,27,25,2A,32,34,
34,38,3C,41,44,46,48,49,4C,42,33,2A,28,28,2C,33,
41,57,7A,90,9B,9C,94,91,91,84,6E,54,3C,2E,2A,29,
27,29,29,2D,38,48,5B,6C,7C,84,8A,8C,8E,8E,8E,91,
95,98,9C,9F,A0,9F,9D,9C,9B,9A,99,97,97,97,99,9A,
99,99,98,97,97,96,96,96,97,97,97,97,96,96,95,95,
95,94,93,92,92,92,92,92,92,92,92,92,91,91,90,90,
90,90,8E,8D,90,8F,8C,8C,8B,88,89,89,87,8D,9C,A8,
B3,B9,BC,BE,C0,C1,C0,C1,C3,C5,C8,C9,C9,C8,C7,C7,
C6,C6,C7,C8,CB,CC,CD,CD,CD,CD,CD,CD,CE,CE,CF,CF,
CF,CF,CF,D0,D0,CF,CF,CF,CF,CF,CF,CF,CF,CF,CF,CF,
54,54,53,52,51,50,4F,4F,4E,4E,4C,4A,48,46,44,43,
44,45,46,45,46,46,43,3F,3B,39,3A,42,4D,5C,69,73,
78,7F,8A,95,9D,A3,A6,A9,AC,AD,AE,AE,AC,AC,AD,AE,
AE,AD,AC,AD,AF,AD,AB,AC,AD,AA,A3,9B,94,8B,81,78,
6F,64,57,4F,4D,4E,50,52,53,52,50,56,63,6C,6E,6F,
74,74,74,76,7A,7D,7E,7D,79,6F,5E,50,48,42,43,49,
54,58,5B,5A,5B,5C,5C,5A,54,52,4E,4C,4D,4F,51,53,
51,5A,6B,6E,60,55,54,54,61,63,5C,5C,64,71,7C,7C,
67,5A,55,53,4E,47,38,2E,2E,2F,2F,2D,29,29,2D,31,
32,2E,28,28,2C,2B,2B,2E,38,42,47,4C,4B,4A,52,57,
5F,6A,74,76,71,6A,64,60,5C,5E,62,68,6A,62,50,41,
37,2E,28,2A,37,38,28,23,21,27,37,4C,64,76,7F,80,
80,7B,74,7F,9C,AC,AB,AA,A5,90,71,4F,34,29,2B,2D,
2A,27,27,26,28,2B,2E,3A,50,54,4A,44,45,48,50,56,
60,63,66,68,6B,6F,72,73,72,76,7C,81,84,86,88,89,
8A,8B,8C,8D,8E,8F,91,92,93,93,94,94,93,93,93,94,
94,97,9A,9C,9E,A0,A1,A1,A2,A3,A3,A4,A4,A4,A3,A3,
A1,A1,9F,9F,A0,9D,97,95,97,99,9A,9A,99,90,85,7F,
7C,7D,7F,81,84,86,86,87,84,83,82,80,7E,7D,7D,7C,
80,82,83,87,8F,97,9F,A8,AF,B9,C3,CE,DA,DA,D0,C6,
BE,B3,A7,9F,9D,9A,97,95,96,96,92,91,91,8C,84,80,
80,7E,7E,7C,78,73,6A,5F,4A,3B,2D,26,24,29,30,34,
34,37,3C,41,44,47,48,49,4B,41,33,29,28,28,2B,32,
3E,54,77,8E,9A,9E,98,96,95,8A,77,5D,40,2E,27,25,
24,25,27,2D,3C,4E,62,72,7F,87,8B,8D,8F,90,92,95,
96,99,9D,A0,A0,9F,9D,9C,9B,9A,99,98,97,98,99,9A,
99,99,98,97,97,96,96,96,97,97,97,97,96,96,95,95,
95,94,94,93,92,92,92,92,92,92,92,92,91,91,90,90,
8F,90,8D,8D,90,8F,8B,8A,8A,87,87,88,88,91,A3,B0,
B8,BC,BD,BD,C1,C2,C0,C1,C3,C5,C8,C9,C8,C7,C7,C7,
C7,C8,C9,CB,CD,CE,CE,CE,CD,CD,CD,CE,CE,CE,CF,CF,
CF,CF,CF,D0,D0,CF,CF,CF,CF,CF,CF,CF,CF,CF,CF,CF,
55,55,54,53,52,51,50,4F,4E,4D,4B,49,47,45,44,44,
45,46,46,46,46,46,43,3F,3B,39,3A,41,4D,5B,69,73,
78,7F,8A,94,9D,A2,A6,A8,AD,AE,AE,AE,AC,AC,AC,AD,
AE,AE,AC,AD,AF,AE,AB,AC,AE,AA,A3,9B,94,8B,81,78,
70,64,57,4F,4C,4B,4C,4E,51,53,54,5A,65,6C,6D,6E,
75,72,70,72,76,7A,7C,7B,76,69,56,48,43,41,44,4B,
53,56,59,5A,5C,5F,5F,5C,55,51,4D,4C,4D,4E,51,52,
51,5A,6B,6C,58,4D,50,52,62,64,5E,5C,62,6E,7E,81,
70,61,55,50,50,4B,3D,32,2F,2F,2F,2E,2C,2C,30,34,
36,31,2B,2A,2C,2B,29,2C,3B,44,49,4E,4E,4E,59,60,
66,72,7D,80,7B,73,68,60,5E,60,66,69,63,55,42,32,
30,2B,27,29,37,37,28,28,27,35,4A,64,7B,86,82,7B,
7D,7C,76,84,A6,B2,A7,A0,9D,87,68,49,31,29,2C,30,
2A,27,28,27,29,2B,2F,3B,4F,54,4A,44,46,4A,53,59,
61,65,68,6A,6C,6F,72,73,70,74,79,7E,82,84,86,87,
88,89,8B,8C,8D,8E,90,91,93,94,95,95,95,95,95,96,
96,97,9A,9C,9D,9E,9F,A0,A1,A2,A3,A4,A4,A3,A2,A1,
A0,A0,9E,9E,9F,9C,97,94,97,99,99,99,98,8F,84,7E,
7B,7C,7D,7F,82,84,86,87,86,85,84,82,80,7E,7D,7C,
80,82,83,88,90,97,9F,A7,B1,B9,C2,CD,D9,DB,D0,C6,
BF,B4,A8,A1,9E,9B,98,96,97,97,93,91,91,8C,84,80,
7E,7D,7C,79,76,70,65,59,41,36,2C,28,25,28,2F,33,
32,36,3B,40,44,46,47,48,49,40,31,28,26,27,2A,30,
39,4F,72,8B,9A,9F,9A,98,96,8D,7E,64,43,2E,28,25,
24,25,26,2F,40,53,67,76,82,88,8C,8D,90,92,94,97,
97,9A,9E,A0,A0,9E,9C,9B,9B,9B,9A,99,98,98,99,9B,
99,99,98,97,96,96,96,96,97,97,97,97,96,96,95,95,
95,95,94,93,93,92,92,92,92,92,92,92,91,90,90,8F,
8F,8F,8D,8D,90,8F,8B,89,89,87,87,87,88,95,A9,B7,
BC,BD,BC,BD,C1,C3,C1,C1,C2,C5,C8,C9,C8,C7,C7,C8,
C9,C9,CB,CC,CE,CF,CF,CF,CE,CE,CE,CE,CE,CE,CF,CF,
CF,CF,D0,D0,D0,D0,CF,CF,CF,CF,CF,CF,CF,CF,CF,CF,
55,55,54,54,52,51,50,4F,4D,4C,4A,48,46,45,45,45,
46,46,46,46,46,45,41,3E,39,38,39,40,4D,5B,6A,73,
79,80,8A,95,9D,A2,A6,A8,AC,AD,AE,AE,AC,AC,AC,AD,
AE,AE,AC,AD,B0,AE,AB,AC,AE,AA,A3,9B,94,8B,80,78,
72,66,57,4F,4B,49,4A,4C,52,58,5D,62,6A,6F,6F,6F,
72,6E,6C,6E,73,79,7B,7B,75,66,51,44,40,41,46,4E,
53,57,59,5C,5F,61,5F,5A,54,4F,4A,49,49,4B,4E,51,
55,5B,67,64,4E,46,4E,53,62,65,60,5B,5E,6A,7E,86,
7B,6B,58,52,53,4E,43,38,32,30,2F,30,30,31,34,37,
38,34,2D,2B,2B,28,27,2B,3C,44,48,4E,51,55,60,64,
6C,71,78,7E,80,7C,70,65,60,61,67,66,5A,4A,39,2C,
2C,2A,26,27,30,30,28,2D,39,4D,64,7A,8D,8F,84,7A,
77,79,79,8D,B1,BD,AE,A3,9C,86,69,4C,35,2B,2A,2B,
29,26,27,26,27,2A,2D,3A,52,57,4E,48,49,4D,56,5D,
61,66,6A,6B,6C,6F,73,75,6F,73,77,7C,80,83,85,86,
87,88,89,8A,8C,8D,8F,91,93,94,95,95,95,95,96,96,
97,98,9A,9B,9C,9D,9E,9E,A0,A1,A2,A3,A3,A2,A1,A0,
9F,9F,9E,9D,9F,9D,97,95,98,9A,99,99,97,8E,83,7D,
7A,7B,7C,7E,80,82,84,86,87,86,85,83,81,7F,7D,7C,
7F,81,82,87,90,97,9E,A6,B1,B8,C1,CC,D9,DB,D1,C7,
BF,B5,A8,A1,9E,9B,98,96,97,97,93,91,91,8C,83,7F,
7D,7C,79,76,74,6C,5C,4F,38,30,2B,29,26,29,2F,34,
32,36,3C,41,44,46,46,46,47,3E,2F,26,25,27,2A,2F,
33,4A,6E,89,98,9E,99,97,98,8F,84,6A,45,30,2A,26,
24,25,27,31,44,58,6B,7A,83,89,8D,8E,92,94,94,96,
98,9A,9E,A0,9F,9E,9C,9B,9C,9B,9B,99,98,99,9A,9B,
99,98,97,97,96,96,95,95,96,96,96,96,96,96,95,95,
95,95,94,94,93,93,92,92,92,92,92,91,91,90,8F,8F,
8F,8F,8D,8D,91,8F,8B,89,8A,87,87,87,8A,97,AD,BC,
BE,BD,BA,BC,C2,C3,C1,C2,C2,C5,C8,C9,C8,C7,C7,C9,
CA,CB,CC,CD,CE,CF,CF,CF,CF,CF,CF,CF,CF,CE,CE,CE,
CF,CF,D0,D0,D0,D0,CF,CF,CF,CF,CF,CF,CF,CF,CF,CF,
54,54,54,53,52,51,4F,4E,4C,4B,4A,48,47,46,46,46,
46,47,46,45,45,43,40,3C,38,36,37,3F,4C,5B,6A,74,
7A,81,8C,96,9D,A2,A6,A8,AB,AD,AD,AD,AC,AC,AD,AE,
AE,AE,AC,AD,B0,AE,AB,AC,AE,AA,A3,9B,94,8B,80,78,
71,64,55,4E,4B,4A,4C,4F,5B,64,69,6C,71,73,72,72,
71,6E,6C,6D,72,75,76,75,71,63,4E,41,3E,40,47,50,
55,59,5D,60,62,63,5E,58,53,4D,47,44,44,46,4B,50,
5A,5C,5F,57,46,41,4D,56,65,68,60,5B,5B,68,7F,8B,
84,76,5E,54,55,4F,47,3E,37,32,30,33,37,38,38,39,
38,36,30,2C,29,24,24,2A,3A,43,48,50,59,63,6D,6D,
68,64,63,6C,78,7C,74,6A,61,5E,60,5B,4B,3C,33,2A,
2B,29,29,27,29,29,2A,36,4D,64,78,85,90,8D,81,7A,
75,79,7D,91,B2,BD,AE,A0,96,80,65,4D,38,2D,2B,2B,
29,26,25,23,24,27,2D,3A,56,5C,53,4B,4A,4B,54,5C,
60,65,6B,6C,6D,70,73,76,70,73,77,7B,7F,82,84,85,
86,87,88,89,8A,8C,8E,8F,91,93,94,95,95,95,95,96,
97,98,99,9A,9A,9B,9C,9D,9E,9F,A1,A1,A1,A0,9F,9D,
9D,9E,9D,9D,A0,9D,98,97,99,9B,9A,99,96,8D,81,7B,
7A,7A,7B,7C,7E,80,83,85,87,86,86,84,82,80,7E,7D,
7D,7E,80,85,8E,95,9D,A5,AE,B6,BF,CB,D9,DB,D1,C8,
BE,B3,A7,9F,9D,9A,97,94,96,95,92,90,90,8A,82,7E,
7C,7C,77,73,72,68,53,43,2F,2A,28,29,28,2A,31,35,
33,37,3D,42,45,46,46,45,45,3D,2E,24,24,27,2A,2E,
31,48,6D,88,99,9F,9A,98,99,91,88,6F,49,32,2C,27,
25,26,29,34,48,5C,6F,7E,83,89,8D,8F,93,94,94,95,
97,9A,9D,9F,9F,9D,9C,9A,9C,9C,9B,9A,99,99,9A,9B,
98,98,97,96,95,95,95,95,96,96,96,96,96,95,95,95,
95,95,94,94,93,93,92,92,92,92,92,91,91,90,8F,8F,
90,8F,8C,8C,90,8F,8B,89,8A,88,89,88,8B,9A,B0,BF,
BE,BD,BA,BC,C2,C4,C2,C2,C2,C5,C8,C9,C8,C7,C8,C9,
CB,CC,CD,CD,CD,CE,CE,CF,CF,CF,CF,CF,CF,CE,CE,CE,
CF,D0,D0,D0,D0,D0,D0,CF,CF,CF,CF,CF,CF,CF,CF,CF,
53,53,53,53,51,50,4E,4D,4B,4A,4A,49,49,48,48,48,
47,47,46,45,44,42,3E,3A,36,34,36,3E,4B,5B,6A,75,
7D,83,8E,97,9E,A3,A6,A8,AA,AB,AD,AD,AC,AC,AD,AE,
AE,AE,AC,AD,B0,AE,AB,AC,AE,AA,A3,9B,94,8B,80,78,
70,62,54,4E,4D,4E,53,59,67,6F,73,72,73,74,73,74,
73,70,6F,6F,71,72,70,6E,6D,60,4D,42,40,42,49,52,
58,5D,62,64,65,64,5E,58,52,4B,43,40,3E,40,47,4E,
5D,5B,56,4A,3F,3E,4B,58,67,68,60,5B,5C,69,7F,8A,
86,7B,61,56,55,4F,4B,44,3B,34,30,35,3C,3E,3C,3A,
38,38,34,2E,27,21,23,2B,3C,47,4D,56,62,6F,77,72,
59,4C,45,52,68,74,71,6B,60,58,55,4C,39,2F,2E,29,
2C,2A,2C,28,23,26,32,46,62,7A,89,8C,8E,89,80,7E,
7E,80,85,95,AD,B4,A6,97,88,73,5B,47,37,2F,2D,2D,
2B,27,26,23,24,28,2E,3D,57,5E,56,4C,48,48,50,58,
5F,65,6B,6D,6E,71,75,78,72,74,77,7B,7F,81,83,83,
85,86,87,88,89,8A,8C,8E,90,91,93,94,94,94,94,95,
97,98,99,99,99,99,9A,9B,9C,9D,9F,A0,9F,9E,9C,9B,
9C,9D,9C,9D,A0,9E,99,98,9B,9C,9A,98,95,8C,7F,79,
79,7A,7B,7B,7D,7F,82,85,87,86,86,85,83,81,7F,7D,
7B,7C,7D,81,8B,92,9A,A1,AB,B4,BE,CA,D6,D8,CE,C5,
BB,B0,A4,9D,9A,98,95,92,94,93,90,8E,8E,88,80,7C,
7D,7C,75,70,70,63,4A,38,2B,27,27,29,29,2C,32,36,
34,38,3E,43,45,45,44,44,44,3C,2D,24,24,27,2A,2E,
31,47,6B,87,98,A0,9B,9A,99,92,8C,75,4D,36,30,29,
27,29,2D,38,4B,5E,71,80,85,8A,8C,8E,92,94,94,95,
97,99,9D,9F,9F,9E,9C,9B,9C,9C,9C,9B,9A,9A,9B,9C,
98,97,96,95,95,94,94,94,95,95,95,95,95,95,95,94,
95,94,94,94,93,93,92,92,92,92,92,91,91,90,8F,8E,
90,8E,8B,8B,8F,8F,8B,89,8A,8A,8A,8A,8E,9D,B3,C1,
BF,BD,BA,BD,C3,C4,C2,C3,C2,C5,C8,C9,C7,C6,C8,CA,
CD,CD,CD,CD,CC,CD,CE,CF,D0,D0,D0,D0,CF,CE,CE,CD,
CF,D0,D0,D0,D0,D0,D0,CF,CF,CF,CF,CF,CF,CF,CF,CF,
52,52,52,52,51,4F,4D,4C,4A,4A,4A,4A,4A,4A,49,49,
47,47,46,44,43,41,3C,38,35,33,35,3D,4B,5B,6B,75,
7E,85,8F,98,9F,A3,A6,A8,A9,AB,AC,AC,AC,AC,AD,AF,
AE,AE,AC,AD,B0,AE,AB,AC,AE,AA,A4,9B,94,8B,80,78,
71,63,55,51,52,55,5C,63,6D,74,76,72,70,70,71,72,
71,70,6F,70,72,71,6F,6D,6A,5F,4F,45,44,46,4C,55,
5A,60,65,67,67,65,5F,58,50,49,41,3C,3A,3C,44,4D,
5E,5A,4F,42,3A,3C,49,58,64,65,5E,5B,5E,69,7C,85,
85,7C,61,56,55,4F,4E,49,3E,35,31,37,40,42,3F,3B,
38,39,36,2F,26,20,22,2C,39,45,4B,51,5D,6A,6F,67,
4B,39,30,40,5C,6D,6F,6C,60,55,4D,41,2E,27,2B,2B,
2C,29,2D,26,1D,24,3A,53,73,8B,97,93,91,8A,85,87,
8B,8B,8F,9B,AB,B1,A5,95,7D,68,52,41,33,2C,2B,2A,
2E,2A,28,24,25,29,31,40,59,60,58,4E,49,47,4F,57,
5F,65,6C,6E,6F,72,76,79,73,74,77,7B,7E,80,82,82,
84,85,86,87,88,89,8B,8D,8F,91,92,93,93,93,93,94,
97,97,98,98,98,98,99,99,9A,9B,9D,9E,9E,9D,9B,99,
9A,9C,9B,9C,A0,9E,9A,99,9B,9C,9A,98,95,8B,7E,78,
79,7A,7A,7B,7D,7F,83,85,86,87,86,86,84,82,7F,7E,
7A,7B,7B,7F,88,90,97,9F,AA,B4,BE,C9,D4,D5,CB,C2,
B9,AE,A2,9B,98,96,93,91,92,91,8E,8C,8C,87,7E,7A,
7E,7C,74,6F,6F,61,45,32,2B,27,28,2B,2B,2D,32,36,
34,38,3E,42,44,44,43,42,43,3C,2D,24,25,28,2B,2E,
2F,44,68,83,94,9D,9A,9A,97,91,8D,78,51,3A,34,2C,
2A,2D,30,3A,4C,5F,72,80,86,8A,8C,8D,91,94,94,95,
97,99,9D,9F,9F,9E,9D,9C,9C,9C,9C,9B,9A,9A,9B,9C,
97,97,96,95,94,94,94,94,95,95,95,95,95,95,94,94,
94,94,94,94,93,92,92,92,92,92,92,91,90,90,8F,8E,
90,8E,8A,8A,8E,8E,8A,89,8B,8A,8B,8C,8F,9F,B5,C2,
C0,BE,BB,BE,C3,C4,C2,C3,C2,C5,C8,C9,C7,C6,C8,CA,
CE,CE,CE,CD,CC,CC,CE,CF,D0,D0,D0,D0,CF,CE,CE,CD,
D0,D0,D0,D0,D0,D0,D0,D0,CF,CF,CF,CF,CF,CF,CF,CF,
50,51,51,52,51,50,4E,4D,4C,4C,4C,4B,4C,4C,4B,49,
49,47,46,45,42,3C,38,37,35,36,37,3C,48,59,6B,77,
7D,83,8D,97,9E,A4,A7,A9,A9,A9,A9,AA,AB,AC,AE,AF,
AF,AF,AE,AD,AC,AC,AC,AD,AD,AB,A7,9F,95,8A,7F,78,
71,68,5E,58,58,5C,64,6B,6F,6F,6B,67,66,65,65,68,
6A,6C,6E,6E,70,74,75,73,6A,5F,52,4C,4C,4B,4C,53,
5E,60,62,64,69,6A,62,59,50,46,3B,3C,3A,3B,44,48,
54,52,52,47,3C,3F,48,52,62,62,5E,5B,5F,67,70,79,
7B,72,5F,53,53,53,50,4C,3C,36,33,34,3A,3C,37,3A,
39,37,38,32,24,21,28,2C,35,3C,44,4A,51,56,53,4C,
40,37,32,3B,50,62,6B,6C,6A,5B,45,34,2C,2C,2D,2C,
2B,28,24,23,1E,2B,4E,62,80,93,9D,9B,9B,9A,99,9D,
9E,9E,A1,AA,B5,B3,A0,8B,73,59,43,35,2B,28,2B,2B,
2E,2C,28,26,29,2D,36,42,56,5E,5B,51,46,46,55,5E,
5F,64,6B,71,74,76,77,78,79,79,7A,7B,7D,7F,81,83,
82,83,84,84,85,87,8A,8C,8E,8F,90,92,93,94,94,94,
96,96,97,98,98,98,98,98,99,99,9A,9A,9B,9B,9C,9C,
9C,9B,9B,9B,9C,9C,9B,9A,9A,9A,9A,96,8F,85,7C,76,
7B,7C,7D,7D,7F,83,87,89,89,89,86,83,83,85,86,83,
7D,7B,7B,7E,84,8B,95,9E,A9,B4,C0,C8,CB,C9,C2,BB,
B4,AB,A1,9B,98,95,91,8F,8D,8E,8C,8C,8D,88,80,7C,
7D,79,76,75,70,5E,44,30,2E,2C,2B,29,29,2B,31,37,
33,35,3D,42,44,41,3A,3F,43,41,2E,26,2B,2B,2B,2D,
2E,3E,56,72,8E,9D,A0,A1,97,92,8D,79,5B,42,2E,27,
2C,2D,34,3E,4A,5E,73,7E,81,84,89,8D,90,93,97,9A,
98,99,9C,9E,9F,A0,9F,9F,9E,9D,9C,9B,9A,9A,9A,9B,
96,95,94,94,93,94,95,96,94,94,94,94,93,93,93,93,
94,93,93,92,92,92,92,92,93,92,91,90,8F,8F,8E,8E,
90,8F,8C,8B,8C,8B,89,86,88,8A,8D,92,9B,A9,B6,BE,
BF,BF,BF,C0,C1,C2,C3,C4,C5,C5,C6,C7,C8,CA,CA,CB,
CC,CC,CD,CE,CF,CF,CF,CF,CF,CF,CF,CF,CF,CF,CF,D0,
D1,D1,D0,D0,D0,CF,CF,CF,CF,CF,CF,CF,CF,CF,CF,CF,
50,50,51,51,51,50,4E,4D,4C,4D,4D,4C,4C,4D,4C,4A,
47,46,45,44,40,3B,38,37,36,36,38,3D,49,5A,6C,78,
7E,84,8D,97,9F,A4,A8,A9,A9,A9,A9,A9,AA,AC,AE,AF,
AF,AF,AF,AE,AD,AC,AD,AD,AD,AB,A7,9F,95,8A,80,78,
74,6C,61,5A,58,5B,62,68,68,68,64,60,60,60,62,66,
6B,6D,6E,6E,71,75,76,74,69,5F,53,4E,4D,4A,4B,51,
5C,61,65,68,6A,68,5F,56,48,41,3C,3C,38,3C,4C,51,
53,51,54,4C,42,40,44,4C,5E,62,61,5D,5E,63,6E,7B,
82,77,5C,4E,50,57,5E,5B,43,37,30,32,3B,3D,37,3A,
3E,3D,3D,36,27,23,29,2C,33,39,40,44,48,48,43,3B,
36,31,32,41,56,65,68,65,61,50,3B,2E,2C,2D,2B,28,
26,24,24,22,1D,30,5E,7A,8A,98,A0,A2,A7,A8,A6,A6,
AC,AD,AF,B1,B1,A4,8A,72,5E,4A,39,30,28,27,2A,2A,
2E,2C,28,27,29,2D,37,42,56,5F,5C,53,47,47,56,5F,
60,65,6C,71,75,76,77,78,7A,7A,7B,7C,7D,7F,81,83,
82,83,84,84,85,87,8A,8C,8E,8F,90,92,93,93,94,94,
95,95,96,97,98,98,98,97,99,99,99,9A,9A,9B,9B,9B,
9B,9B,9B,9B,9B,9B,9B,9A,98,99,98,94,8D,83,7A,74,
7A,7C,7F,7F,80,80,7E,7B,7A,7A,79,79,7A,7C,7D,7C,
78,77,77,7B,80,85,8F,97,A6,B1,BD,C5,C7,C4,BD,B5,
B1,A8,9E,98,96,93,90,8E,8D,8D,8B,8B,8C,87,80,7C,
7D,79,76,72,6A,59,42,32,2E,2D,2B,2A,29,2B,31,36,
32,35,3D,42,45,43,3C,40,46,44,31,28,2C,2B,2B,2C,
2C,3B,51,6D,8A,9B,A0,A0,96,90,8C,7A,5F,47,34,2C,
2F,2F,35,3E,4C,61,75,80,83,86,8B,8F,93,95,98,9A,
98,99,9B,9C,9E,9E,9E,9E,9D,9D,9B,9A,9A,99,9A,9A,
96,95,94,94,94,94,95,96,94,94,94,94,93,93,93,93,
94,94,93,92,92,92,92,92,93,92,91,90,8F,8E,8E,8E,
8F,8E,8D,8C,8C,8B,88,87,89,8C,90,97,A1,AE,B9,BF,
BF,C0,C0,C1,C2,C3,C4,C5,C5,C6,C7,C8,C9,CA,CB,CB,
CC,CC,CD,CE,CF,CF,CF,D0,CF,CF,CF,CF,CF,CF,D0,D0,
D0,D0,D0,D0,D0,D0,D0,CF,CF,CF,CF,CF,CF,CF,CF,CF,
4F,50,51,51,51,50,4F,4E,4D,4E,4D,4D,4D,4D,4C,49,
45,43,42,41,3F,3A,37,37,37,38,3B,41,4D,5E,70,7B,
7F,85,8E,98,A0,A5,A9,AA,A8,A8,A8,A9,AA,AC,AE,AF,
B0,B1,B0,AF,AE,AD,AD,AE,AD,AB,A7,9F,95,8B,80,78,
75,6C,61,58,55,56,5B,60,60,60,5D,5A,5D,5F,62,67,
6D,6E,6E,6E,71,75,75,72,68,5F,56,51,4D,4A,4A,4E,
5A,62,6B,70,6F,68,5C,51,40,3D,3B,3A,36,41,59,5F,
56,53,57,54,4D,46,42,47,5A,62,65,61,5D,60,70,81,
93,86,60,4E,4E,5A,6E,6B,4D,3B,2F,30,3C,3F,39,3C,
44,44,44,3B,2D,28,2B,2E,31,35,3A,3C,3E,3E,3A,35,
30,31,3B,50,65,6F,6A,60,50,3E,2B,26,2A,2B,27,23,
21,20,24,24,1D,38,70,92,96,9D,A4,AA,B2,B4,B2,B1,
B7,BA,BB,B4,A4,89,68,51,46,39,2F,2B,26,25,29,2B,
2E,2C,29,27,2A,2E,37,43,56,60,5F,56,4A,49,58,61,
62,67,6D,73,76,77,78,79,7B,7B,7C,7C,7D,7F,81,82,
82,82,83,84,86,88,8A,8C,8E,8F,90,92,93,93,93,93,
94,94,95,96,97,97,97,97,98,98,99,99,9A,9A,9B,9B,
9B,9B,9A,9B,9B,9B,9A,99,97,97,96,93,8C,82,79,73,
77,7B,7F,81,7F,79,6F,67,5E,5D,5D,61,64,66,67,67,
6E,6E,71,75,79,7D,85,8D,9D,A9,B7,C0,C4,C2,BB,B3,
AD,A4,9A,94,93,91,8F,8D,8D,8C,8A,89,8B,87,80,7D,
7D,7A,74,6C,5F,4F,3E,33,2E,2D,2C,2C,2B,2C,30,35,
32,35,3E,44,48,46,40,43,49,46,35,2C,2C,2A,2A,2B,
2D,39,4C,67,86,9A,9F,A0,96,90,8D,7D,65,50,3C,34,
34,33,36,40,51,67,7A,85,86,89,8E,93,97,99,99,99,
97,98,99,9A,9B,9C,9D,9D,9C,9B,9A,99,98,98,98,98,
95,95,94,94,94,94,95,95,94,94,94,94,93,93,93,93,
94,94,93,93,92,92,92,92,92,92,91,90,8F,8E,8E,8E,
8C,8D,8E,8E,8C,8A,88,87,89,8E,94,9D,A8,B4,BB,BE,
C0,C0,C1,C2,C3,C4,C5,C6,C6,C7,C7,C8,C9,CA,CB,CB,
CC,CD,CD,CE,CF,CF,D0,D0,CF,CF,CF,CF,CF,CF,D0,D0,
D0,D0,D0,D0,D0,D0,D0,D0,CF,CF,CF,CF,CF,CF,CF,CF,
4F,50,50,51,51,50,4F,4E,4D,4E,4E,4D,4D,4D,4B,49,
43,41,40,40,3D,3A,38,38,3A,3C,3F,47,53,63,74,7F,
82,87,8F,99,A1,A6,A9,AA,A8,A8,A9,A9,AB,AD,AE,AF,
B1,B1,B1,B0,AF,AE,AD,AE,AC,AB,A7,9F,95,8B,7F,77,
74,6B,5F,56,51,51,54,58,58,5A,59,59,5D,60,64,69,
6F,6F,6F,6E,70,72,71,6D,64,5E,59,54,4C,48,4A,4E,
56,61,6E,75,73,68,58,4B,3E,3A,37,38,39,4D,68,6D,
59,53,54,56,55,4D,42,44,55,60,66,62,5C,5F,71,86,
9D,92,69,54,4F,5A,75,73,55,3F,2F,2E,38,3C,38,3C,
47,49,48,40,34,2E,2F,30,32,33,34,34,36,37,39,39,
2F,37,48,5E,71,74,67,58,44,33,24,23,2A,2B,28,25,
21,20,25,27,24,43,7E,9F,9E,A4,AA,B0,B4,B5,B6,B7,
B8,BC,BB,AB,8D,68,48,35,36,2F,2A,27,25,25,29,2C,
2D,2C,29,28,2A,2E,37,43,56,61,61,59,4D,4C,5A,63,
65,69,6F,74,77,78,7A,7A,7C,7D,7D,7D,7D,7E,80,82,
81,82,83,84,86,88,8A,8C,8E,8F,90,92,92,93,93,93,
93,94,95,96,96,97,97,97,98,98,98,99,99,9A,9B,9B,
9C,9B,9B,9B,9B,9B,9A,9A,98,98,96,93,8D,83,7A,74,
77,7B,7F,81,7E,74,66,5A,51,4E,4F,54,59,5B,5C,5E,
66,68,6C,71,75,78,7F,86,93,A0,B1,BC,C2,C1,BA,B2,
A9,A0,96,92,91,90,8E,8D,8E,8D,89,88,8A,87,81,7E,
7E,7A,71,63,52,42,37,32,2D,2D,2E,2E,2E,2D,30,33,
33,36,3F,45,4A,4A,43,44,4A,47,38,2F,2D,2A,2C,2C,
2F,38,48,63,83,98,9E,9E,96,8F,8C,7E,69,55,41,37,
37,36,37,41,57,6E,80,8B,8A,8D,92,97,9B,9C,9B,99,
97,97,97,98,99,9A,9B,9B,9A,99,99,98,97,96,96,96,
95,94,94,94,94,94,95,95,94,94,94,94,93,93,93,93,
94,94,93,93,92,92,92,92,92,92,91,90,8F,8E,8D,8D,
89,8C,8F,90,8C,88,87,88,89,91,9C,A6,AF,B7,BC,BE,
C0,C1,C2,C3,C4,C5,C6,C7,C8,C8,C8,C9,CA,CB,CB,CC,
CC,CD,CD,CE,CF,CF,D0,D0,CF,CF,CF,CF,CF,D0,D0,D0,
D0,D0,D0,D0,D0,D0,D0,D0,CF,CF,CF,CF,CF,CF,CF,CF,
4E,4F,50,50,51,50,4F,4F,4D,4E,4E,4D,4D,4C,4A,48,
42,40,3F,3F,3E,3B,3A,3B,3D,40,45,4D,59,68,78,82,
84,89,91,9A,A1,A7,A9,AA,A9,A9,A9,AA,AB,AD,AF,B0,
B2,B2,B2,B0,AF,AE,AD,AD,AC,AB,A7,9F,95,8A,7F,77,
73,6B,5F,56,51,50,52,56,54,57,58,59,5D,60,62,66,
6C,6E,6E,6E,6F,70,6D,68,5F,5B,5A,55,4A,46,4B,50,
52,5C,6A,73,72,65,52,44,3F,38,33,37,44,5D,75,75,
58,4D,4A,4F,58,52,43,42,4E,59,62,62,5F,60,6F,82,
97,94,74,60,53,58,73,70,57,42,30,2B,31,35,33,39,
45,49,48,42,3C,35,30,2D,32,31,2F,2E,2D,2F,34,38,
3A,46,59,6C,76,72,62,53,40,34,29,28,2C,2C,2C,2C,
26,23,24,28,2E,4F,85,A1,A4,AB,B4,B6,B2,B2,B6,BB,
B9,B9,B0,96,70,4A,30,25,2E,2B,27,24,24,26,29,2D,
2C,2B,29,29,2B,2E,37,42,57,62,64,5D,51,4F,5C,64,
68,6C,71,76,78,79,7A,7B,7D,7D,7D,7D,7D,7E,80,81,
81,82,83,85,86,88,8B,8D,8F,8F,90,91,92,93,93,92,
93,93,94,95,96,97,97,97,98,98,99,99,9A,9B,9B,9C,
9D,9C,9C,9C,9C,9C,9B,9A,98,98,97,94,8E,86,7D,77,
7A,7D,80,81,7E,75,66,5B,53,4F,50,55,5B,5E,61,64,
65,67,6C,71,75,77,7C,82,8E,9C,AD,B9,BE,BD,B5,AD,
A6,9E,95,91,91,90,8F,8E,8F,8D,89,88,8A,88,82,7F,
7F,79,6B,58,45,38,32,30,2C,2D,2F,31,30,2F,2F,30,
34,37,40,46,4B,4B,42,43,49,47,3B,33,2F,2D,30,30,
2E,36,43,5D,7E,95,9C,9D,96,8E,8A,7D,68,54,3F,34,
38,38,37,44,5D,75,84,8F,8D,90,95,9B,9E,9E,9B,99,
98,97,97,97,97,98,99,99,98,98,98,97,96,95,95,94,
94,94,94,94,94,94,95,95,94,94,94,94,93,93,93,93,
94,94,93,93,92,92,92,92,92,91,91,90,8F,8E,8D,8D,
88,8B,8F,90,8C,87,87,89,8C,97,A5,B0,B6,BB,BF,C0,
C1,C1,C2,C4,C5,C6,C7,C8,C9,C9,C9,CA,CA,CB,CB,CC,
CC,CD,CE,CE,CF,D0,D0,D0,CF,CF,CF,CF,CF,D0,D0,D1,
D0,D0,D0,D0,D0,D0,D0,D0,D0,D0,D0,D0,D0,D0,D0,D0,
4E,4E,4F,50,50,50,50,50,4E,4E,4E,4D,4D,4C,4A,47,
43,41,40,40,3F,3E,3D,3E,40,44,4A,53,5F,6D,7B,84,
86,8A,92,9A,A2,A7,A9,AA,A9,A9,A9,A9,AB,AC,AE,AF,
B1,B2,B1,B0,AE,AD,AC,AC,AB,AA,A6,9F,95,8A,7F,76,
71,69,5F,57,52,51,53,55,56,59,5A,5C,5F,5F,5F,62,
68,6C,6F,6F,70,6F,6B,66,5B,57,57,53,47,46,4F,52,
50,59,66,6E,6C,5F,4E,42,40,3A,32,3C,52,6A,78,74,
56,49,42,4A,5A,58,48,45,4A,56,62,66,65,64,6D,7B,
90,94,85,74,5E,59,6A,67,5A,48,36,2C,2D,30,2F,36,
40,46,48,48,48,41,34,2B,2F,2D,2B,2A,29,2A,30,37,
46,54,65,6E,6D,64,55,49,3D,37,30,2D,2B,2B,2D,30,
2D,29,24,29,37,57,84,9C,A5,AE,B9,BA,B3,B2,B8,BC,
BA,AF,9A,7A,54,35,25,21,2B,2A,26,23,27,29,2A,2C,
2A,2B,2A,2A,2C,2E,36,41,58,63,65,5F,55,52,5E,64,
69,6D,72,76,79,7A,7B,7B,7D,7E,7E,7D,7D,7E,7F,81,
81,82,84,85,87,89,8C,8D,8F,90,90,91,92,92,92,92,
92,92,93,94,95,96,97,97,99,99,99,99,9A,9B,9C,9D,
9E,9E,9D,9D,9E,9D,9C,9B,98,98,97,95,90,88,7F,7A,
7A,7C,7D,7E,7C,76,6B,63,5B,58,58,5C,63,67,6A,6C,
67,68,6C,72,75,77,7B,80,8A,97,A8,B4,B9,B8,B1,AA,
A4,9C,94,91,92,92,90,8F,8F,8E,89,88,8A,88,82,7F,
7F,75,63,4D,3B,31,2E,2F,2B,2C,2F,32,31,2F,2F,2F,
35,39,41,46,4B,4A,40,3F,46,45,3D,36,31,2F,35,35,
2F,34,40,59,7C,95,9F,A1,99,91,8C,7D,69,54,3F,34,
37,39,3B,4A,66,7B,86,8F,8F,93,99,9E,A0,9E,9C,9A,
99,99,98,97,97,97,98,98,98,98,98,97,96,95,94,93,
94,94,94,94,94,94,95,95,94,94,94,94,93,93,93,93,
94,93,93,92,92,92,92,92,91,91,90,90,8F,8E,8D,8C,
89,8B,8E,8F,8B,86,87,8B,91,9D,AC,B6,BA,BC,BF,C0,
C1,C1,C3,C4,C6,C7,C8,C9,C9,CA,CA,CA,CB,CB,CB,CB,
CD,CD,CE,CF,CF,D0,D0,D0,CF,CF,CF,CF,D0,D0,D1,D1,
D1,D1,D1,D0,D0,D0,D0,D0,D0,D0,D0,D0,D0,D0,D0,D0,
4E,4E,4F,50,50,50,50,50,4E,4F,4F,4E,4D,4C,4A,47,
44,42,41,42,41,40,41,42,44,48,50,59,65,72,7E,86,
88,8C,92,9B,A2,A7,A9,A9,A8,A8,A8,A9,AA,AC,AD,AE,
B1,B1,B1,B0,AE,AC,AB,AB,AB,AA,A6,9E,95,8A,7E,76,
6F,67,5E,57,52,51,53,56,59,5C,5D,5E,61,60,5F,61,
65,6B,71,72,71,6F,6A,65,5A,53,52,4F,46,49,52,54,
4F,56,60,65,60,55,49,41,40,3F,38,44,5F,6F,70,68,
54,48,41,49,5D,5F,4E,4B,4D,58,63,69,69,66,6C,76,
89,92,94,87,6B,5E,63,5F,5E,4F,3E,2F,2D,2F,2F,35,
3A,43,4A,52,5B,54,40,31,30,2C,29,27,26,28,31,3A,
4B,59,64,63,58,4B,41,3A,3A,3B,39,35,30,2F,33,37,
39,38,30,34,45,5F,81,94,9E,A7,B3,B6,B3,B6,B9,B6,
B0,9A,7A,59,3D,2A,24,25,2B,2D,29,27,2D,2E,2B,2A,
2A,2B,2B,2C,2D,2E,35,40,59,64,66,61,57,55,5F,64,
69,6D,72,76,78,79,7A,7B,7D,7E,7D,7D,7D,7E,7F,80,
81,82,84,86,88,8A,8C,8E,8F,90,91,91,92,92,92,92,
91,92,92,93,95,96,96,97,99,99,99,99,9A,9B,9C,9D,
9F,9F,9E,9E,9E,9E,9D,9C,99,99,98,96,92,8B,83,7D,
7B,7C,7C,7B,7A,78,73,6E,6C,6B,6A,6C,71,76,77,75,
69,69,6C,73,78,7A,7E,83,8B,96,A5,AE,B3,B3,AE,A7,
A3,9B,94,92,93,93,91,90,8F,8D,88,87,89,87,80,7C,
7A,6D,58,42,33,2C,2C,2F,2C,2C,2E,30,31,2F,2F,30,
39,3C,43,47,4C,4A,3F,3C,42,42,3C,37,31,30,37,37,
32,36,3F,56,78,94,A0,A5,9D,94,8F,80,6B,56,41,36,
37,3D,42,54,71,83,88,8F,91,96,9C,A0,A1,9F,9C,9B,
9B,9B,9A,99,98,98,98,98,99,99,99,98,97,96,95,94,
94,93,93,94,94,94,95,95,94,94,94,94,93,93,93,93,
93,93,92,92,91,91,91,91,91,91,90,90,8F,8E,8D,8C,
8A,8B,8E,8E,8A,85,87,8B,96,A2,B0,B9,BD,BE,BF,BF,
C0,C1,C3,C5,C6,C8,C9,C9,CA,CA,CA,CA,CB,CB,CB,CB,
CD,CD,CE,CF,CF,D0,D0,D0,CF,CF,CF,CF,D0,D0,D1,D1,
D1,D1,D1,D1,D0,D0,D0,D0,D0,D0,D0,D0,D0,D0,D0,D0,
4D,4E,4F,50,50,50,50,50,4F,50,4F,4E,4D,4D,4A,47,
45,43,42,43,43,42,43,45,47,4C,54,5E,6A,76,81,88,
89,8C,93,9B,A2,A7,A9,A9,A8,A8,A8,A8,A9,AB,AC,AD,
B0,B1,B0,AF,AD,AC,AB,AA,AA,AA,A6,9E,94,89,7E,75,
6F,68,5F,58,54,53,55,57,58,5C,5D,5E,60,60,5F,61,
65,6D,73,75,73,6F,69,64,59,50,4E,4C,46,4B,55,55,
4C,52,5A,5B,55,4B,43,40,41,44,3E,4C,67,6F,67,5C,
51,48,41,49,5F,62,51,4E,50,5A,63,68,67,65,6A,74,
80,8C,99,91,73,63,61,5D,60,52,41,30,2C,2F,2E,32,
36,42,4D,5B,6A,64,4C,3A,35,2F,29,25,22,25,30,3C,
52,5F,67,5F,4D,3F,38,35,3D,41,43,3F,39,39,3E,43,
47,49,41,44,54,67,7F,90,95,9C,A9,B0,B1,B8,B8,AF,
A2,86,60,42,2F,26,27,2B,2E,31,2D,2C,33,33,2C,28,
2A,2C,2C,2D,2E,2F,35,40,5A,65,66,62,59,56,5F,63,
69,6D,72,76,77,78,79,7A,7D,7D,7D,7D,7D,7D,7F,80,
81,82,84,86,88,8A,8D,8E,8F,90,91,91,92,92,92,91,
90,91,92,93,94,95,96,97,98,98,98,99,9A,9B,9C,9D,
A0,9F,9E,9E,9F,9E,9D,9C,9A,9A,99,98,94,8E,86,80,
7E,7E,7D,7C,7C,7C,7A,78,78,78,77,76,7A,7E,7D,79,
6C,6B,6E,75,7C,80,85,89,91,9B,A5,AC,AF,AE,A9,A3,
A2,9B,94,92,93,93,91,90,8F,8C,87,86,88,86,7E,7B,
75,66,50,3A,2D,2A,2B,2E,2D,2C,2D,2F,30,2F,30,31,
3C,3F,46,49,4D,4B,3F,3B,3F,3F,3A,36,2F,2F,37,37,
34,36,3D,52,74,90,9F,A5,9F,96,90,81,6B,56,42,37,
38,41,49,5C,7A,88,8A,8E,92,98,9E,A2,A1,9F,9D,9C,
9D,9C,9B,9A,99,99,98,98,9A,9A,9A,99,98,97,95,94,
93,93,93,94,94,94,95,95,94,94,94,94,93,93,93,93,
93,93,92,92,91,91,91,91,91,91,90,90,8F,8D,8C,8C,
8B,8B,8D,8D,89,85,87,8C,9C,A6,B3,BC,C0,C1,C0,BF,
C0,C1,C3,C5,C7,C8,C9,C9,CA,CA,CA,CB,CB,CB,CB,CB,
CD,CD,CE,CF,CF,D0,D0,D0,CF,CF,CF,CF,D0,D0,D1,D1,
D1,D1,D1,D1,D0,D0,D0,D0,D0,D0,D0,D0,D0,D0,D0,D0,
4C,4D,4E,4F,4F,4F,4F,4F,4F,50,50,4F,4E,4B,49,47,
45,43,42,44,45,45,46,47,4A,4F,58,63,6F,7A,83,88,
89,8D,94,9B,A2,A6,A9,A9,A8,A8,A7,A8,A9,AA,AC,AD,
B0,B0,B0,AF,AD,AC,AC,AC,AB,AA,A6,9F,96,8C,80,78,
71,69,5F,58,52,4E,4E,50,54,57,5B,5F,61,62,62,62,
69,6E,79,7B,70,6C,6C,63,58,52,48,45,4A,4E,51,56,
50,50,59,56,43,3C,40,3D,3B,44,51,5D,64,62,57,4D,
49,49,4A,51,5B,5C,54,4F,58,5F,63,63,61,60,67,73,
80,87,8C,87,7A,6D,66,64,66,5C,3E,2E,2F,2E,30,34,
36,41,51,67,7B,7A,60,48,3F,33,28,23,21,24,31,3F,
59,62,65,59,47,3C,3A,3B,40,49,51,52,4F,4E,53,58,
5D,63,66,67,69,70,7D,8A,8A,96,9F,A4,AD,B4,B0,A8,
8D,6D,4B,32,2B,2B,28,2A,2C,31,33,37,3A,36,2D,27,
2B,2A,2E,2D,2D,2F,33,40,59,67,65,5F,5A,57,5E,64,
67,6B,71,75,76,77,78,7A,7C,7C,7C,7C,7C,7D,7E,80,
82,83,85,87,89,8B,8D,8E,8E,8F,8F,90,91,92,92,92,
90,91,92,93,94,95,96,96,98,98,98,99,9A,9B,9C,9C,
9C,9D,9C,9C,9C,9E,9D,9B,9A,9A,99,98,95,90,8A,86,
81,82,83,84,84,83,80,7E,7E,7E,7F,80,7F,80,7E,79,
71,71,74,7B,83,8B,93,98,9E,A5,AC,AF,B0,AE,A9,A4,
9F,9B,93,8F,91,91,8F,8F,8E,8B,87,85,85,82,7B,73,
6D,5F,43,31,2F,2C,29,2E,2D,2E,2F,2F,2F,2F,32,36,
3F,46,49,4E,53,4D,41,3C,3F,3E,3B,35,30,2F,32,36,
34,37,37,4A,6B,84,97,A1,9C,95,8C,80,6C,57,46,3A,
39,42,54,6A,82,8B,87,8D,95,9B,A1,A2,A1,A0,A0,A0,
A0,9F,9D,9B,9A,99,99,9A,9B,9B,9B,9B,9A,98,96,95,
94,94,94,94,94,94,95,95,94,94,94,94,93,93,93,93,
93,93,92,91,91,91,90,90,91,90,90,8F,8E,8D,8D,8C,
8D,8C,8C,89,89,86,83,8E,A4,B2,B6,BA,BF,BF,C0,BF,
C1,C2,C3,C5,C7,C8,C9,CA,CA,CA,CA,CA,CA,CA,CA,CB,
CE,CE,CF,CF,D0,D0,D0,D0,CF,CF,CF,CF,D0,D0,D1,D2,
D0,D0,D0,D0,D0,D0,D0,D0,D1,D1,D1,D1,D1,D0,D0,D0,
4D,4E,4E,4F,50,50,50,4F,50,50,50,50,4E,4C,49,48,
46,44,43,44,45,46,47,49,4C,52,5B,66,72,7C,84,89,
8A,8E,94,9C,A2,A6,A8,A9,A8,A8,A7,A8,A9,AA,AC,AD,
B0,B0,B0,AE,AD,AC,AC,AC,AC,AB,A7,A0,97,8D,82,79,
72,69,5F,57,50,4C,4C,4E,50,54,59,5E,61,63,64,64,
68,6E,7A,7A,6D,6A,6A,64,5A,51,46,43,49,4E,51,54,
51,4F,53,4E,3C,33,36,36,3C,4A,5A,61,5D,54,4C,46,
4A,4B,4B,50,56,57,53,51,5A,5E,61,61,60,60,67,72,
7C,7E,7F,7D,78,72,6D,6C,6E,60,40,2F,2F,2E,2F,32,
36,41,52,6A,81,82,6B,54,44,36,28,21,20,25,33,41,
57,5C,5A,4E,40,3A,3C,3F,44,4C,55,5B,5C,5E,64,69,
6F,77,7B,7A,79,78,7A,7F,86,8C,97,A1,AA,B1,A9,98,
76,58,3B,2C,2B,2D,2A,2C,2D,32,36,39,3B,36,2D,27,
2B,2B,2E,2D,2D,2F,33,40,59,66,63,5D,59,57,5D,62,
66,6A,70,74,76,76,78,79,7B,7C,7C,7C,7C,7D,7E,80,
82,83,85,87,89,8B,8D,8E,8E,8E,8F,90,90,91,92,92,
90,91,91,93,94,95,96,97,98,98,98,99,9A,9B,9C,9C,
9C,9C,9C,9B,9C,9D,9D,9B,9A,9A,9A,99,97,92,8D,8A,
89,89,8A,8A,8A,88,86,84,83,81,82,83,82,84,83,7F,
7C,7C,7F,86,8F,97,9F,A5,A8,AD,B1,B3,B2,AF,A9,A4,
9F,9B,93,8F,91,91,8F,8F,8E,8B,87,85,84,80,77,6F,
66,57,3B,2C,2F,2E,2A,2C,2D,2D,2E,2F,2E,2E,31,35,
3E,45,4A,50,55,50,45,41,42,41,3D,37,30,2E,30,33,
32,34,33,45,65,7F,94,9E,9B,94,8C,7F,6A,55,45,3B,
3C,47,5D,72,86,8D,88,8C,95,9B,A1,A2,A0,9F,A0,A0,
A0,9F,9D,9B,9A,9A,99,9A,9B,9B,9B,9B,9A,98,96,95,
94,94,94,94,94,94,95,95,94,94,94,94,93,93,93,93,
93,92,92,91,90,90,90,90,91,90,90,8F,8E,8D,8D,8C,
8E,8C,8A,87,88,86,84,90,A8,B6,B8,BA,BF,BF,C0,BF,
C1,C2,C3,C5,C7,C8,C9,CA,CA,CA,C9,C9,CA,CA,CA,CB,
CE,CE,CF,CF,D0,D0,D0,D0,CF,CF,CF,CF,D0,D0,D1,D2,
D1,D1,D1,D1,D1,D1,D1,D1,D1,D1,D1,D1,D1,D1,D0,D0,
4D,4D,4E,4F,4F,4F,4F,4F,50,50,51,50,4E,4C,49,48,
46,44,42,43,45,46,48,4A,4F,55,5F,6B,76,7F,86,89,
8B,8F,95,9C,A2,A5,A7,A8,A8,A8,A8,A8,A9,AA,AC,AD,
B0,B0,B0,AF,AD,AC,AC,AC,AD,AC,A8,A2,99,8F,84,7B,
73,69,5E,55,4E,4A,4A,4D,4F,52,58,5D,60,62,63,64,
67,6E,78,77,6B,67,69,66,5D,51,43,40,49,4F,50,52,
4F,4E,4D,48,3B,31,30,34,3F,53,65,65,56,46,42,43,
4B,4D,4C,4D,50,52,52,54,5B,5D,5E,5F,5F,62,68,6F,
76,73,6E,70,76,78,75,72,75,65,44,31,2F,2E,2F,30,
36,40,50,69,83,88,75,5F,4B,39,27,1F,1F,26,35,42,
52,51,49,3D,36,39,41,47,44,4A,55,5F,66,6A,70,76,
85,8A,8B,86,82,7C,77,75,80,87,97,A3,A8,AA,9D,86,
5E,43,2F,28,2D,30,2C,2D,30,36,3A,3B,3B,36,2E,2A,
2C,2B,2E,2D,2D,2F,33,41,5A,65,61,5B,59,58,5D,61,
65,69,6F,73,75,76,78,79,7A,7B,7B,7B,7B,7C,7E,80,
82,83,84,86,88,8A,8C,8D,8C,8D,8D,8E,8F,90,91,92,
8F,90,91,92,94,95,96,97,98,98,98,99,99,9A,9B,9C,
9C,9C,9B,9A,9B,9D,9D,9B,99,9A,9A,9A,99,96,92,8F,
91,91,90,90,8F,8D,8B,89,86,84,84,84,85,8A,8D,8B,
8A,8A,8D,95,9E,A7,AF,B5,B7,B9,BA,B8,B5,B0,A9,A4,
9D,9A,92,8F,91,91,8E,8E,8E,8C,88,86,83,7D,72,67,
5E,4D,34,29,30,32,2D,2D,2E,2E,2E,2E,2E,2E,31,35,
3B,43,4B,51,56,52,4A,46,46,45,41,3A,32,2D,2E,31,
30,31,30,40,5E,7A,92,9E,99,93,8C,7D,66,51,43,3B,
3E,4C,66,7A,88,8B,87,8B,97,9C,A1,A1,9F,9E,9F,A0,
A0,9F,9D,9B,9A,9A,9A,9A,9C,9C,9B,9B,9A,98,96,95,
94,94,94,94,94,94,95,95,94,94,94,94,93,93,93,93,
92,92,91,91,90,90,90,90,90,90,8F,8F,8E,8D,8D,8C,
8F,8C,89,85,86,85,85,91,AE,BA,BA,BB,C0,BF,C0,BF,
C1,C2,C3,C5,C7,C8,C9,C9,C9,C9,C9,C9,CA,CA,CB,CB,
CE,CE,CF,CF,D0,D0,D0,D0,CF,CF,CF,CF,D0,D1,D2,D2,
D2,D2,D2,D2,D2,D2,D2,D2,D1,D1,D1,D1,D1,D1,D1,D1,
4D,4D,4E,4E,4E,4E,4E,4E,50,50,50,50,4E,4B,49,47,
46,43,41,42,44,46,48,4B,4F,56,62,6E,78,80,86,88,
8C,90,96,9C,A2,A6,A8,A8,A8,A8,A8,A8,A9,AB,AC,AD,
B0,B1,B0,AF,AE,AD,AC,AD,AE,AD,A9,A3,9A,90,85,7D,
73,69,5D,54,4D,4A,4B,4F,52,55,5A,5E,60,61,62,62,
65,6B,74,73,6B,69,6A,68,60,51,3F,3C,47,4F,50,50,
4D,4D,4A,47,42,38,32,37,47,59,68,62,4E,3E,3D,44,
4C,4F,4C,4A,4C,50,55,5B,5B,5C,5E,61,62,66,6B,6E,
70,6B,64,6A,79,7D,77,74,7A,6C,4E,3B,34,2F,30,31,
34,3D,4A,62,7D,86,76,64,4F,3C,28,1F,22,2B,38,43,
4F,48,3C,31,31,3C,4A,53,4E,52,5C,69,72,78,7D,83,
92,90,86,7B,77,75,74,75,80,88,94,A4,B1,AB,8D,6F,
4B,36,2A,29,30,32,2E,31,36,3B,3D,3B,39,35,30,2E,
2D,2B,2E,2D,2D,2E,33,42,5C,65,60,5A,59,59,5E,61,
64,68,6E,73,75,76,77,78,79,7A,7A,7A,7B,7C,7E,80,
81,82,84,86,88,89,8A,8B,8B,8B,8C,8D,8E,8F,90,91,
8F,8F,90,92,93,95,96,97,97,97,98,98,99,9A,9A,9B,
9D,9D,9C,9A,9B,9D,9D,9C,9A,9A,9B,9C,9B,99,95,93,
96,94,92,90,8F,8E,8D,8C,88,85,85,86,8A,93,9A,9A,
96,96,99,A1,AB,B3,BA,BF,C0,C0,BD,BA,B4,AD,A6,A1,
9C,99,92,90,92,92,8E,8D,8E,8D,8A,87,83,7A,6B,5F,
56,46,31,2A,31,34,30,2E,30,2F,2F,2F,2E,2E,31,35,
37,3F,4A,52,55,51,4C,49,49,48,44,3D,34,2F,2F,31,
2F,30,30,41,5C,79,95,A2,9C,97,8F,7E,64,4F,43,3D,
40,51,6C,7E,87,89,87,8D,99,9D,A0,9F,9D,9D,9E,9F,
9F,9E,9D,9B,9A,9A,9A,9A,9C,9C,9B,9B,99,98,96,95,
94,94,94,94,94,94,95,95,94,94,94,94,93,93,93,93,
92,92,91,91,90,90,90,90,90,90,8F,8E,8E,8D,8C,8C,
8F,8B,88,84,86,86,86,93,B2,BD,BC,BC,C0,C0,C1,C0,
C2,C2,C4,C5,C6,C7,C8,C8,C9,C9,C9,C9,CA,CA,CB,CC,
CE,CE,CF,D0,D0,D0,D0,CF,CF,CF,CF,CF,D0,D1,D2,D2,
D2,D2,D2,D2,D2,D2,D2,D2,D2,D2,D1,D1,D1,D1,D1,D1,
4D,4D,4E,4E,4E,4E,4E,4E,50,50,51,50,4E,4C,49,48,
46,43,41,42,44,46,49,4C,50,58,64,70,7B,82,86,88,
8C,90,96,9D,A3,A6,A8,A9,A8,A8,A8,A9,AA,AB,AC,AD,
B1,B1,B1,B0,AE,AD,AD,AD,AE,AD,A9,A3,9B,91,86,7D,
72,68,5C,53,4E,4B,4E,52,55,57,5B,5E,60,61,61,61,
64,69,6F,71,70,71,6F,6A,61,50,3B,37,43,4C,4D,4D,
4C,4C,48,48,4B,44,3D,41,55,5E,62,58,45,39,3B,42,
4E,50,4D,49,4C,53,5A,61,5C,5E,64,67,67,6B,70,71,
6B,67,62,6B,7F,83,79,74,7F,77,60,4D,3D,33,33,34,
34,3B,45,5A,75,7F,73,64,4F,3D,2A,24,29,31,3A,42,
4A,43,39,33,37,46,56,60,5F,62,6B,77,81,87,8C,90,
99,8D,78,68,65,69,70,76,82,89,8E,A1,BA,AD,79,52,
3A,2C,28,2B,31,34,32,37,3D,3F,3D,39,37,35,32,33,
2E,2B,2E,2D,2E,2E,33,42,5D,65,5F,59,59,5A,5F,61,
63,67,6D,72,75,76,77,78,79,79,79,79,7A,7B,7E,80,
81,82,83,85,87,88,89,89,89,89,8A,8B,8C,8E,8F,90,
8E,8F,90,91,93,94,95,96,97,97,97,97,98,99,99,9A,
9E,9D,9C,9B,9B,9D,9E,9D,9B,9B,9B,9C,9C,9A,97,95,
96,94,91,8E,8D,8D,8D,8D,8B,88,89,8C,92,9D,A7,A8,
A0,A0,A3,AA,B3,BA,C0,C3,C2,C0,BD,B8,B1,A9,A1,9C,
9B,98,92,90,93,92,8E,8D,8E,8D,8A,87,81,76,65,57,
4E,41,31,2C,2F,32,30,2F,30,2F,2F,2F,2F,2E,31,34,
33,3C,49,50,51,4D,4A,48,49,48,44,3E,38,33,32,32,
2F,2F,32,43,5C,7A,99,A6,A0,9C,94,81,65,4F,46,43,
47,56,71,80,84,88,8B,93,9B,9E,9F,9E,9C,9C,9D,9E,
9E,9D,9C,9B,9A,9A,9A,9A,9B,9B,9B,9A,99,97,96,95,
94,94,94,94,94,94,95,95,94,94,94,94,93,93,93,93,
93,92,92,91,90,90,90,90,90,90,8F,8E,8D,8D,8C,8C,
8C,8A,88,85,86,86,87,95,B4,C0,BF,BE,C1,C1,C2,C2,
C2,C3,C4,C5,C6,C7,C8,C8,C9,C9,C9,C9,C9,CA,CC,CC,
CE,CE,CF,D0,D0,D0,CF,CF,CF,CF,CF,CF,D0,D1,D2,D3,
D2,D2,D2,D2,D2,D2,D2,D2,D2,D2,D2,D2,D1,D1,D1,D1,
4E,4E,4E,4E,4E,4E,4E,4E,50,51,51,51,4F,4D,4A,49,
47,45,43,43,45,48,4B,4E,51,59,66,73,7D,83,86,88,
8D,90,97,9D,A3,A7,A8,A9,A8,A9,A9,AA,AB,AC,AD,AD,
B1,B2,B1,B0,AF,AD,AD,AD,AE,AD,A9,A3,9B,91,85,7D,
72,68,5C,53,4E,4C,4E,52,55,57,5B,5E,60,61,63,63,
65,69,6D,73,79,7B,75,6E,61,4E,37,31,3D,47,4A,4B,
4A,4B,49,4C,54,56,55,58,66,63,5B,4E,40,38,39,3D,
4D,50,4E,4B,4E,56,5D,64,5F,62,6A,6C,68,6B,73,73,
68,65,61,6D,85,87,7A,75,80,7E,70,5D,46,35,35,35,
36,3C,45,57,6F,7A,71,64,4D,3E,2F,2C,31,38,3D,40,
41,40,3F,41,48,55,63,6C,70,76,7F,89,91,96,9A,9B,
9C,8A,70,5F,5C,60,69,73,7E,8D,95,A1,AC,95,63,42,
34,2E,2F,31,34,37,36,3B,3F,3F,3B,37,37,37,36,36,
2F,2C,2E,2E,2E,2E,33,43,5D,65,5D,57,59,5A,5F,62,
63,67,6D,72,75,77,77,78,78,78,78,78,79,7B,7D,7F,
80,81,82,84,85,87,87,87,87,87,88,89,8B,8D,8E,8F,
8E,8E,8F,90,92,93,94,95,96,96,96,96,97,98,98,99,
9D,9D,9C,9B,9C,9D,9D,9C,9A,9A,9B,9B,9B,99,97,95,
95,93,91,8F,8F,8F,8E,8E,90,90,93,99,A0,AA,B1,B2,
A8,A7,AA,B1,B9,BF,C2,C4,C3,C1,BE,BA,B3,A9,9F,9A,
99,97,92,90,93,92,8E,8C,8E,8D,8A,86,7E,70,5D,4E,
47,3E,35,30,2F,30,31,32,2F,2F,2F,30,2F,2F,30,33,
33,3B,49,50,4C,48,47,44,45,44,41,3E,3A,36,34,33,
2D,2E,32,43,5A,78,99,A7,9F,9B,92,7F,64,50,4A,4A,
4F,5C,74,7F,80,86,8F,98,9E,9F,9F,9D,9D,9D,9D,9C,
9C,9B,9B,9A,9A,9A,9A,9A,9B,9B,9A,99,98,97,96,95,
94,94,94,94,94,94,95,95,94,94,94,94,93,93,93,93,
93,92,92,91,90,90,90,90,90,8F,8F,8E,8D,8C,8C,8B,
8A,89,89,85,87,87,89,97,B4,C1,C2,C1,C3,C2,C3,C4,
C3,C4,C5,C6,C7,C7,C8,C8,C9,C9,C8,C9,C9,CB,CC,CD,
CE,CE,CF,D0,D0,D0,CF,CF,CF,CF,CF,CF,D0,D1,D2,D3,
D2,D2,D2,D2,D2,D2,D2,D2,D2,D2,D2,D2,D2,D2,D1,D1,
4E,4E,4D,4D,4D,4D,4D,4D,4F,50,50,50,4F,4D,4A,49,
49,46,44,45,47,49,4C,4E,51,59,66,73,7D,83,86,88,
8E,92,97,9E,A3,A6,A8,A8,A9,A9,AA,AA,AB,AC,AD,AE,
B1,B1,B1,B0,AE,AD,AD,AD,AE,AD,A9,A3,9A,91,85,7D,
73,69,5C,53,4D,4A,4C,50,54,56,59,5C,5E,61,64,65,
67,6B,6F,77,83,85,7C,72,61,4D,35,2E,38,43,48,4B,
48,4D,50,55,5E,66,69,6C,6B,60,51,44,3B,36,37,39,
48,4E,4F,4D,4F,54,5A,60,61,63,6B,6A,60,63,6F,71,
66,63,5D,6A,84,87,79,75,7D,80,79,68,4C,39,37,37,
39,3F,48,58,6D,77,6D,61,4D,40,35,34,3A,3E,3E,3E,
3B,42,4D,57,60,68,71,77,85,8F,9A,A0,A5,A9,AA,A8,
9B,87,6D,5F,5D,5D,63,6D,7C,90,A1,9D,85,67,4D,3C,
36,34,37,37,38,3A,37,3A,3D,3C,38,37,3B,3C,38,36,
30,2C,2E,2E,2E,2E,33,43,5D,65,5E,57,59,5A,60,64,
64,68,6E,73,76,77,77,77,78,78,78,78,78,7A,7C,7E,
7F,80,82,83,84,85,86,86,86,86,87,88,8A,8C,8E,8F,
8D,8E,8F,90,91,92,93,94,95,95,95,95,96,97,97,98,
9B,9B,9B,9A,9B,9C,9C,9A,99,99,99,9A,9A,98,96,94,
93,93,93,93,93,92,91,90,93,96,9E,A7,AE,B6,BA,B8,
AD,AD,B0,B7,BF,C3,C4,C5,C5,C2,C0,BE,B7,AC,A1,9B,
98,96,91,90,92,91,8D,8B,8E,8C,89,84,7A,6A,55,45,
42,3C,37,33,2F,2F,32,34,30,2F,30,31,31,31,31,33,
34,3D,4B,51,4A,45,44,41,41,3F,3D,3B,3A,38,35,33,
2B,2B,2F,3F,52,70,93,A1,9A,96,8E,7C,63,53,51,53,
59,62,77,7E,7D,86,91,9B,A0,A0,9F,9D,9E,9F,9D,9B,
9A,9A,9A,9A,9A,9A,9A,9A,9A,9A,99,99,98,97,96,96,
94,94,94,94,94,94,95,95,94,94,94,94,93,93,93,93,
92,92,91,91,90,90,90,90,8F,8F,8E,8E,8D,8C,8C,8B,
88,89,89,86,86,87,8A,9B,B4,C3,C5,C4,C5,C2,C4,C6,
C4,C4,C5,C6,C7,C7,C8,C8,C9,C8,C8,C8,C9,CB,CC,CD,
CE,CE,CF,D0,D0,D0,CF,CE,CF,CF,CF,CF,D0,D1,D3,D3,
D2,D2,D2,D2,D2,D2,D2,D2,D2,D2,D2,D2,D2,D2,D2,D2,
4C,4C,4C,4C,4B,4B,4B,4B,4E,4E,4F,4F,4D,4B,49,48,
49,46,45,46,47,49,4C,4E,51,59,66,73,7D,83,86,87,
8F,92,98,9E,A3,A6,A7,A7,A9,A9,AA,AB,AC,AD,AE,AE,
B1,B1,B0,AF,AE,AD,AC,AD,AE,AD,A9,A3,9A,90,85,7D,
74,6A,5D,53,4C,49,4A,4E,54,55,58,5A,5D,60,63,65,
69,6D,72,7B,89,8B,80,76,62,4E,35,2C,36,41,48,4C,
49,51,58,5E,64,6B,6F,70,67,59,47,3B,35,33,34,35,
42,4C,50,4E,4E,51,56,5B,61,63,69,64,57,5A,69,6D,
66,61,59,66,81,85,77,74,7B,80,7D,6E,52,3D,3C,3B,
3C,43,4B,5A,6D,74,69,5D,4D,42,39,39,3E,41,3F,3D,
3A,47,5B,6B,74,79,7E,82,90,9D,A9,AD,AF,B1,B0,AC,
97,83,6C,62,5F,5C,5F,69,81,90,A3,92,62,45,3E,35,
35,35,39,39,3A,3C,38,39,39,39,37,38,3E,3F,3A,36,
30,2C,2E,2E,2E,2E,33,44,5E,66,5F,58,59,5B,62,66,
65,68,6E,73,76,78,78,77,78,78,78,77,78,7A,7C,7E,
7F,80,81,83,84,85,85,85,85,85,86,87,89,8B,8D,8F,
8D,8D,8E,8F,91,92,93,93,95,95,95,95,96,96,97,97,
99,9A,9A,99,9A,9B,9A,99,98,98,98,99,99,98,96,94,
91,93,95,96,97,95,93,90,94,99,A4,B0,B8,BE,BF,BB,
B0,B0,B3,BB,C2,C5,C6,C6,C4,C2,C1,BF,B8,AD,A1,9A,
96,95,90,8F,92,91,8C,8A,8E,8C,88,82,77,66,50,3F,
3D,38,35,32,2E,2E,31,33,31,31,32,34,34,33,33,34,
37,3E,4D,52,49,43,43,3F,3E,3B,39,39,3A,39,35,32,
29,28,2B,3A,4B,69,8D,9B,97,93,8C,7B,64,57,58,5B,
62,69,7B,80,7E,88,95,9E,A2,A1,9F,9E,9F,A0,9E,9A,
99,99,99,99,9A,9A,9A,9A,99,99,99,98,98,97,96,96,
94,94,94,94,94,94,95,95,94,94,94,94,93,93,93,93,
92,92,91,90,90,8F,8F,8F,8F,8F,8E,8E,8D,8C,8B,8B,
88,89,89,85,85,86,8C,9D,B4,C4,C8,C7,C6,C3,C5,C6,
C4,C5,C6,C6,C7,C8,C8,C8,C9,C8,C8,C8,C9,CB,CC,CD,
CE,CE,CF,D0,D0,D0,CF,CE,CF,CF,CF,D0,D0,D2,D3,D3,
D2,D2,D2,D2,D2,D2,D2,D2,D2,D2,D2,D2,D2,D2,D2,D2,
49,49,49,48,48,48,48,48,49,49,49,48,48,47,47,46,
44,44,43,45,47,49,4B,4B,4C,55,67,76,7E,83,89,8B,
8F,94,9A,9F,A2,A4,A5,A7,A9,AA,AA,AA,AA,AA,AC,AD,
AE,AE,AF,AE,AE,AF,B0,B1,AF,AC,A7,A1,9C,93,86,7B,
6F,69,61,58,50,49,47,48,52,57,5A,57,55,59,61,66,
64,6C,7B,88,83,7F,7E,71,5F,4E,40,39,3C,44,48,4F,
4E,57,63,69,69,63,5A,54,4D,47,3F,39,33,30,32,37,
41,45,47,4A,4D,4D,4B,4C,57,5C,5B,59,55,55,5C,5E,
5F,5B,58,5F,6D,76,79,7B,7A,7B,7D,6B,51,44,3F,41,
40,48,54,65,6D,6C,66,58,4D,42,39,39,3D,3E,3D,3C,
3F,4F,63,75,83,89,8B,8E,9E,A7,AD,AE,B1,B3,AD,A4,
8C,77,66,5D,63,65,63,70,7B,90,9C,85,4E,2D,31,35,
33,32,32,34,37,38,37,36,35,35,39,3C,3C,3E,3E,39,
33,30,2F,2C,2A,2A,30,3F,5A,64,65,5E,5C,60,65,68,
66,69,6E,72,75,76,77,77,78,78,78,78,78,79,7A,7C,
7D,7D,7F,81,83,85,86,87,86,87,88,89,8B,8C,8E,8E,
8E,8E,8D,8D,8E,8F,91,92,92,93,95,95,95,95,95,96,
98,98,98,98,98,98,98,98,97,97,96,95,94,94,93,92,
94,92,90,91,94,97,97,97,94,9A,A4,B1,BC,C2,C1,BD,
B6,B4,B2,B8,C3,C7,C7,C8,C6,C4,BF,BB,B9,AF,A0,98,
97,93,8E,8D,8F,8F,8E,8B,90,90,83,7B,7A,66,47,39,
36,35,33,30,2F,2F,2F,30,30,31,33,35,36,38,39,39,
3A,41,4A,4E,4B,49,48,46,3E,3B,3B,3B,38,36,34,2F,
25,23,21,30,47,64,86,9A,9E,9B,88,76,69,62,65,68,
6E,73,7A,80,85,8C,94,99,9F,A0,A0,9D,9B,9A,9A,98,
97,98,99,99,9A,99,99,98,97,97,96,96,96,96,96,97,
95,95,95,95,95,95,95,95,94,94,94,94,94,93,92,92,
91,90,90,8F,8E,8E,8E,8E,8E,8E,8E,8E,8D,8B,8A,89,
87,88,89,85,7F,80,8F,A1,B8,C5,C9,CA,C9,C5,C5,C2,
C3,C3,C3,C4,C5,C6,C6,C7,C7,C8,C8,CA,CB,CC,CC,CD,
CE,CE,CF,CF,CF,CF,CF,CF,CF,CF,D0,D0,D1,D2,D3,D3,
D2,D2,D2,D2,D2,D2,D2,D2,D2,D2,D2,D2,D2,D2,D2,D2,
49,49,48,48,48,47,47,47,47,47,47,47,47,46,45,45,
44,43,43,44,46,48,4A,4A,4A,53,65,76,7D,83,89,8C,
8F,94,9A,9F,A2,A4,A5,A7,AA,AA,AA,AA,AA,AA,AB,AC,
AE,AE,AF,AF,AF,AF,B0,B1,AF,AC,A7,A1,9C,93,86,7B,
72,69,5D,54,4E,4B,4A,4B,51,54,58,58,58,5C,61,65,
68,71,7E,87,81,7C,7B,6F,5E,4E,44,3F,41,46,49,51,
56,5F,69,6B,65,59,4C,44,44,3F,3B,37,32,30,32,37,
3E,41,44,47,4B,4B,47,47,52,55,52,52,53,55,5C,5D,
5B,57,53,58,64,6F,77,7D,79,7A,7D,70,5B,4D,45,45,
48,51,59,63,65,63,5E,51,48,3F,36,35,37,3A,3C,3F,
44,54,68,7C,8D,95,97,9A,A3,AA,AF,B0,B0,AE,A4,98,
80,6F,64,5C,5E,63,69,79,87,8C,85,69,3F,28,2C,30,
32,31,31,32,35,36,36,34,34,35,39,3C,3C,3E,3E,3A,
34,30,30,2C,2B,2A,2F,3F,59,64,67,62,60,62,65,67,
65,69,6E,72,75,76,77,77,78,79,78,78,78,79,7A,7C,
7C,7D,7E,80,82,84,85,86,86,87,88,89,8B,8C,8D,8E,
8D,8D,8D,8D,8E,8F,90,91,92,93,94,95,95,94,95,95,
96,96,97,97,97,97,97,97,97,96,96,96,95,94,94,94,
93,92,90,92,94,96,97,96,95,9C,A6,B3,BF,C5,C3,BF,
B8,B5,B2,B7,C2,C7,C8,CA,C7,C5,C0,BC,B9,AE,A0,98,
96,92,8E,8D,8E,8E,8E,8C,91,8F,83,79,72,5E,43,36,
35,34,32,30,2F,2F,2F,30,32,33,35,37,39,3B,3C,3C,
3C,42,4C,4F,4C,4B,4A,48,3E,3B,3B,3B,39,38,35,30,
27,24,21,2E,44,5F,81,95,9E,9B,88,78,6D,67,6C,70,
72,77,7E,83,87,8D,94,99,9E,9F,9F,9C,9A,9A,99,98,
97,97,98,99,99,99,99,99,97,97,96,96,96,96,96,96,
95,95,95,95,95,95,95,95,94,94,94,94,94,93,92,92,
91,90,90,8F,8E,8E,8E,8E,8E,8E,8E,8D,8C,8B,8A,89,
87,88,89,86,7F,81,91,A2,B9,C6,C9,C9,C9,C6,C6,C3,
C3,C3,C4,C4,C5,C6,C7,C7,C7,C8,C9,CA,CB,CC,CD,CD,
CE,CF,CF,CF,CF,CF,CF,CF,CF,CF,D0,D0,D1,D2,D3,D3,
D2,D2,D2,D2,D2,D2,D2,D2,D2,D2,D2,D2,D2,D2,D2,D2,
49,48,48,48,47,47,46,46,46,47,47,46,46,46,45,45,
44,43,42,43,45,47,48,48,48,51,63,74,7C,83,89,8C,
8F,94,9A,9F,A2,A4,A5,A7,AA,AA,AB,AA,AA,AA,AB,AC,
AD,AE,AF,AF,AF,B0,B1,B2,AF,AC,A7,A1,9B,93,86,7B,
76,69,59,50,4D,4D,4E,4F,50,52,55,59,5C,5F,63,67,
6F,78,80,83,7C,78,78,6B,5A,4D,48,47,48,49,4B,54,
5E,66,6C,69,5D,4E,42,3A,3B,3A,39,37,34,31,33,38,
3E,41,42,46,4C,4C,48,47,4E,4F,4B,4E,54,5A,62,62,
58,54,50,53,5C,69,77,80,7D,7D,81,79,69,58,49,47,
54,5C,5D,5D,59,56,53,49,3E,38,32,30,30,34,3B,42,
4C,59,6C,81,94,9E,A0,A3,A8,AE,B2,B2,AF,A5,92,80,
71,67,63,5D,5A,62,71,82,91,83,65,49,32,28,2C,2E,
33,31,30,31,34,35,34,33,33,34,39,3C,3D,3F,3F,3B,
35,31,30,2D,2B,2B,2F,3E,58,64,69,66,64,64,63,63,
64,67,6D,72,75,77,77,77,79,79,79,78,78,79,7A,7C,
7C,7C,7E,7F,81,83,85,85,86,87,88,89,8B,8C,8D,8E,
8C,8C,8C,8C,8D,8E,90,91,92,93,94,95,94,94,94,94,
95,96,97,97,98,98,97,97,97,97,97,97,97,97,97,96,
93,92,92,93,95,96,96,94,95,9C,A9,B6,C2,C7,C5,C1,
B9,B5,B2,B5,C0,C6,C8,CB,CA,C8,C3,BE,BA,B0,A1,9A,
94,92,8E,8C,8D,8D,8D,8D,90,8B,81,74,64,50,3D,32,
33,32,31,2F,2F,2F,2F,30,33,34,36,39,3B,3E,3F,40,
3F,45,4D,50,4D,4C,4C,4A,3F,3C,3C,3C,3A,39,37,32,
2C,29,25,2F,42,5C,7E,92,9C,98,87,78,6F,6C,72,76,
78,7C,82,87,8A,8F,94,98,9D,9E,9D,9B,99,98,98,97,
96,97,97,98,99,99,99,99,97,96,96,96,96,96,96,96,
95,95,95,95,95,95,95,95,94,94,94,94,93,93,92,92,
91,90,90,8F,8E,8E,8E,8E,8E,8E,8E,8D,8C,8B,8A,89,
87,88,89,86,81,83,93,A4,BB,C7,C8,C8,C8,C6,C7,C5,
C3,C4,C4,C5,C6,C7,C8,C8,C8,C9,C9,CA,CB,CC,CD,CE,
CF,CF,CF,CF,CF,CF,CF,CE,CF,CF,D0,D0,D1,D2,D3,D3,
D2,D2,D2,D2,D2,D2,D2,D2,D2,D2,D2,D2,D2,D2,D2,D2,
49,48,48,47,47,46,45,45,46,46,47,47,46,46,46,45,
43,42,42,42,44,45,46,46,46,4F,62,72,7A,81,88,8C,
8F,94,9A,9F,A2,A4,A5,A7,AB,AB,AB,AA,AA,AA,AB,AC,
AD,AE,AF,B0,B0,B1,B2,B2,AF,AC,A6,A0,9B,92,86,7C,
78,6A,58,4E,4B,4D,50,52,51,51,55,5A,5E,61,68,6E,
78,7D,7E,7C,77,77,75,69,57,4A,47,4A,4C,4D,4F,58,
68,6C,6C,62,53,46,3D,3A,39,3A,3C,3C,39,36,37,3A,
40,41,41,44,4B,4D,4B,4B,4A,4C,49,4E,57,5F,67,67,
55,51,4F,51,59,66,77,81,81,80,83,7F,75,64,50,4C,
5E,63,5B,50,49,46,46,41,35,34,33,33,34,38,41,4A,
53,5F,6E,81,93,9D,A0,A2,A8,AE,B3,B4,AE,9E,84,6F,
68,62,61,5E,5B,67,7C,89,8D,74,4B,32,2D,2D,31,32,
37,34,31,31,33,35,34,33,33,35,39,3D,3D,40,41,3E,
37,32,31,2D,2B,2B,2F,3D,55,63,6B,6A,67,64,60,5E,
61,65,6B,71,75,77,78,78,7A,7A,7A,79,79,79,7B,7C,
7C,7C,7D,7F,81,82,84,85,86,87,88,8A,8B,8C,8D,8D,
8D,8C,8C,8C,8D,8E,90,91,92,93,94,95,94,94,94,94,
94,95,96,97,97,97,96,95,96,95,95,96,96,96,96,97,
94,94,94,95,97,97,95,93,93,9C,AA,B9,C4,C9,C5,C0,
B8,B5,B0,B3,BC,C3,C7,CB,CC,CA,C4,BF,BB,B0,A1,9A,
94,92,8F,8D,8C,8C,8C,8C,8C,87,7F,6E,55,42,38,31,
31,31,30,30,30,30,30,30,33,34,36,3A,3D,3F,41,42,
42,47,4E,50,4D,4C,4C,49,40,3D,3C,3C,3B,3B,38,34,
30,2D,27,2F,40,59,7C,92,9B,97,85,77,70,6E,75,79,
7B,7F,85,8A,8D,91,95,98,9C,9C,9C,99,97,97,97,96,
96,96,97,98,98,98,99,99,97,97,96,96,96,96,96,96,
95,95,95,95,95,95,95,95,94,94,94,94,93,93,92,92,
91,90,90,8F,8E,8E,8E,8E,8E,8E,8E,8D,8C,8B,8A,89,
88,88,88,86,82,85,96,A8,BD,C8,C8,C7,C8,C7,C9,C7,
C4,C5,C6,C7,C8,C9,C9,CA,CA,CA,CB,CB,CC,CD,CE,CE,
CF,CF,CF,CF,CF,CF,CF,CF,CF,CF,D0,D0,D1,D2,D3,D3,
D2,D2,D2,D2,D2,D2,D2,D2,D2,D2,D2,D2,D2,D2,D2,D2,
48,48,47,47,46,45,45,44,45,46,46,46,46,46,45,45,
43,42,41,42,43,44,44,44,45,4F,60,70,78,7F,87,8C,
8F,94,9A,9F,A2,A4,A5,A7,AB,AB,AB,AA,AA,AA,AB,AC,
AD,AE,AF,B0,B1,B1,B2,B3,AF,AB,A5,A0,9A,92,86,7C,
78,6A,59,4E,4B,4C,50,53,53,53,56,5B,5F,65,6F,78,
7E,7F,78,75,76,78,76,68,54,47,45,49,4F,52,55,5F,
73,72,6B,5C,4A,3E,39,37,39,3C,3F,41,3F,3C,3C,3E,
42,41,3E,3F,46,4A,4A,4B,46,49,49,4E,55,5C,65,65,
53,4D,4B,4E,54,63,76,80,80,7F,82,82,7E,70,5C,57,
68,67,54,42,39,36,37,36,31,35,3C,41,43,47,4E,54,
5A,63,6F,7E,8E,97,9B,9F,A5,AC,B4,B5,AD,99,7D,68,
62,5D,5C,5D,62,73,88,8F,7B,60,38,27,2A,31,39,3C,
3B,37,32,31,33,34,34,33,33,35,3A,3D,3E,41,43,41,
3A,34,31,2D,2B,2B,2E,3C,54,62,6C,6D,6A,65,5E,5B,
5E,63,6A,71,75,78,79,79,7A,7A,7A,79,79,7A,7C,7D,
7C,7C,7D,7E,80,82,84,84,86,87,88,8A,8B,8C,8D,8D,
8D,8D,8D,8D,8D,8F,90,91,92,93,94,95,94,94,94,94,
92,93,93,94,94,93,92,92,91,91,91,91,91,92,93,93,
95,95,96,98,99,98,95,93,93,9D,AC,BA,C6,C9,C6,C0,
BA,B6,B1,B3,BB,C0,C4,C9,CB,C9,C4,BE,B9,AE,9F,97,
95,92,8F,8D,8C,8B,8A,89,8B,84,7B,67,49,38,35,32,
30,30,31,31,31,31,31,32,33,34,37,3A,3E,41,43,44,
45,48,4E,4F,4B,4A,4A,48,41,3D,3C,3C,3B,3B,39,34,
2E,2B,25,2B,3A,54,79,91,9E,99,86,78,71,6F,75,79,
7C,81,87,8C,8F,92,95,98,9A,9B,9A,98,96,96,97,96,
95,96,96,97,98,98,98,98,97,97,97,97,97,97,96,96,
95,95,95,95,95,95,95,95,94,94,94,94,93,93,92,92,
91,90,90,8F,8E,8E,8E,8E,8E,8E,8D,8D,8C,8B,8A,89,
88,88,88,85,82,87,99,AB,C0,C8,C7,C6,C8,C8,CA,C8,
C6,C7,C8,C9,CA,CA,CB,CB,CC,CC,CC,CC,CD,CD,CE,CF,
CF,CF,CF,D0,D0,CF,CF,CF,CF,CF,D0,D0,D1,D2,D3,D3,
D2,D2,D2,D2,D2,D2,D2,D2,D2,D2,D2,D2,D2,D2,D2,D2,
47,46,46,45,45,44,43,43,43,44,44,44,44,44,44,44,
42,42,41,42,43,44,44,44,45,4E,5F,6E,75,7D,87,8C,
8F,94,9A,9F,A2,A4,A5,A7,AB,AB,AB,AA,AA,AA,AC,AD,
AD,AE,B0,B1,B2,B2,B2,B3,AE,AB,A5,9F,99,91,86,7C,
75,69,5A,4F,4A,4A,4E,52,54,55,57,5C,62,6B,77,80,
7E,7B,71,70,77,7B,76,67,52,46,44,48,50,56,5B,65,
75,71,66,55,44,3A,36,35,39,3C,40,42,42,42,42,42,
44,42,3E,3E,44,47,48,49,45,4A,4A,4D,51,56,5E,5F,
54,4C,4B,4C,4E,5E,74,7E,7E,7F,81,82,84,79,65,62,
73,6A,4D,39,33,2F,30,31,2E,37,44,4F,54,57,59,5A,
5D,66,71,7E,8B,93,99,9E,A9,AE,B3,AF,A0,89,6F,5F,
5E,5C,58,5F,6F,81,8D,89,67,4E,2F,26,2C,36,43,47,
40,3B,33,30,31,33,33,32,34,35,39,3C,3D,41,45,44,
3C,35,31,2C,2B,2B,2E,3C,52,60,6B,6E,6D,66,5E,5B,
5E,63,6A,71,76,78,79,79,7A,7A,79,79,79,7A,7C,7E,
7C,7C,7D,7E,80,82,84,85,86,87,89,8A,8B,8C,8D,8D,
8E,8D,8D,8D,8D,8E,8F,90,91,93,94,95,95,95,95,95,
93,93,93,93,92,92,91,91,8F,8F,8F,8F,8F,90,91,91,
96,96,98,99,9A,99,96,94,95,9E,AC,BA,C4,C9,C6,C1,
BE,BB,B6,B6,BC,BF,C2,C6,C9,C8,C3,BE,B9,AD,9E,96,
94,92,8F,8D,8C,8A,88,86,8A,81,73,5D,40,32,32,31,
30,31,31,32,32,33,33,32,34,35,38,3B,3F,42,44,45,
46,49,4D,4E,4A,49,49,47,43,3E,3C,3C,3B,3A,38,33,
2C,29,23,28,35,4F,76,90,9E,99,86,78,71,6F,74,77,
7D,81,88,8D,91,94,96,98,9A,9A,99,97,96,97,98,98,
96,96,96,97,97,98,98,98,97,97,97,97,97,97,97,96,
94,94,94,94,94,94,94,94,94,94,94,93,93,92,92,92,
91,90,90,8F,8E,8E,8E,8E,8E,8E,8D,8C,8B,8A,8A,89,
88,87,87,84,82,88,9C,AF,C1,C9,C7,C6,C8,C9,CB,C9,
C8,C9,CA,CB,CC,CC,CC,CC,CD,CC,CC,CC,CC,CD,CD,CE,
CF,CF,CF,D0,D0,D0,D0,CF,CF,CF,D0,D0,D1,D2,D3,D3,
D2,D2,D2,D2,D2,D2,D2,D2,D2,D2,D2,D2,D2,D2,D2,D2,
45,45,44,44,43,42,42,42,42,42,42,43,43,43,43,43,
42,42,41,42,43,43,44,43,45,4D,5E,6C,73,7C,87,8D,
8F,94,9A,9F,A2,A4,A5,A7,AA,AB,AB,AB,AA,AB,AC,AD,
AD,AF,B1,B2,B2,B2,B2,B3,AE,AA,A4,9E,98,91,85,7C,
73,67,58,4D,49,4A,4C,4F,53,55,59,5E,66,72,7D,83,
78,74,6A,6D,77,7A,72,65,4E,46,45,47,4E,57,5F,6A,
70,68,5B,4A,3E,39,37,37,3A,3C,3F,41,43,44,44,43,
43,43,40,41,47,49,49,4A,49,4D,4B,4C,4D,4F,57,59,
54,4E,4E,4C,49,55,6A,74,79,7D,80,81,87,81,6E,6B,
76,67,45,33,34,32,32,33,32,3E,50,5F,68,69,65,62,
63,6D,79,84,8F,95,9B,A2,B0,B2,B0,A4,8E,74,61,56,
5F,62,5E,6A,7F,88,81,6E,52,3D,2B,2B,31,3C,4C,4F,
46,3E,35,30,30,32,33,32,34,35,39,3B,3C,41,46,45,
3F,36,31,2B,2A,2B,2E,3C,4F,5E,69,6E,6D,67,5F,5C,
5F,64,6C,72,77,78,78,78,79,79,78,78,78,7A,7C,7E,
7D,7D,7D,7F,80,82,84,85,86,87,89,8A,8B,8C,8C,8D,
8D,8D,8C,8C,8C,8C,8D,8E,90,91,93,94,95,95,95,96,
96,95,94,93,92,91,91,90,8F,8F,8F,8F,8F,90,91,91,
95,96,98,9A,9B,9A,98,97,98,A0,AB,B6,C0,C6,C5,C3,
C3,C0,BB,BB,BE,BE,BE,C1,C5,C5,C2,BD,B8,AB,9C,94,
93,90,8D,8C,8C,8A,87,84,86,79,66,50,3B,31,30,30,
30,31,32,33,33,33,33,33,34,35,38,3B,3F,42,44,45,
46,48,4C,4C,49,49,49,47,44,3F,3C,3C,3A,3A,38,32,
2B,28,22,25,32,4B,73,8F,9C,97,85,78,72,70,75,77,
7E,83,89,8F,93,95,97,98,99,9A,99,97,96,97,99,99,
96,96,97,97,97,98,98,98,97,97,97,97,97,97,96,96,
94,94,94,94,94,94,94,94,94,94,94,93,93,92,92,91,
91,90,90,8F,8E,8E,8E,8E,8E,8E,8D,8C,8B,8A,8A,89,
89,87,85,83,81,89,9E,B2,C3,CA,C8,C7,CA,CB,CD,CA,
CA,CA,CB,CC,CD,CD,CD,CD,CD,CC,CC,CB,CB,CB,CC,CC,
CE,CE,CF,D0,D0,D0,D0,D0,CF,CF,D0,D0,D1,D2,D3,D3,
D2,D2,D2,D2,D2,D2,D2,D2,D2,D2,D2,D2,D2,D2,D2,D2,
44,43,43,42,42,41,41,41,42,42,42,43,43,43,43,43,
42,42,41,42,43,44,44,43,45,4D,5D,6B,72,7C,87,8E,
8F,94,9A,9F,A2,A4,A5,A7,AA,AB,AB,AB,AA,AB,AC,AD,
AD,AF,B1,B2,B2,B2,B2,B2,AE,AA,A3,9D,98,90,85,7C,
72,65,56,4C,49,49,4C,4D,52,55,59,5F,6A,77,80,83,
72,6E,65,6A,77,77,6F,62,4B,45,46,46,4C,56,60,6B,
6D,63,52,42,38,36,38,39,3C,3D,3E,40,43,44,44,43,
40,42,42,45,4B,4C,4A,4B,4C,4F,4B,4A,49,4B,52,53,
52,4D,50,4D,44,4B,5E,67,70,78,7D,80,8A,87,77,75,
71,5F,3D,2F,36,36,35,36,3C,49,5D,6F,7A,79,72,6B,
6A,76,82,8D,95,9B,A1,A8,B3,B2,AC,9C,82,6A,5C,57,
62,6A,67,75,8B,88,70,51,42,31,27,2F,35,40,50,51,
49,41,36,30,30,32,33,33,33,34,38,3A,3B,41,46,46,
40,37,31,2B,2A,2B,2E,3C,4D,5B,67,6C,6C,67,60,5D,
61,66,6D,74,77,78,78,78,78,78,77,77,77,79,7C,7E,
7D,7D,7E,7F,80,82,84,85,86,87,89,8A,8B,8C,8C,8C,
8D,8C,8B,8B,8B,8B,8C,8C,8F,90,92,94,94,95,96,96,
96,95,93,92,90,8F,8F,8F,8F,8F,8E,8E,8E,8F,90,90,
93,95,97,9A,9B,9B,9A,99,9A,A0,A9,B3,BC,C3,C5,C3,
C6,C4,BF,BD,BF,BD,BB,BD,C0,C1,BE,BA,B4,A7,98,90,
91,8E,8C,8B,8C,8B,86,82,81,72,5A,45,38,32,30,2F,
30,31,32,33,34,34,33,33,33,35,37,3B,3E,41,43,44,
46,48,4C,4C,49,49,4A,48,45,3F,3C,3C,3A,3A,37,32,
2A,27,20,23,2E,47,70,8C,9D,98,86,7A,75,73,78,7A,
80,84,8A,90,94,96,97,98,99,9A,99,97,96,98,99,9A,
97,97,97,97,97,98,98,98,96,97,97,97,97,97,96,96,
94,94,94,94,94,94,94,94,93,94,94,93,93,92,92,91,
91,90,90,8F,8E,8E,8E,8E,8E,8E,8D,8C,8B,8A,8A,89,
89,87,85,82,81,89,9F,B4,C4,CB,C8,C8,CB,CC,CE,CB,
CB,CC,CD,CD,CE,CE,CE,CD,CD,CC,CB,CA,CA,CA,CA,CB,
CE,CE,CF,D0,D0,D0,D0,D0,CF,CF,D0,D0,D1,D2,D3,D3,
D2,D2,D2,D2,D2,D2,D2,D2,D2,D2,D2,D2,D2,D2,D2,D2,
43,42,42,41,41,40,40,40,41,41,42,43,43,43,42,42,
43,43,43,42,42,42,43,44,47,4E,5C,68,6F,7A,87,8D,
90,94,9A,9F,A3,A5,A6,A7,AA,AB,AB,AB,AA,AB,AC,AE,
AD,AE,B1,B2,B3,B3,B3,B4,AD,A8,A3,9E,99,90,84,7B,
75,64,50,47,46,49,4E,52,4F,54,5B,64,70,7B,7D,7B,
6D,66,65,69,74,74,65,5D,4E,48,46,46,48,52,5F,68,
6A,60,50,41,38,36,3A,3D,3E,3E,3F,41,43,44,44,43,
3E,41,47,4F,56,54,4E,4C,50,50,4C,47,45,48,4D,4F,
51,51,4E,49,45,43,4B,57,66,70,7A,81,87,88,80,75,
68,4E,35,2F,33,37,39,3B,48,58,6E,7F,8A,8E,88,81,
79,7C,87,93,9A,A2,AB,B1,B5,AE,A4,92,7C,6C,66,63,
6F,73,80,86,86,73,4B,35,38,2F,26,29,36,45,4E,51,
4A,42,38,31,30,32,33,33,33,34,37,39,3C,40,45,48,
44,3C,2F,28,28,2A,31,3A,4C,57,60,65,69,68,63,60,
64,69,6F,75,77,78,78,78,79,78,78,77,78,7A,7C,7E,
7E,7F,80,80,81,82,84,86,87,88,89,8A,8B,8C,8C,8C,
8A,8B,8B,8A,89,89,8A,8C,8D,8F,92,93,94,94,95,96,
95,94,93,91,90,8F,8F,8F,8E,8E,8F,90,8F,8D,8D,8F,
92,94,96,97,98,9B,9C,9A,9C,9E,A4,AC,B4,BA,BE,C2,
C4,C5,C2,C0,BF,BA,B5,B4,B8,B9,B8,B5,B0,A4,96,8F,
8D,8E,88,88,8C,89,87,82,7A,64,50,3E,34,33,2F,2D,
2D,2F,32,34,34,33,33,32,34,35,37,3A,3E,41,43,44,
47,48,4A,4A,4A,49,49,4A,48,44,3E,3B,3B,3B,37,32,
2D,26,24,25,29,43,6C,89,99,99,87,7B,7C,7B,7D,80,
7F,84,8C,92,95,97,99,9A,9A,99,98,97,97,98,99,99,
97,97,96,96,96,96,96,97,96,96,96,96,96,96,96,96,
94,94,94,94,95,95,94,94,94,94,94,93,93,92,92,92,
91,91,90,8F,8E,8E,8F,8F,8E,8D,8D,8C,8B,8A,89,88,
8A,88,85,80,7F,8A,A1,B5,C7,CD,CB,C8,CC,CD,CB,CC,
CC,CC,CD,CE,CE,CD,CD,CD,CC,CB,C9,C8,C8,C9,CA,CA,
CE,CF,D0,D1,D1,D0,D0,CF,D0,D0,D0,D0,D0,D1,D2,D2,
D3,D3,D3,D3,D3,D3,D3,D3,D3,D3,D3,D3,D3,D3,D3,D3,
42,41,41,40,40,40,40,40,41,42,42,43,43,43,42,42,
42,42,42,42,42,42,43,44,45,4C,5A,65,6D,79,87,8E,
90,94,9B,A0,A3,A5,A6,A7,AA,AB,AC,AB,AB,AB,AC,AD,
AD,AF,B1,B2,B3,B3,B3,B4,AD,A9,A3,9E,99,90,84,7B,
74,63,4F,45,45,4A,4F,54,53,59,62,6A,73,78,76,70,
67,63,66,6C,76,75,62,58,4B,46,44,43,44,4E,5E,68,
6A,60,50,42,39,37,3A,3D,3E,3F,40,43,45,45,44,43,
3E,42,48,53,5C,59,51,4D,56,55,50,4A,47,48,4B,4D,
4D,4F,4F,4D,4A,45,45,4C,5A,66,73,7B,80,83,80,7A,
64,50,3D,38,3B,3E,43,49,54,65,79,86,8E,93,95,95,
8D,90,98,A2,A7,AE,B2,B2,AD,9F,90,82,72,69,69,6B,
78,81,8E,86,71,58,3A,2C,33,2D,29,2C,37,43,4C,50,
49,41,37,31,31,32,33,33,32,34,36,38,3B,3F,44,48,
45,3D,30,28,28,2A,31,3B,4B,55,5D,61,65,66,63,61,
65,6A,70,75,78,78,78,79,79,79,78,78,78,7A,7C,7E,
7F,80,80,81,81,83,84,86,87,87,89,8A,8B,8B,8B,8B,
89,89,89,89,88,89,8A,8B,8D,8F,91,92,93,93,94,94,
93,92,91,8F,8D,8D,8C,8C,90,8F,8F,90,8F,8C,8C,8D,
8F,91,92,93,94,97,98,97,99,99,9C,A2,A9,AF,B4,B9,
BD,BF,BC,B9,B7,B0,A9,A6,AB,AE,AE,AC,A8,9E,90,8A,
8A,8C,89,8A,8B,8B,8B,84,73,5B,48,3A,34,32,2C,2A,
2B,2D,30,32,33,32,32,32,33,35,38,3B,3E,41,43,44,
46,48,49,4A,49,49,49,4A,49,44,3F,3B,3B,3B,37,32,
2E,27,26,25,28,40,6A,88,98,98,87,7D,80,7F,7F,80,
81,86,8D,93,97,98,99,9A,9A,99,98,97,97,97,98,99,
97,96,96,96,96,96,96,96,96,96,96,96,96,95,95,95,
93,94,94,94,94,94,94,94,94,94,93,93,93,92,92,92,
91,91,90,8F,8E,8E,8E,8E,8D,8D,8C,8B,8A,89,88,87,
88,86,83,7F,7F,8A,A1,B6,C7,CD,CC,C9,CD,CE,CB,CC,
CD,CD,CE,CE,CE,CE,CD,CD,CB,CA,C9,C8,C8,C8,C9,CA,
CE,CE,D0,D0,D1,D1,D0,CF,D0,D0,CF,D0,D0,D1,D2,D2,
D3,D3,D3,D3,D3,D3,D3,D3,D3,D3,D3,D3,D3,D3,D3,D3,
40,3F,3F,3F,3F,3F,40,40,41,42,43,43,43,43,42,42,
40,41,42,43,42,42,43,44,45,4C,58,63,6A,77,85,8E,
90,95,9B,A0,A3,A5,A6,A8,AA,AB,AC,AC,AB,AB,AC,AD,
AD,AF,B1,B2,B2,B2,B3,B3,AE,AA,A4,9E,99,8F,83,7A,
74,63,50,46,45,4A,51,57,5B,62,69,6E,71,71,6C,66,
62,63,6A,73,7C,77,60,52,47,43,40,3E,3E,49,5B,68,
6B,61,52,44,3B,3A,3D,40,41,42,44,46,47,47,45,43,
3F,43,4A,56,61,5F,56,51,5D,5A,55,4F,4B,4A,4B,4B,
48,4D,51,54,53,4A,43,42,4E,5C,6A,72,77,7C,7E,7E,
71,64,55,4C,46,43,47,4E,5D,6E,80,88,8B,93,9F,A8,
AE,AF,B3,B8,BC,C0,BD,B4,9D,89,77,6F,67,64,69,70,
7E,8B,96,80,56,3B,2E,2B,2E,2C,2C,30,38,42,4A,4E,
47,40,37,31,31,33,33,33,32,33,35,37,3A,3E,44,48,
46,3E,31,29,28,2A,31,3B,4A,52,58,5B,60,63,63,63,
66,6B,71,75,78,78,79,79,7A,7A,7A,79,79,7A,7C,7E,
80,81,81,81,82,83,85,86,87,88,89,8A,8B,8B,8B,8A,
89,89,89,89,89,89,8A,8B,8E,8F,90,90,91,91,91,91,
94,93,92,90,8F,8E,8D,8D,8F,8E,8E,8E,8C,89,89,89,
8F,90,91,91,92,94,95,95,94,92,91,94,98,9E,A5,AA,
B1,B2,B0,AD,AA,A2,99,95,99,9D,9E,9E,9D,94,89,83,
87,8A,8B,8C,8A,8C,8E,82,68,50,40,37,34,31,29,27,
29,2B,2E,30,31,31,31,31,33,35,38,3C,3F,42,43,43,
45,46,47,48,48,48,49,49,4A,45,3E,3A,3A,3B,37,33,
2E,28,27,26,26,3E,68,86,97,98,87,7F,84,83,81,81,
83,88,90,96,99,99,99,99,9A,99,98,97,96,96,97,97,
96,96,96,95,95,95,95,95,96,96,95,95,95,94,94,94,
93,93,94,94,94,94,94,94,93,93,93,93,92,92,92,91,
91,90,8F,8F,8E,8E,8E,8E,8D,8C,8C,8B,8A,89,88,87,
87,84,81,7F,80,8B,A3,B8,C7,CD,CC,CB,CF,CF,CB,CB,
CE,CE,CE,CF,CE,CE,CD,CC,CB,CA,C9,C8,C8,C8,C9,C9,
CE,CE,CF,D0,D1,D1,D0,D0,D0,D0,CF,CF,D0,D0,D1,D2,
D3,D3,D3,D3,D3,D3,D3,D3,D3,D3,D3,D3,D3,D3,D3,D3,
3D,3D,3D,3D,3D,3E,3F,3F,41,42,42,43,43,42,42,42,
3F,41,42,43,43,42,43,44,48,4E,59,62,69,75,84,8D,
90,95,9B,A0,A3,A5,A7,A8,AB,AC,AD,AC,AB,AB,AC,AD,
AE,AF,B0,B1,B2,B2,B2,B3,AF,AA,A4,9F,99,8F,83,7A,
72,65,54,4A,47,4B,54,5B,66,6B,6F,6D,69,66,64,62,
60,65,72,7C,85,7C,61,50,45,3F,3B,39,3A,46,58,63,
67,5E,51,45,3D,3B,3E,40,42,43,45,47,47,46,43,42,
41,45,4B,55,61,62,5B,57,62,5F,5A,55,52,4F,4C,4A,
47,4C,53,5B,5D,54,47,41,4B,56,61,67,6C,72,78,7A,
77,70,66,5B,50,4C,51,5B,65,74,84,8A,8C,96,A8,B6,
C0,C0,C1,C1,C3,C3,BA,AC,8F,79,69,66,63,62,69,71,
82,8A,8D,6F,40,2B,2E,31,2B,2C,2E,33,3A,42,48,4A,
44,3E,36,31,32,33,33,33,32,33,35,36,39,3E,44,48,
48,3F,32,2A,28,2A,31,3C,48,50,54,56,5B,60,62,64,
66,6A,70,74,76,77,78,79,7B,7B,7B,7A,79,7A,7C,7D,
80,81,81,81,82,83,84,86,87,88,89,8A,8B,8B,8A,8A,
89,8A,8A,8A,8B,8B,8C,8C,8E,8E,8D,8D,8C,8B,8B,8B,
8E,8D,8D,8C,8C,8C,8C,8C,8D,8D,8C,8B,89,87,85,85,
89,89,89,89,89,8A,8B,8B,8B,88,86,86,88,8C,93,98,
A0,A2,A0,9D,9A,92,89,85,89,8C,8D,8E,8F,8A,82,80,
84,89,8C,8D,88,8B,8C,7C,5D,47,3B,37,35,31,29,27,
28,2A,2D,2F,30,30,30,30,32,35,39,3D,40,42,42,43,
44,45,46,46,47,48,48,49,49,44,3C,38,39,3A,37,33,
2C,28,28,26,25,3C,66,86,97,97,86,80,86,85,82,80,
85,8B,92,98,9B,9A,99,99,99,98,98,97,96,96,96,96,
96,96,96,95,95,95,95,95,95,95,94,94,94,93,93,93,
93,93,94,94,94,94,94,94,93,93,93,92,92,92,91,91,
91,90,8F,8F,8E,8E,8D,8D,8D,8D,8C,8C,8A,89,88,87,
86,84,81,7F,81,8E,A5,B9,C7,CE,CD,CC,D0,D0,CB,CB,
CE,CF,CF,CF,CE,CD,CC,CC,CA,CA,C9,C8,C8,C8,C9,CA,
CE,CE,CF,D0,D1,D1,D1,D1,D0,D0,CF,CF,CF,D0,D1,D1,
D3,D3,D3,D3,D3,D3,D3,D3,D3,D3,D3,D3,D3,D3,D3,D3,
3B,3B,3B,3B,3C,3D,3E,3E,41,41,41,42,42,41,41,40,
40,41,43,43,43,42,43,44,49,4E,59,61,67,74,84,8D,
91,95,9B,A0,A3,A5,A7,A8,AB,AC,AD,AC,AB,AB,AC,AD,
AE,AF,B0,B1,B1,B1,B2,B3,AF,AB,A5,A0,99,90,83,7A,
71,66,59,4F,4B,4D,57,60,70,73,73,6C,62,5D,5F,62,
61,69,79,85,8C,82,64,52,45,3D,37,36,39,44,52,59,
5B,55,4B,42,3D,3C,3E,40,41,43,44,45,44,42,3F,3E,
42,45,49,52,5F,65,62,61,66,63,5F,5C,59,54,4F,4B,
49,4E,54,5C,62,5C,51,4B,4E,54,59,5C,61,67,6D,6F,
72,6E,68,5F,57,56,5E,67,72,7C,88,8F,96,A3,B5,C1,
C5,C4,C4,C1,BF,BC,B0,9F,83,71,65,66,66,66,6E,76,
87,82,75,57,33,28,31,33,2D,2D,2E,33,3B,41,45,46,
41,3B,34,31,32,34,34,33,32,33,35,37,3A,3E,43,47,
48,41,34,2B,29,2A,31,3B,47,4E,50,51,57,5C,60,63,
64,68,6D,71,74,76,77,78,7B,7C,7C,7B,79,79,7B,7C,
7F,80,80,81,81,82,84,85,88,89,8A,8B,8B,8B,8A,8A,
8A,8A,8A,8B,8B,8C,8C,8C,8B,8A,88,86,84,82,80,7F,
85,85,86,86,87,88,89,8A,89,89,88,87,85,84,83,81,
82,81,80,80,7F,7F,7F,80,7F,7D,7B,7A,7B,7D,83,87,
90,90,8D,8A,87,81,79,77,7A,7D,7D,7E,81,80,7D,7D,
82,88,8C,8E,89,89,86,72,51,3F,39,37,34,2F,28,28,
29,2B,2D,2F,30,30,30,30,32,35,3A,3E,40,41,41,42,
44,44,44,45,46,47,48,48,49,43,3B,36,38,3A,38,34,
2B,27,29,27,25,3B,65,84,96,95,85,7F,87,87,83,81,
88,8D,95,9A,9C,9B,99,98,98,98,97,97,97,96,96,96,
96,96,95,95,94,94,94,94,94,94,94,93,92,92,91,91,
93,93,93,94,94,94,94,93,93,93,93,92,92,91,91,91,
91,90,90,8F,8E,8E,8D,8D,8D,8D,8C,8B,8A,89,88,87,
86,84,81,80,83,90,A6,B9,C7,CE,CD,CC,D1,D1,CC,CB,
CF,CF,CF,CE,CE,CD,CC,CB,CA,CA,C9,C9,C9,C9,CA,CB,
CE,CE,CF,D0,D1,D1,D1,D1,D0,D0,CF,CF,CF,D0,D1,D1,
D3,D3,D3,D3,D3,D3,D3,D3,D3,D3,D3,D3,D3,D3,D3,D3,
38,38,38,39,39,3B,3C,3D,3F,40,40,40,40,40,3F,3F,
40,42,44,44,43,43,44,46,48,4E,59,61,67,73,85,8F,
91,95,9B,A0,A3,A5,A7,A8,AB,AC,AD,AC,AB,AB,AD,AE,
AF,AF,B0,B0,B0,B1,B2,B3,B0,AB,A5,A0,9A,90,83,7A,
70,66,5B,53,50,54,5E,67,76,77,75,6B,5F,5A,5D,62,
63,6E,7E,89,8F,85,68,55,47,3D,37,38,3B,42,4A,4D,
4E,4A,46,41,3F,3F,41,43,44,45,45,44,42,3F,3E,3D,
42,44,45,4F,60,6B,6D,6D,6A,66,62,61,5E,59,52,4D,
4E,51,53,58,5F,5F,59,57,58,59,59,59,5B,60,63,63,
69,66,62,5F,5E,62,6B,72,7A,7E,85,8F,9D,AD,BB,C4,
C4,C5,C5,BF,B6,AD,9F,8F,75,6B,66,68,6A,6E,76,7D,
84,73,58,41,2E,2B,34,33,2F,2D,2D,30,37,3D,40,41,
3D,38,32,30,32,34,34,33,32,34,36,38,3A,3E,43,46,
48,41,36,2E,2B,2B,31,3A,46,4C,4E,4F,54,59,5D,5F,
5F,63,69,6D,71,73,76,77,7B,7C,7C,7B,79,78,79,7B,
7E,7F,7F,80,80,81,83,84,88,89,8A,8B,8C,8B,8B,8A,
89,89,89,8A,8B,8B,8A,89,87,85,81,7D,79,75,72,70,
75,76,77,7A,7C,7F,80,81,7F,7F,7F,7D,7D,7D,7C,7A,
77,76,75,75,74,72,72,72,72,71,71,72,72,73,76,7A,
83,83,7F,7B,78,73,6C,6B,70,71,71,71,76,78,79,7C,
81,87,8B,8D,8A,86,7C,65,45,38,35,34,31,2D,28,29,
2A,2C,2E,2F,30,30,2F,30,32,35,3A,3D,3F,3F,40,41,
44,44,44,44,46,47,48,48,49,42,3A,35,38,3B,3A,36,
2D,2A,2B,29,26,39,61,7F,91,92,83,7F,88,89,86,83,
8A,8F,96,9A,9B,9A,98,97,97,97,97,97,97,97,97,97,
97,96,96,95,94,94,94,94,94,94,93,93,92,91,91,90,
92,93,93,93,93,93,93,93,93,93,93,92,92,91,91,91,
91,91,90,8F,8E,8E,8D,8D,8C,8C,8B,8A,89,88,86,86,
84,82,80,81,85,91,A7,B9,C7,CD,CD,CC,D2,D2,CD,CC,
CF,CF,CF,CE,CE,CD,CC,CB,CB,CA,CA,CA,CA,CB,CC,CD,
CE,CF,D0,D0,D1,D1,D1,D1,D0,D0,D0,CF,D0,D0,D1,D1,
D3,D3,D3,D3,D3,D3,D3,D3,D3,D3,D3,D3,D3,D3,D3,D3,
37,37,36,37,38,39,3B,3C,3E,3E,3F,3F,3F,3E,3E,3D,
40,42,44,44,43,44,46,48,49,4F,5A,62,67,74,85,90,
91,95,9B,A0,A3,A5,A7,A8,AB,AC,AD,AD,AC,AC,AD,AF,
AF,AF,B0,B0,B0,B0,B1,B2,B0,AB,A5,A0,9A,90,83,7A,
72,66,5A,55,57,5E,68,71,77,75,70,67,5E,5B,60,65,
6B,74,83,8B,8F,84,68,56,49,40,3B,3B,3D,40,42,40,
41,41,41,41,43,45,47,48,49,49,47,45,42,3F,3E,3E,
41,41,42,4F,66,77,7A,79,6C,67,63,62,61,5D,57,53,
55,55,52,53,59,5D,5E,60,64,62,5F,5C,5A,5A,59,56,
54,53,53,5A,66,74,7F,84,7E,7B,7E,8A,9E,B1,BE,C3,
C1,C3,C4,BA,A8,97,86,77,69,66,69,6E,72,7A,7F,80,
79,64,43,33,2F,2E,34,32,30,2D,2B,2B,30,36,3B,3D,
3A,35,31,30,32,35,35,33,32,34,36,38,3A,3E,42,44,
47,42,38,30,2D,2C,30,39,45,4B,4D,4D,52,56,59,5B,
5A,5E,64,69,6D,71,74,76,7A,7B,7C,7A,78,76,77,79,
7D,7E,7E,7F,80,81,83,84,87,88,8A,8B,8B,8B,8B,8A,
89,89,89,89,8A,8A,88,87,83,80,7A,74,6F,6A,66,63,
5F,60,63,66,69,6D,6F,71,73,73,73,72,73,74,74,72,
69,67,67,67,67,65,64,65,69,69,6B,6D,6D,6E,70,74,
7C,7C,78,73,71,6D,68,67,6B,6D,6C,6C,71,75,78,7D,
81,87,88,8A,89,7F,6C,54,3C,32,31,30,2E,2D,29,28,
2C,2D,2F,30,30,2F,2F,2F,32,35,3A,3D,3E,3E,3F,40,
45,45,44,45,46,48,48,48,4A,43,3A,36,39,3D,3D,3A,
32,2E,2E,2B,26,36,5B,77,8B,8D,82,80,8B,8C,8A,88,
8C,90,96,9A,9B,99,97,96,96,97,97,98,98,98,98,98,
97,97,96,95,94,94,93,93,95,94,94,93,92,91,91,90,
92,92,93,93,93,93,93,93,93,93,93,92,92,92,91,91,
91,91,90,90,8F,8E,8D,8D,8C,8C,8B,8A,89,87,86,85,
82,81,80,82,87,94,A9,BA,C7,CD,CC,CC,D2,D3,CE,CD,
CF,CF,CF,CF,CE,CD,CC,CC,CB,CB,CB,CB,CC,CD,CE,CF,
CF,CF,D0,D0,D1,D1,D1,D1,D1,D0,D0,D0,D0,D0,D1,D1,
D3,D3,D3,D3,D3,D3,D3,D3,D3,D3,D3,D3,D3,D3,D3,D3,
36,36,35,36,37,38,3A,3B,3D,3D,3E,3E,3E,3D,3D,3C,
3F,41,43,44,43,45,48,4B,4C,52,5D,64,69,74,85,90,
91,95,9B,A0,A3,A5,A7,A8,AB,AC,AD,AD,AC,AC,AD,AF,
AF,AF,B0,B0,AF,B0,B1,B2,AF,AB,A5,A0,9A,90,83,7A,
74,67,5A,57,5D,67,71,79,75,71,69,61,5D,5D,63,68,
72,7B,88,8D,8E,83,66,55,4B,43,3F,3F,3E,3E,3D,39,
38,3A,3D,40,44,48,4A,4B,4B,4A,48,45,41,3F,3E,3E,
40,3F,40,50,6C,80,83,80,6C,66,61,61,62,60,5B,58,
5B,59,52,50,55,5B,60,65,6B,68,63,5E,59,55,50,4C,
47,46,49,55,69,7C,87,8A,83,7D,7D,8A,A1,B6,C2,C6,
C5,C8,C8,BC,A3,8A,76,68,63,66,6D,75,7C,84,87,82,
72,5D,3B,30,31,2F,32,30,30,2D,29,28,2B,30,36,3A,
38,34,30,30,32,35,35,34,32,34,36,38,3A,3D,41,43,
47,42,39,32,2E,2C,30,38,44,4A,4D,4D,51,55,57,58,
57,5B,61,67,6B,6F,73,75,7A,7B,7C,7A,77,76,76,78,
7D,7D,7E,7F,7F,81,83,84,86,87,89,8B,8B,8B,8A,8A,
8A,89,89,8A,8A,89,88,86,82,7E,77,70,6A,64,5F,5C,
56,57,5A,5E,62,66,68,6A,6B,6D,6D,6C,6E,70,6F,6D,
66,65,65,66,66,64,63,64,65,66,69,6B,6C,6C,6F,72,
7A,7A,76,73,72,6E,69,69,6B,6D,6C,6D,72,76,7A,7F,
82,88,86,88,88,79,60,47,37,2E,2E,2D,2C,2E,2A,28,
2D,2E,30,30,30,2F,2F,2F,32,35,39,3C,3D,3D,3E,3F,
47,46,45,45,47,48,49,49,4B,43,3A,37,3A,3F,3F,3C,
37,32,31,2C,26,34,57,71,85,8A,81,81,8D,8F,8D,8B,
8D,91,96,9A,9A,98,97,96,96,96,97,98,99,99,99,99,
97,97,96,95,94,94,93,93,95,95,94,94,93,92,91,91,
92,92,93,93,93,93,93,93,93,93,93,93,92,92,91,91,
91,91,91,90,8F,8E,8D,8D,8D,8D,8C,8B,89,88,87,86,
81,80,80,83,89,96,AB,BC,C7,CD,CC,CC,D2,D3,CE,CE,
CF,CF,CF,CF,CF,CE,CD,CC,CB,CB,CB,CC,CD,CE,CF,D0,
CF,D0,D0,D0,D1,D1,D1,D1,D1,D1,D0,D0,D0,D0,D1,D1,
D3,D3,D3,D3,D3,D3,D3,D3,D3,D3,D3,D3,D3,D3,D3,D3,
35,36,36,37,37,38,38,39,3A,3A,3B,3B,3B,3B,3B,3B,
3D,3D,40,3F,3C,42,4E,56,55,59,63,6A,6E,78,85,8D,
90,95,9C,A1,A5,A6,A7,A8,AB,AD,AF,AF,AE,AD,AD,AD,
AE,AE,AE,AE,AE,AF,B1,B2,B3,AF,A6,9E,9B,92,83,7A,
73,67,5B,59,66,75,7D,7D,76,6D,60,5A,59,5A,62,6E,
7C,84,89,8C,8C,80,66,52,4B,44,3B,3A,3E,3D,37,35,
33,34,3D,41,46,4A,4A,4D,4F,4B,44,40,37,37,41,41,
41,3F,3F,54,79,8E,88,7E,6E,63,5F,5E,60,60,5A,5B,
5F,60,59,55,56,57,5A,62,6A,65,67,61,57,54,4C,44,
3C,3E,45,54,66,77,84,8B,86,83,80,89,9A,B2,CB,D3,
CE,D2,CF,BE,A3,84,6D,65,65,6D,72,7D,89,8D,89,81,
6E,5A,40,31,2D,2F,31,33,30,2D,2A,2B,2F,33,34,34,
33,32,32,32,32,33,35,35,36,36,37,38,39,3C,3F,41,
43,40,3A,34,2E,2D,31,36,43,49,4E,50,50,51,52,53,
53,56,5C,65,6C,70,73,76,78,78,79,79,79,78,79,79,
79,7C,7F,80,81,81,81,82,86,87,88,88,88,89,8B,8C,
8B,8C,8C,8C,8B,89,87,86,81,7E,79,74,6E,69,64,61,
5C,5C,5D,5F,61,64,66,67,6A,6C,6D,6E,70,72,71,6F,
6B,6C,6E,70,71,70,6D,6A,69,69,6A,6E,71,74,78,7D,
81,82,7D,7B,7E,79,71,70,70,72,77,7B,7B,7A,7D,82,
88,88,91,8F,84,6E,4B,38,31,31,30,2E,2C,2B,2C,2C,
2F,30,30,30,2E,2D,2E,2F,32,35,37,39,3B,3B,3E,44,
4B,4E,45,42,44,48,4E,50,4B,44,38,35,36,3B,44,42,
39,32,2E,2C,28,33,50,6B,80,89,87,87,8D,8F,8F,8E,
90,92,95,98,99,99,98,97,96,96,97,98,99,9A,9A,9A,
98,98,97,97,97,96,96,97,96,96,96,96,95,95,94,93,
93,92,92,92,92,92,92,92,93,93,93,93,93,92,92,91,
93,92,91,90,8F,8F,8E,8E,8E,8E,8D,8C,8A,88,86,85,
82,80,7C,83,94,A1,AB,B8,C7,CE,CB,CA,CD,CD,D0,CF,
CF,CF,CF,CE,CE,CE,CE,CE,CD,CD,CD,CE,CE,CF,CF,CF,
D2,D2,D2,D2,D2,D2,D2,D2,D2,D2,D2,D2,D2,D2,D2,D2,
D1,D1,D1,D1,D2,D2,D3,D3,D4,D4,D4,D4,D4,D4,D4,D4,
36,36,37,37,38,38,38,39,39,39,3A,3A,3A,3A,3A,3A,
3C,3D,3F,3E,3D,44,50,58,57,5C,65,6C,70,7A,87,8E,
91,95,9C,A1,A5,A6,A7,A8,AB,AD,AF,B0,AE,AD,AD,AD,
AE,AE,AE,AE,AF,B0,B1,B2,B2,AE,A5,9E,9B,92,84,7B,
75,6C,62,62,6D,78,7B,79,6E,66,5C,58,59,5B,64,70,
80,86,89,89,87,7B,63,51,49,43,3C,3C,40,3E,37,35,
32,32,39,3D,40,43,43,46,4A,48,43,40,3A,3C,46,44,
41,3F,3F,57,80,95,8D,80,6B,60,5C,5D,61,62,5B,5B,
5D,60,5F,5D,5B,58,57,59,5F,60,69,66,5B,54,49,40,
3D,42,4D,5C,6D,7C,86,8A,88,84,80,88,98,B0,CB,D4,
CB,CB,CB,B9,94,78,6B,64,64,70,7E,8B,95,92,80,73,
63,52,3D,30,2D,2F,31,33,30,2E,2C,2C,2F,32,33,32,
32,32,32,32,32,33,35,36,36,36,37,38,39,3C,3E,40,
44,40,3B,35,2F,2D,31,36,43,48,4E,50,4F,50,51,52,
50,52,59,61,68,6D,71,74,75,76,77,77,77,77,77,78,
79,7B,7E,80,80,80,81,82,84,86,87,87,87,88,8B,8D,
8C,8C,8D,8D,8C,8B,8A,89,84,82,7E,79,75,70,6C,69,
64,64,65,66,68,6A,6C,6D,6F,70,72,72,74,76,75,73,
6E,70,73,76,79,79,77,76,73,73,76,7A,7E,81,85,89,
90,92,8F,8D,8D,85,7A,77,76,7A,7F,83,83,82,84,88,
8C,8A,8F,88,7A,63,41,2F,30,30,2F,2E,2D,2D,2E,2E,
30,31,31,30,2F,2E,2E,2F,32,36,37,39,3B,3C,3F,45,
4E,50,47,42,44,48,4F,51,4A,43,38,35,37,3D,47,45,
39,31,2D,2B,29,33,4E,66,7F,8A,89,89,8D,8D,8F,8F,
91,93,96,98,99,99,98,97,96,97,97,98,99,9A,9A,9A,
98,98,98,97,97,97,97,97,97,97,97,97,96,96,95,95,
93,93,92,92,92,92,92,92,93,93,93,93,93,93,92,92,
93,92,91,90,8F,8F,8E,8E,8E,8E,8D,8C,8A,88,86,85,
82,80,7D,84,95,A2,AC,B8,C8,CE,CB,CB,CD,CD,D0,CF,
D0,D0,D0,D0,CF,CF,CF,CF,CF,CF,CF,D0,D0,D0,D1,D1,
D2,D2,D2,D2,D2,D2,D3,D3,D2,D2,D2,D3,D3,D3,D3,D3,
D2,D2,D1,D2,D2,D2,D3,D3,D4,D4,D4,D4,D4,D4,D4,D4,
37,37,37,38,38,38,39,39,39,39,3A,3A,3A,3A,3A,3A,
3C,3C,3E,3E,3E,46,53,5B,5A,5E,68,6E,72,7B,87,8E,
91,95,9C,A1,A4,A6,A7,A8,AC,AE,B0,B0,AF,AE,AD,AE,
AE,AE,AE,AE,AF,B0,B1,B1,B2,AE,A5,9E,9B,93,85,7C,
78,72,6D,6F,75,78,74,6D,62,5E,59,57,5A,5E,67,72,
84,87,86,82,7E,73,5F,50,48,44,3E,3E,42,40,39,36,
30,2E,33,34,35,37,36,3B,43,45,42,40,3D,41,49,47,
40,3D,3E,59,84,9A,8F,7E,68,5B,57,5A,62,64,5D,5C,
59,5E,64,65,5F,59,55,51,51,58,67,69,60,55,48,40,
42,4B,5A,6B,7B,85,89,89,86,84,80,88,97,AF,CA,D3,
C5,BE,BC,A7,7E,68,68,65,62,73,90,A0,A4,94,6D,56,
52,46,38,2F,2D,2F,31,33,30,2F,2E,2E,30,32,31,30,
32,32,31,31,32,33,35,36,36,37,37,38,39,3B,3E,40,
44,41,3D,37,31,2F,31,36,41,47,4D,4F,4F,4F,50,50,
4B,4E,53,5C,63,69,6D,71,72,73,74,74,74,74,75,76,
78,7B,7E,7F,7F,7F,80,81,83,84,86,86,87,88,8B,8D,
8B,8C,8D,8D,8D,8D,8C,8B,89,87,84,81,7E,7A,76,74,
71,71,71,72,73,75,76,77,78,79,7A,7A,7B,7C,7C,7A,
70,73,77,7D,81,84,84,84,87,89,8D,92,96,99,9C,9F,
A2,A6,A7,A5,9F,93,86,80,7F,83,89,8D,8C,8B,8C,8F,
91,8D,8A,7E,6C,55,39,2B,2D,2D,2D,2E,2F,30,30,30,
31,32,32,31,30,2F,2F,30,34,36,37,38,3A,3C,40,47,
51,52,48,43,45,48,50,52,49,42,38,36,38,3F,4A,49,
3B,32,2D,2C,2A,34,4C,62,7D,8B,8D,8C,8D,8C,8F,91,
92,93,96,98,99,99,98,97,96,97,98,99,99,9A,9A,9A,
99,99,98,98,97,97,98,98,98,98,98,98,97,96,96,95,
93,93,93,92,92,92,92,93,94,94,94,94,93,93,93,92,
93,92,91,90,8F,8F,8E,8E,8E,8E,8D,8C,8A,88,86,85,
82,81,7E,86,97,A3,AD,B9,C9,CF,CC,CB,CD,CD,D0,CF,
D1,D1,D1,D1,D1,D1,D1,D1,D1,D1,D1,D2,D2,D2,D3,D3,
D3,D3,D3,D3,D3,D3,D3,D3,D3,D3,D3,D3,D3,D3,D3,D4,
D2,D2,D2,D2,D2,D3,D3,D3,D4,D4,D4,D4,D4,D4,D4,D4,
38,38,38,38,38,38,39,39,3A,3A,3B,3B,3B,3B,3B,3B,
3C,3C,3E,3F,3F,48,55,5D,5B,60,68,6F,73,7C,88,8E,
91,96,9C,A1,A4,A6,A7,A8,AC,AE,B0,B0,AF,AE,AE,AE,
AF,AE,AE,AF,B0,B1,B1,B1,B1,AD,A4,9D,9B,93,86,7E,
7A,78,77,79,7A,75,68,5D,5A,59,57,58,5D,62,6A,74,
85,85,7F,77,73,6A,5B,50,4A,47,41,40,44,43,3C,39,
34,31,33,31,30,31,30,35,41,47,45,42,41,45,4B,47,
3F,3B,3C,59,86,9C,8E,7B,67,58,52,55,5F,65,60,5F,
5A,5D,65,67,5E,59,55,4E,47,4E,5D,62,5E,57,4C,48,
4F,59,6A,7B,89,8F,8C,87,81,81,80,88,95,AB,C6,D0,
C1,B2,A1,8B,70,64,67,6A,6A,7B,9C,A7,A4,8A,57,3D,
3F,39,33,2E,2E,2F,31,33,2F,2F,2F,30,31,32,31,2F,
32,31,31,31,32,34,35,36,37,37,38,38,39,3B,3E,3F,
44,42,3E,39,33,30,32,35,40,46,4C,4F,4F,4E,4E,4D,
48,4A,4F,56,5E,64,6A,6F,70,71,72,72,72,73,75,76,
78,7A,7D,7E,7F,7F,80,81,83,84,86,86,86,88,8A,8C,
8A,8B,8C,8D,8E,8E,8E,8D,8E,8C,8A,87,85,82,7F,7C,
7B,7B,7B,7B,7B,7C,7C,7D,7E,7E,7F,7F,80,80,80,7F,
74,78,7E,85,8B,8F,92,93,96,99,9E,A3,A7,A9,AB,AC,
AE,B4,B7,B5,AB,9B,8D,86,87,8B,90,91,90,8E,8F,91,
91,8B,81,6F,59,45,34,2C,2B,2B,2C,2F,32,33,33,32,
31,32,33,32,31,30,31,31,35,37,37,37,3A,3C,41,49,
54,55,4B,45,46,48,4F,50,48,42,37,35,38,40,4C,4B,
3D,34,2F,2D,2A,33,4C,62,7C,8D,90,8F,8F,8D,90,92,
93,94,96,98,99,99,98,97,97,97,98,99,9A,9A,9A,9A,
99,99,99,98,98,98,98,98,98,98,98,98,97,96,96,95,
94,94,93,93,93,93,93,93,94,94,94,94,94,93,93,93,
93,92,91,90,8F,8F,8E,8E,8E,8E,8D,8C,8A,88,86,85,
82,81,7F,88,99,A5,AF,BB,CB,D1,CD,CC,CE,CE,D0,CF,
D2,D2,D2,D2,D2,D2,D2,D2,D2,D2,D2,D3,D3,D3,D3,D4,
D3,D3,D3,D3,D3,D3,D3,D3,D3,D3,D4,D4,D4,D4,D4,D4,
D3,D3,D3,D3,D3,D3,D4,D4,D4,D4,D4,D4,D3,D3,D3,D3,
38,38,38,38,38,38,38,38,3A,3A,3B,3B,3C,3C,3C,3B,
3C,3C,3E,3F,40,48,56,5D,5C,60,68,6F,73,7C,88,8F,
91,95,9B,A0,A3,A5,A7,A8,AD,AF,B1,B1,B0,AF,AE,AF,
AF,AE,AE,AF,B1,B1,B1,B0,B0,AC,A3,9D,9B,94,87,7F,
7C,7B,7C,7E,7B,70,60,53,54,56,56,59,60,66,6D,75,
82,80,77,6E,6B,65,5A,52,4C,49,43,42,48,47,40,3C,
3D,37,37,34,32,32,32,39,45,4D,4A,47,46,47,49,45,
3B,39,3C,59,87,9D,90,7E,69,57,4E,50,5A,62,60,61,
62,61,65,64,5C,58,55,4D,44,46,4E,54,58,58,53,56,
5F,68,77,87,93,95,8E,84,7E,7F,7F,86,92,A6,C0,CB,
BD,A8,87,73,70,6D,6C,72,7E,88,9E,9D,91,75,46,31,
31,30,2F,2F,2F,30,31,31,2E,2E,30,31,32,32,31,30,
32,31,31,31,32,34,35,36,37,37,38,38,39,3B,3D,3F,
43,42,3F,3B,35,31,32,34,3D,44,4B,4E,4E,4D,4C,4B,
47,47,4B,52,5A,61,68,6D,70,70,71,71,72,73,75,76,
78,7A,7D,7E,7E,7E,7F,81,84,85,86,86,86,87,89,8B,
8A,8B,8C,8E,8F,8F,8F,8F,90,8E,8D,8B,88,85,82,80,
7E,7D,7D,7D,7C,7C,7C,7C,7E,7E,7E,7F,7F,7F,7F,7F,
7D,81,88,90,97,9B,9E,A0,A2,A6,AC,B0,B3,B4,B3,B3,
B1,B6,BC,BA,AD,9E,92,8B,8E,90,92,91,8F,8E,8F,90,
8F,87,75,5D,45,34,2E,2D,2B,2A,2C,30,34,36,34,32,
31,32,33,32,31,30,31,32,35,37,36,36,39,3C,42,4A,
57,59,4F,49,48,49,4E,4E,48,41,37,35,38,41,4B,4B,
3F,36,31,2E,2A,32,4C,63,7D,8D,91,92,93,90,91,92,
95,95,97,98,98,98,98,97,97,98,99,99,9A,9A,99,99,
99,99,99,99,99,99,99,99,99,99,98,98,98,97,96,96,
95,95,94,94,93,93,93,93,94,94,94,94,94,94,93,93,
93,92,91,90,8F,8F,8E,8E,8E,8E,8D,8C,8A,88,86,85,
82,82,80,89,9B,A7,B1,BC,CD,D2,CF,CD,CF,CE,D0,CE,
D2,D2,D2,D2,D2,D2,D2,D2,D2,D2,D2,D2,D3,D3,D3,D3,
D3,D3,D3,D3,D3,D3,D4,D4,D4,D4,D4,D4,D4,D4,D4,D4,
D4,D4,D3,D3,D3,D4,D4,D4,D4,D3,D3,D3,D3,D2,D2,D2,
38,38,38,38,38,38,38,38,39,39,3A,3A,3B,3B,3B,3B,
3B,3B,3D,3F,3F,48,55,5C,5C,5F,67,6E,73,7D,89,90,
91,95,9B,9F,A3,A5,A7,A8,AD,AF,B1,B2,B0,AF,AF,AF,
AF,AF,AF,B0,B1,B2,B1,B0,AF,AC,A3,9C,9A,94,88,80,
7C,7B,7B,7A,75,69,5B,51,52,55,57,5B,64,6C,71,76,
7D,79,70,69,67,62,59,52,4B,49,45,47,4E,4E,45,3D,
3D,36,35,32,30,30,32,3B,4A,51,4D,4A,49,46,44,40,
37,38,3F,5B,86,9A,8F,80,6B,58,4C,4B,54,5D,5E,62,
6A,68,65,61,5D,5B,56,4E,48,43,45,4A,55,5B,5B,62,
6E,75,80,8C,94,96,8D,83,7F,7E,7C,83,8F,A3,BB,C3,
B1,9B,77,6A,78,7C,76,7B,8B,90,99,90,7C,5F,37,27,
29,2C,2F,30,30,31,30,2F,2D,2E,30,31,32,32,32,32,
32,32,32,32,33,34,35,36,37,37,38,38,39,3B,3D,3F,
42,42,40,3C,36,31,31,33,3B,42,4A,4E,4E,4C,4B,49,
46,46,49,4F,57,5E,66,6C,70,70,70,70,71,73,75,77,
77,79,7C,7D,7D,7E,7F,80,84,85,86,86,86,86,88,8A,
8B,8C,8D,8E,8F,90,90,90,8F,8E,8D,8B,89,86,83,81,
7F,7F,7E,7D,7D,7C,7C,7C,7D,7D,7D,7E,7E,7E,7F,80,
84,89,90,97,9D,A0,A3,A4,A8,AD,B2,B5,B6,B6,B4,B1,
AD,B1,B7,B4,A8,9C,95,90,93,93,92,8F,8E,8E,8E,8E,
8E,82,67,4D,36,28,2B,2C,2C,2B,2C,31,36,37,34,30,
30,31,32,32,31,31,32,33,35,36,36,36,39,3C,42,4B,
5A,5B,52,4B,4A,4A,4E,4E,48,42,38,36,39,41,4B,4A,
3F,36,31,2E,29,32,4C,63,7D,8E,93,95,96,93,93,93,
96,96,97,98,98,98,98,98,98,99,99,9A,9A,99,98,98,
9A,99,99,99,99,99,99,99,9A,9A,99,99,99,98,97,97,
96,95,95,94,94,94,94,94,94,94,95,94,94,94,93,93,
93,92,91,90,8F,8F,8E,8E,8E,8E,8D,8C,8A,88,86,85,
82,82,81,89,9B,A8,B3,BE,CE,D4,D0,CE,CF,CE,D0,CE,
D1,D1,D1,D1,D1,D1,D1,D1,D2,D2,D2,D2,D2,D2,D2,D2,
D2,D3,D3,D3,D4,D4,D4,D5,D5,D5,D5,D4,D4,D4,D4,D4,
D3,D3,D3,D3,D3,D3,D3,D4,D3,D3,D2,D2,D1,D1,D1,D0,
37,37,37,37,37,38,38,38,38,39,39,3A,3A,3A,3A,3A,
38,38,3B,3D,3F,47,53,5A,5A,5D,64,6B,71,7C,89,90,
91,95,9A,9F,A2,A4,A7,A8,AE,B0,B2,B2,B1,B0,AF,B0,
AF,AF,AF,B0,B2,B2,B1,AF,AF,AB,A2,9B,9A,93,88,80,
7C,78,73,70,69,5F,55,4F,52,56,58,5E,69,73,77,7A,
77,73,6A,65,65,60,55,4D,48,49,4A,50,59,58,4A,3F,
36,30,2F,2C,2B,2D,31,3C,4D,54,4F,4D,4C,45,41,3E,
3B,40,49,62,85,94,89,7C,6C,59,4B,47,4E,57,5A,61,
68,67,62,60,63,62,5A,52,4E,48,46,4C,5A,61,61,6A,
78,7F,87,8D,92,92,8C,85,81,7E,7B,84,92,A4,B5,B7,
A0,8C,75,74,86,8C,87,87,8F,91,8D,7D,65,47,2D,22,
27,2B,30,32,32,32,2F,2D,2E,2F,30,31,31,31,32,34,
33,33,32,32,33,34,35,36,37,37,38,38,39,3B,3E,40,
41,41,40,3D,37,31,30,32,39,41,49,4D,4D,4C,4A,48,
46,46,47,4D,54,5C,64,6A,70,70,70,70,71,72,75,77,
76,78,7A,7C,7C,7C,7E,7F,82,84,85,85,85,86,88,8A,
8B,8C,8D,8E,8E,8F,8F,8E,8E,8D,8C,8B,89,86,83,81,
80,80,7F,7E,7E,7D,7C,7C,7D,7D,7D,7F,7F,7E,7F,82,
86,8B,92,98,9C,9D,9E,9F,A0,A5,AA,AC,AC,AB,A7,A4,
A4,A6,AB,A9,9E,97,96,93,96,95,91,8E,8E,8F,8E,8C,
88,79,58,3F,2E,25,2C,2D,2E,2D,2D,32,37,38,33,2E,
2E,30,31,31,30,30,32,33,34,36,35,35,38,3B,42,4A,
5B,5C,51,4B,4A,4A,4F,4F,48,42,39,38,3B,42,4C,4B,
3F,36,31,2F,2C,35,4D,63,7D,8F,95,97,98,94,94,94,
97,97,97,98,98,98,98,98,99,9A,9A,9A,9A,99,98,97,
99,99,99,99,99,99,99,99,9A,9A,9A,99,99,98,97,97,
96,96,95,95,94,94,94,94,94,94,94,94,94,94,93,93,
93,92,91,90,8F,8F,8E,8E,8E,8D,8D,8B,89,87,86,85,
83,82,81,89,9C,A9,B4,C0,D0,D5,D1,CF,D0,CE,D0,CE,
D0,D0,D0,D1,D1,D1,D1,D1,D2,D2,D2,D2,D2,D2,D2,D2,
D2,D3,D3,D4,D4,D5,D5,D6,D6,D6,D5,D5,D4,D4,D3,D3,
D3,D2,D2,D2,D2,D2,D2,D2,D2,D2,D1,D1,D0,D0,CF,CF,
36,36,37,37,37,37,38,38,39,39,39,3A,3A,3A,3A,3A,
36,36,3A,3C,3E,46,52,58,58,5A,62,69,6F,7A,88,90,
91,94,9A,9E,A1,A4,A6,A8,AE,B0,B2,B2,B1,B0,B0,B0,
B0,AF,AF,B0,B2,B2,B1,AF,AF,AB,A2,9B,99,93,87,80,
7C,75,6D,66,5E,56,4F,4D,53,57,5A,61,6E,79,7C,7E,
72,6E,67,64,65,5E,51,48,46,49,4E,57,63,60,4F,40,
34,2D,2D,2B,2B,2E,34,40,51,57,52,50,4F,47,42,40,
44,4B,54,69,87,91,84,78,6C,5A,4C,46,4B,53,58,5F,
60,62,5E,5F,69,6A,5F,57,53,4D,4C,52,60,67,65,6E,
7E,85,8B,8D,8F,90,8D,88,81,7D,7B,87,98,A7,B1,AC,
93,83,7B,83,91,98,97,93,95,91,7F,68,4F,35,29,25,
26,2C,31,33,33,32,2F,2B,2F,30,30,30,30,31,33,34,
33,33,33,33,33,34,35,36,37,37,38,38,39,3B,3E,40,
41,41,40,3D,37,31,30,31,38,40,49,4D,4D,4C,49,47,
46,45,46,4B,52,5A,63,69,6F,6F,6F,6F,70,72,74,76,
75,77,7A,7B,7B,7B,7D,7E,81,82,84,84,85,86,88,8A,
8A,8A,8B,8C,8D,8D,8D,8D,8D,8C,8B,8A,89,86,83,81,
7F,7F,7E,7E,7D,7C,7B,7B,7C,7B,7C,7E,7E,7D,7F,82,
86,8B,91,97,99,9A,99,99,9B,A0,A5,A6,A6,A4,A0,9C,
9D,9D,A2,A0,96,93,96,94,96,94,91,8E,8F,90,8E,8A,
7F,6E,4B,35,29,25,2D,2D,2F,2E,2E,33,37,38,32,2D,
2D,2F,30,30,30,30,32,33,33,35,35,35,38,3B,41,4A,
5A,5B,50,49,48,49,4E,4F,48,43,3A,39,3C,44,4D,4C,
40,37,32,31,2F,38,4E,62,7C,90,97,99,99,94,95,96,
97,97,97,97,98,98,98,98,9A,9A,9B,9B,9A,99,97,96,
99,99,99,99,99,99,99,9A,99,99,99,99,98,97,97,96,
96,96,95,95,94,94,94,94,94,94,94,94,94,94,93,93,
93,92,91,90,8F,8F,8E,8E,8D,8D,8C,8B,89,87,85,84,
83,83,81,89,9C,A9,B4,C1,D0,D6,D1,D0,D0,CF,D0,CE,
D0,D0,D0,D0,D0,D1,D1,D1,D2,D2,D2,D2,D2,D2,D2,D2,
D2,D3,D3,D4,D5,D6,D6,D7,D6,D6,D5,D5,D4,D3,D3,D3,
D2,D1,D1,D1,D1,D1,D1,D1,D1,D1,D1,D0,CF,CF,CE,CE,
36,36,36,36,36,37,37,38,38,38,38,39,3A,3A,39,39,
36,36,36,38,3D,46,4F,56,56,59,5E,65,6E,7A,86,8E,
91,95,9A,9D,A0,A2,A6,A9,AE,B0,B2,B1,B0,B0,B1,B0,
AF,AF,AF,B0,B1,B2,B2,B1,AF,AB,A2,9B,99,93,87,80,
80,75,63,56,51,4C,4A,4B,53,58,5E,67,76,7E,7F,7F,
71,6C,68,66,67,5B,46,40,44,4A,52,5C,6D,69,4E,41,
37,33,2E,2E,30,31,38,45,52,56,56,53,52,4E,49,49,
4F,5C,6B,79,88,8A,7D,70,6B,5E,52,4C,4D,53,58,58,
53,51,53,5D,67,6A,64,5D,5B,5C,58,5C,69,6B,67,6B,
82,88,8C,8C,8D,90,91,90,84,7D,7D,8A,A4,B5,AB,A1,
88,81,84,90,9E,A3,9C,9C,9D,88,69,50,3F,33,2A,24,
29,2D,32,34,33,30,2F,2F,32,33,32,30,2F,2F,33,36,
34,33,33,33,33,34,35,36,36,37,37,38,39,3B,3D,3F,
40,41,41,3F,38,32,2F,30,37,40,49,4E,4E,4C,4A,48,
47,46,46,4A,4F,57,60,66,6B,6E,6F,6E,6E,71,73,74,
75,77,78,79,79,79,7B,7C,80,82,84,84,84,85,87,88,
87,88,89,8A,8B,8B,8B,8B,8B,8B,8C,8C,8B,88,86,84,
81,80,7F,7E,7E,7D,7D,7C,7C,7D,7E,7E,7E,7E,80,82,
83,87,8C,8F,91,91,92,93,96,99,9E,A0,A0,9C,98,96,
97,98,97,93,8F,8F,91,93,93,8F,8C,8D,92,92,8C,84,
77,64,42,2D,2D,2C,2A,2F,30,31,30,32,37,36,31,2F,
2E,2F,30,2F,2F,2F,31,33,34,35,34,34,37,3A,41,4B,
57,57,4C,47,47,48,4E,50,4B,45,3D,3C,40,47,4C,4D,
3F,39,35,30,33,3C,4C,63,7D,8E,98,9C,98,95,98,96,
98,98,97,96,96,97,98,98,9A,9B,9B,9B,99,98,98,98,
99,99,98,98,98,98,98,98,99,99,98,98,97,97,96,96,
96,96,95,95,94,94,94,94,96,96,95,95,95,94,93,93,
93,92,91,90,8F,8E,8D,8D,8D,8D,8C,8A,88,86,85,84,
81,81,81,8A,9D,AB,B6,C2,D1,D7,D3,D0,D0,CE,CF,CE,
D0,D0,D1,D1,D1,D2,D2,D2,D2,D2,D3,D3,D3,D3,D3,D3,
D4,D4,D5,D5,D6,D6,D6,D6,D6,D6,D5,D4,D3,D2,D2,D2,
D1,D0,D0,D0,D0,D0,D0,D0,D0,D0,D0,CF,CE,CE,CD,CD,
36,36,36,36,36,37,37,37,38,38,38,39,39,3A,39,39,
36,36,37,39,3F,47,50,55,56,58,5D,64,6D,7A,86,8F,
91,94,99,9C,9F,A2,A6,A9,AE,B1,B2,B2,B0,B1,B1,B0,
AF,AF,AF,B0,B1,B2,B2,B1,AF,AB,A2,9B,99,92,87,7F,
7F,72,5E,4F,4B,49,48,4B,53,5A,63,6E,79,7E,7E,7C,
71,6D,6A,67,65,57,42,3C,41,4A,56,63,72,6A,4B,3B,
34,32,2F,2E,2F,31,3B,47,53,55,54,51,51,4E,4B,4B,
53,63,75,83,8B,87,79,6D,6B,61,59,55,53,56,59,57,
51,4E,4E,56,62,6A,6C,6C,6E,6C,68,6A,72,73,71,74,
81,87,8C,8E,90,93,93,91,84,7C,7D,8E,AD,BB,AC,9D,
85,81,90,9F,A6,A9,A3,9C,94,7A,58,3F,32,2D,2B,2C,
2D,30,34,36,34,32,32,32,35,35,34,32,30,30,33,36,
34,34,33,33,33,34,35,36,37,37,37,38,39,3B,3D,3F,
40,41,41,3F,39,32,30,31,38,40,49,4E,4E,4D,4B,49,
47,46,46,49,4E,55,5E,64,6A,6C,6E,6E,6E,70,72,73,
75,76,78,78,78,79,7A,7C,80,81,83,84,84,85,86,88,
87,87,88,8A,8B,8B,8B,8B,8B,8C,8C,8C,8B,89,86,84,
82,81,80,7F,7F,7E,7E,7D,7D,7D,7E,7E,7E,7E,7F,80,
7D,81,85,88,8A,8B,8C,8D,90,93,97,99,98,95,91,8F,
8E,8F,8F,8D,8C,8D,90,91,8E,8D,8D,90,93,90,84,79,
6E,5B,3C,2B,2E,2E,2B,2E,30,30,30,32,36,36,31,30,
2F,30,30,30,2F,2F,31,33,34,36,34,34,37,3B,42,4B,
55,55,4B,46,47,48,4D,4F,4C,46,3F,3D,41,47,4B,4D,
3F,39,36,32,34,3D,4C,62,7C,8D,98,9C,99,96,99,97,
98,97,96,96,96,97,98,99,9A,9B,9B,9B,99,98,97,97,
99,99,98,98,98,98,98,98,99,99,98,98,97,96,96,96,
96,96,95,95,94,94,94,94,96,96,95,95,95,94,93,93,
93,92,91,90,8E,8E,8D,8D,8D,8C,8B,8A,88,86,84,83,
82,82,81,8B,9E,AB,B6,C2,D2,D8,D3,D1,D0,CE,CF,CE,
D1,D1,D1,D1,D2,D2,D3,D3,D3,D3,D3,D4,D4,D4,D4,D4,
D4,D4,D5,D5,D6,D6,D6,D6,D6,D5,D5,D4,D3,D2,D2,D2,
CF,CF,CF,CE,CE,CE,CF,CF,CF,CF,CF,CE,CE,CD,CD,CD,
36,35,35,35,36,36,37,37,38,37,37,38,39,39,39,38,
34,34,36,39,3F,47,4F,54,56,58,5C,62,6C,7A,87,8F,
90,93,98,9B,9E,A1,A5,A8,AE,B1,B2,B2,B1,B1,B1,B0,
AF,AF,AF,B0,B1,B2,B1,B1,B0,AC,A2,9B,99,92,85,7D,
7C,6D,57,49,46,46,48,4C,52,5E,6C,76,7B,7B,78,75,
6E,6C,6C,67,61,53,3E,38,40,4B,5A,66,6E,60,3D,29,
2D,2E,2E,2D,2C,32,3E,4A,51,50,4D,4A,4B,49,48,4A,
56,69,80,8E,8E,84,76,6C,6E,6A,67,65,62,61,5F,5B,
54,4F,4D,52,5C,69,74,7C,80,7D,7A,7B,7E,7F,7F,80,
7F,84,89,8D,92,95,94,91,84,7C,7E,93,B7,C3,AC,98,
8B,88,9B,A8,A8,AC,A5,98,85,69,47,32,2A,2B,2F,34,
31,33,36,37,36,35,35,36,39,39,37,35,32,32,35,37,
35,34,34,33,34,35,36,37,37,37,38,38,39,3B,3D,3F,
40,41,41,3F,39,33,31,32,38,40,49,4D,4E,4E,4C,4B,
48,47,46,49,4D,53,5B,61,68,6B,6D,6D,6E,70,72,72,
74,75,77,77,77,78,79,7B,7F,81,83,83,83,84,86,87,
86,87,88,89,8A,8A,8A,8A,8A,8B,8C,8C,8B,89,86,85,
81,80,7F,7E,7E,7E,7D,7C,7C,7C,7C,7C,7D,7D,7D,7C,
7B,7D,7F,82,84,86,87,88,8A,8D,90,91,90,8D,89,88,
84,86,87,88,8A,8E,90,90,8A,8B,8E,92,92,89,79,6A,
63,51,36,2A,2F,30,2B,2B,2F,30,2F,31,36,36,32,31,
31,31,31,30,2F,2F,31,33,35,36,35,35,38,3B,42,4B,
55,55,4B,46,47,48,4E,50,4D,47,40,3E,41,46,49,4A,
3F,39,36,33,35,3D,4B,60,79,8B,98,9D,9A,97,9A,99,
98,97,96,95,96,97,98,99,9B,9B,9B,9A,99,98,97,97,
99,98,98,98,97,98,98,98,99,98,98,97,97,96,95,95,
96,96,95,95,94,94,94,94,95,95,95,95,94,94,93,93,
92,92,91,8F,8E,8D,8D,8C,8C,8C,8A,89,87,85,83,82,
82,82,82,8B,9E,AC,B7,C3,D2,D8,D4,D1,D0,CE,D0,CE,
D1,D1,D2,D2,D2,D3,D3,D3,D4,D4,D5,D5,D5,D5,D5,D5,
D4,D4,D5,D5,D5,D5,D5,D5,D5,D4,D4,D3,D2,D1,D1,D1,
CE,CE,CD,CD,CD,CE,CE,CE,CE,CE,CE,CE,CD,CD,CD,CD,
35,34,34,34,35,35,36,36,37,36,36,37,38,38,38,37,
33,34,35,39,40,49,51,56,57,58,5B,61,6C,79,87,8F,
8F,93,97,9A,9D,A0,A5,A8,AE,B1,B3,B2,B1,B1,B1,B1,
B0,AF,AF,B0,B1,B2,B1,B1,B1,AD,A3,9C,99,91,84,7C,
79,69,54,47,46,46,48,4D,53,62,76,7F,7C,75,6F,6A,
6A,6A,6D,68,5D,4F,3D,38,41,4C,5C,67,6A,5A,38,25,
25,29,2C,2B,29,32,43,4E,50,4E,49,47,48,47,47,4A,
56,6B,85,92,8E,81,75,6D,6C,6C,6F,71,6D,68,63,5D,
59,53,4E,4F,56,61,71,7D,80,80,84,85,82,82,83,83,
7A,7E,84,8A,90,94,92,8F,82,7D,80,98,BD,C6,AA,95,
93,92,A0,AB,AD,AB,97,82,6F,58,3E,31,2D,2E,31,35,
33,35,37,38,37,37,38,39,3C,3C,3A,37,35,34,36,38,
35,34,34,34,34,35,36,37,37,37,38,38,39,3B,3D,3F,
42,42,41,3F,39,34,31,32,39,40,48,4C,4E,4E,4D,4C,
48,47,47,49,4C,51,58,5E,65,69,6C,6E,6F,70,72,72,
73,74,76,76,76,77,78,7A,7F,80,82,83,83,83,85,86,
87,87,88,89,8A,8A,89,89,89,8A,8B,8B,8A,88,86,84,
82,81,80,7F,7F,7F,7E,7E,7E,7D,7D,7E,7E,7E,7D,7B,
7C,7C,7C,7D,7F,81,82,82,85,86,88,89,87,84,82,80,
80,82,85,89,8E,92,92,8F,8B,8D,90,90,8C,7F,6C,5D,
58,49,34,2C,30,30,2B,29,2E,2F,2E,30,35,35,33,33,
33,33,32,31,2F,2F,31,33,36,37,36,36,39,3C,43,4B,
56,56,4C,48,49,4A,51,53,4F,48,41,3D,3F,43,47,48,
3F,39,37,34,36,3C,48,5C,76,8A,98,9E,9B,97,9A,99,
97,96,95,95,95,97,98,99,9B,9B,9B,9A,98,97,97,97,
98,98,98,97,97,97,98,98,98,98,98,97,97,96,95,95,
96,96,95,95,94,94,94,94,95,95,95,95,94,93,93,92,
92,91,90,8F,8E,8D,8C,8C,8C,8B,8A,88,86,84,83,82,
82,82,82,8B,9E,AC,B7,C3,D3,D9,D5,D2,D1,CF,D0,CF,
D1,D1,D2,D2,D3,D3,D4,D4,D5,D5,D5,D5,D5,D5,D5,D5,
D5,D5,D5,D5,D5,D5,D4,D4,D3,D3,D2,D1,D0,D0,D0,D0,
CD,CD,CD,CD,CD,CE,CE,CE,CE,CE,CE,CE,CE,CE,CE,CE,
33,33,33,33,33,34,34,34,35,35,35,36,36,37,36,36,
34,34,36,3B,42,4B,54,59,59,5A,5C,61,6B,79,86,8F,
8F,92,96,99,9C,A0,A5,A8,AE,B1,B2,B2,B1,B1,B1,B0,
B0,AF,AF,B0,B1,B1,B1,B1,B1,AD,A4,9C,99,91,83,7A,
74,66,54,49,48,47,48,4D,55,67,7F,86,7A,6D,67,62,
67,68,6E,67,58,4A,3C,39,42,4D,5F,66,64,53,33,20,
22,26,2B,2A,28,34,47,52,54,50,4A,48,4A,48,49,4F,
57,6B,85,91,89,7E,75,6C,68,6B,73,78,76,71,6B,64,
5A,54,4F,4C,4E,55,62,6F,73,7A,84,87,81,7C,7B,7A,
72,76,7B,83,8A,8E,8D,8A,80,7F,84,9A,BD,C3,A6,95,
95,9B,A5,AD,B6,A5,7A,5E,54,46,38,33,32,31,31,32,
34,36,38,39,38,38,39,3A,3C,3C,3B,39,36,35,36,38,
35,35,34,34,34,35,36,37,37,38,38,38,39,3B,3D,3F,
43,42,41,3F,39,33,31,32,39,3F,46,4A,4C,4D,4C,4C,
49,47,47,48,4B,4F,56,5B,63,67,6C,6E,70,71,72,71,
72,73,75,76,75,76,78,79,7E,80,82,82,82,83,84,86,
88,88,89,89,89,89,88,88,88,88,89,89,89,87,85,84,
85,84,83,82,82,82,82,81,81,81,80,81,81,81,7F,7E,
7C,7B,7A,79,7A,7B,7C,7D,7F,80,81,80,7F,7D,7C,7B,
80,83,87,8E,94,97,95,90,8D,90,92,8F,85,75,60,51,
4B,41,34,2E,2E,2D,2A,29,2E,2F,2D,2F,33,35,33,34,
34,34,33,31,2F,2F,31,33,36,37,37,37,39,3D,43,4C,
56,56,4D,48,4A,4B,52,54,50,49,41,3C,3D,41,44,46,
40,3A,37,34,35,3A,45,58,73,88,98,9F,9B,97,9A,98,
96,96,95,94,95,97,99,9A,9B,9B,9B,99,98,97,97,98,
98,98,98,97,97,97,98,98,98,98,98,97,97,96,95,94,
96,96,95,95,94,94,94,94,95,95,95,94,94,93,92,92,
91,91,90,8E,8D,8C,8B,8B,8B,8A,89,87,85,83,82,81,
82,82,81,8B,9E,AC,B7,C3,D4,D9,D5,D2,D2,D0,D1,D0,
D1,D1,D2,D2,D3,D3,D4,D4,D5,D5,D5,D5,D5,D5,D5,D5,
D5,D5,D5,D5,D5,D4,D4,D3,D1,D1,D0,CF,CF,CE,CE,CE,
CD,CD,CD,CD,CD,CE,CE,CE,CE,CE,CF,CF,CF,CF,CF,CF,
31,31,31,31,31,32,32,33,33,33,33,34,35,35,34,34,
32,32,35,3B,44,4D,55,5A,5C,5C,5D,62,6C,79,85,8D,
8F,92,95,98,9B,9F,A4,A8,AE,B0,B2,B1,B0,B0,B0,B0,
B0,B0,AF,B0,B1,B1,B1,B1,B1,AD,A4,9D,99,90,82,79,
70,64,54,4C,4A,46,46,4A,57,6B,86,8B,78,68,63,5F,
66,68,6E,65,51,43,3B,39,41,4C,60,69,64,53,36,25,
27,27,2B,2B,29,35,4A,54,50,4B,45,44,45,43,46,4F,
5D,6F,87,8E,83,7A,73,69,62,65,6E,77,79,78,72,6B,
5D,57,52,4E,4C,4D,57,61,6A,77,83,86,80,77,71,6F,
6B,6D,73,7A,81,85,85,84,80,82,88,9C,BB,BE,A3,98,
9A,A3,A8,A9,AC,91,5E,44,3F,3A,35,33,34,33,33,33,
35,37,39,3A,3A,39,39,39,39,3A,39,38,37,36,36,36,
35,34,34,34,34,35,36,37,38,38,38,38,39,3B,3D,3F,
43,42,40,3E,39,33,31,32,38,3E,44,48,49,4B,4B,4A,
48,46,46,47,4A,4E,53,58,60,65,6B,6E,70,71,71,70,
71,73,74,75,75,75,77,79,7E,80,81,82,82,82,84,85,
88,88,89,89,89,88,88,87,87,88,89,89,88,87,86,85,
85,84,83,83,84,84,84,83,82,82,82,82,82,81,81,80,
80,7F,7D,7B,7A,7A,7B,7C,7E,7F,7F,7F,7F,7E,7F,7F,
84,87,8C,92,98,9A,96,90,8C,90,91,8A,7C,69,55,47,
40,3A,33,2F,2B,2A,2A,2B,2F,2F,2D,2E,32,34,33,35,
36,35,33,31,2F,2F,31,33,36,37,37,37,3A,3D,44,4D,
54,55,4B,47,49,4B,51,53,50,4A,42,3D,3E,41,44,46,
43,3C,38,33,33,38,41,54,6F,86,98,A0,9C,97,99,97,
96,95,94,94,95,97,99,9A,9B,9B,9A,99,97,97,98,99,
99,98,98,98,97,98,98,98,98,98,98,97,97,96,95,94,
96,96,95,95,94,94,94,94,95,95,94,94,94,93,92,92,
91,90,8F,8E,8D,8C,8B,8B,8B,8A,88,86,84,83,82,81,
82,82,81,8B,9E,AC,B7,C3,D4,DA,D6,D3,D2,D0,D2,D1,
D1,D1,D2,D2,D3,D4,D4,D4,D5,D5,D5,D5,D5,D5,D5,D5,
D6,D6,D6,D5,D5,D4,D3,D2,D0,D0,CF,CE,CE,CD,CD,CD,
CC,CC,CC,CC,CD,CD,CE,CE,D0,D0,D0,D0,D0,D0,D0,D0,
30,30,2F,30,30,30,31,31,32,31,31,32,33,33,33,32,
2F,31,36,3D,47,50,57,5A,5E,5E,5F,64,6D,79,84,8B,
8E,91,94,97,9A,9E,A4,A8,AD,B0,B2,B1,B0,B0,B0,B0,
B1,B0,AF,B0,B0,B1,B1,B1,B1,AD,A4,9D,99,90,82,79,
70,65,55,4D,49,44,43,49,56,6C,89,8D,75,64,62,60,
65,67,6D,61,4A,3E,39,3A,3C,48,60,6B,69,5D,48,3A,
2F,2A,2C,2C,29,35,49,51,47,41,3B,39,3A,39,40,4C,
63,75,8C,8E,7E,76,71,66,58,5A,63,6E,75,78,75,6E,
64,5E,59,55,51,4F,54,5C,69,77,81,83,7F,74,68,65,
65,68,6D,73,7A,7E,7F,80,81,87,8D,9E,BA,BA,A1,9B,
A1,A8,AA,A0,90,70,48,37,34,35,35,33,33,34,35,36,
35,37,39,3A,39,38,36,36,35,35,36,36,36,35,34,34,
35,34,34,34,34,35,36,37,38,38,38,39,39,3B,3D,3F,
42,40,3F,3D,38,33,32,32,38,3C,42,45,47,49,49,49,
46,45,44,46,48,4C,51,56,5C,62,69,6C,6E,6F,6F,6E,
71,72,74,75,75,75,77,78,7E,80,81,82,81,82,83,85,
87,87,88,88,89,88,88,87,88,88,89,8A,89,88,87,86,
84,83,82,83,83,84,84,83,83,83,83,83,82,82,82,83,
86,85,84,81,7F,7E,80,82,83,84,84,85,86,88,8A,8B,
8D,8F,91,95,98,98,93,8D,8A,8C,8B,80,6E,5A,4A,41,
3A,36,32,2F,29,28,2B,2D,30,30,2D,2D,31,33,33,35,
37,36,34,31,2E,2E,30,32,35,37,37,37,3A,3E,44,4D,
53,54,4A,46,47,49,50,52,50,4A,44,41,41,44,47,48,
46,3E,39,32,32,35,3E,51,6C,84,97,A0,9C,97,9A,98,
95,95,94,93,94,97,99,9B,9B,9A,9A,98,97,97,98,99,
99,99,98,98,98,98,98,98,98,98,98,98,97,96,95,94,
96,96,95,95,94,94,94,94,94,94,94,94,93,93,92,92,
91,90,8F,8D,8C,8B,8B,8A,8B,8A,88,86,84,83,81,81,
82,82,82,8C,9F,AD,B8,C4,D4,DA,D6,D3,D3,D1,D3,D2,
D2,D2,D2,D3,D4,D4,D5,D5,D6,D6,D6,D6,D6,D6,D5,D5,
D6,D6,D6,D5,D4,D3,D2,D2,D0,CF,CF,CE,CD,CD,CD,CD,
CC,CC,CC,CD,CD,CE,CF,CF,D1,D1,D1,D1,D1,D1,D1,D1,
2F,2F,2F,2F,2F,2F,30,30,31,30,31,31,32,32,32,31,
30,33,39,42,4C,54,5A,5C,60,5F,60,64,6D,79,84,8A,
8D,90,93,96,99,9D,A3,A7,AD,B0,B1,B1,B0,B0,B0,AF,
B1,B0,AF,B0,B0,B1,B1,B1,B1,AD,A4,9D,99,90,82,78,
72,66,57,4D,48,42,42,48,54,6B,89,8C,72,62,62,61,
62,65,6C,5F,46,3B,39,3B,3E,49,5E,67,62,58,45,39,
34,2C,2C,2D,29,33,46,4E,42,3C,35,33,33,33,3D,4B,
68,7A,90,8F,7C,75,71,65,58,58,61,6E,78,7E,7D,76,
6B,65,5F,5B,56,52,55,5C,68,77,7D,7E,7E,72,62,5F,
63,65,6A,70,76,7A,7C,7E,83,8A,90,9F,BA,B9,A1,9C,
A3,A8,AE,9C,79,56,3A,2F,2F,34,36,33,31,33,35,36,
34,36,38,39,38,36,33,32,31,32,34,35,35,34,33,32,
35,34,34,33,34,35,36,37,38,38,39,39,39,3B,3D,3F,
40,3F,3E,3C,38,34,32,33,37,3C,41,44,46,48,48,48,
45,44,43,45,47,4B,50,55,5A,60,67,6B,6D,6E,6D,6C,
71,72,74,75,74,75,77,78,7E,80,81,82,81,82,83,85,
86,86,87,88,88,88,88,88,89,89,8A,8B,8A,89,88,87,
84,83,83,83,84,85,85,85,85,86,86,85,84,84,86,87,
8A,8A,89,86,83,82,84,86,87,88,89,8B,8D,90,93,95,
95,95,95,96,97,95,8F,89,88,89,84,75,61,50,44,3F,
39,35,33,2F,28,27,2B,2D,30,30,2D,2D,30,32,33,35,
37,36,34,31,2E,2E,30,32,35,37,36,37,3B,3E,45,4D,
53,53,49,45,47,49,4F,52,4F,4B,46,44,45,47,49,4A,
49,40,39,32,31,34,3D,4F,6A,83,97,A0,9D,98,9B,99,
95,94,93,93,94,97,99,9B,9A,9A,99,98,97,97,99,9A,
99,99,98,98,98,98,98,98,98,98,98,98,97,96,95,94,
96,96,95,95,94,94,94,94,94,94,94,94,93,93,92,91,
90,90,8F,8D,8C,8B,8A,8A,8B,8A,88,86,84,82,81,81,
82,83,82,8C,9F,AD,B8,C5,D4,DA,D6,D4,D3,D2,D4,D2,
D2,D2,D3,D3,D4,D5,D5,D6,D7,D7,D7,D7,D7,D6,D6,D6,
D7,D6,D6,D5,D4,D3,D2,D1,D0,CF,CF,CE,CE,CD,CD,CD,
CD,CD,CE,CE,CF,CF,D0,D1,D1,D1,D1,D1,D2,D2,D2,D2,
31,31,31,31,31,31,31,31,31,31,31,31,31,30,30,30,
2D,34,40,4D,57,5D,5F,60,61,62,65,69,6F,77,7F,85,
88,8A,8E,93,99,9F,A5,A8,AC,AD,AF,B0,B0,AF,AF,B0,
AF,AF,AF,B0,B1,B1,B0,B0,B1,AD,A5,9E,9A,90,81,78,
6F,64,53,4A,48,47,47,4C,58,6B,84,87,74,64,5F,5C,
60,63,62,58,4A,40,3E,41,44,4F,5D,5F,52,44,3B,34,
31,2C,29,28,2D,39,45,49,41,3C,3C,39,35,37,3E,4A,
66,7A,90,95,8B,7E,72,67,62,61,62,6D,80,87,7F,76,
69,63,60,62,64,61,5E,5E,64,6C,77,7D,7D,73,64,58,
59,5E,6D,77,7C,7D,7A,7E,85,8E,99,A8,B7,B9,AB,9F,
A0,A4,B0,9B,6D,4B,35,2F,38,36,32,31,31,32,32,32,
34,35,36,36,36,36,35,34,34,34,34,35,35,35,36,36,
36,35,34,34,34,34,35,35,36,37,38,39,3B,3C,3C,3D,
3D,3D,3B,39,37,36,35,35,36,39,3C,3F,42,44,45,46,
45,43,42,43,47,4D,53,56,58,5B,61,66,6A,6B,6B,6A,
6D,70,73,75,75,75,76,76,7C,7F,82,84,84,84,84,84,
80,82,86,88,89,89,88,88,89,89,89,89,88,87,87,87,
81,82,84,85,86,86,87,88,89,8A,8A,89,88,88,89,8B,
8A,8B,8B,8C,8C,8B,8B,8B,8D,8D,8E,8F,91,93,95,96,
95,95,94,94,94,93,8D,87,84,84,7D,6C,51,43,46,42,
3B,37,32,2F,2C,2B,2C,2D,2D,2C,2C,2C,2E,32,36,38,
37,36,34,33,31,30,30,30,35,34,36,36,37,3E,4A,51,
56,53,4E,4A,49,4A,4C,4D,4C,49,47,48,49,4A,4B,4D,
4E,45,3A,30,31,37,3E,4F,68,81,9A,A3,A2,A0,9E,9C,
97,95,94,95,97,97,98,9A,9B,9A,9A,99,99,99,9A,9A,
9A,9A,99,98,98,99,99,99,99,99,99,99,98,97,97,96,
96,96,96,95,95,95,95,96,95,95,95,94,94,93,93,92,
8F,8E,8E,8D,8C,8B,8A,89,89,88,86,84,83,83,82,81,
81,84,84,8D,A0,AE,BA,C7,D3,D7,D7,D4,D2,D2,D2,D5,
D4,D5,D5,D6,D6,D7,D7,D7,D7,D7,D7,D7,D6,D6,D5,D5,
D7,D6,D5,D4,D3,D2,D1,D1,D1,D1,D1,D1,D1,D0,CF,CE,
CF,D0,D0,D1,D1,D1,D0,CF,D0,D1,D2,D3,D3,D3,D3,D2,
32,32,32,32,32,32,32,32,31,31,31,31,31,31,31,30,
2F,36,43,50,5A,60,62,62,62,63,65,69,6F,77,80,85,
87,8A,8E,93,98,9E,A4,A8,AB,AD,AE,AF,AF,AF,AF,B0,
AF,AF,AF,B0,B1,B1,B0,B0,B0,AD,A5,9E,9A,91,82,78,
70,65,56,4C,48,46,48,4D,58,6A,81,85,75,67,61,5C,
5E,61,60,56,4A,41,40,43,46,50,5C,5B,4C,3E,36,31,
31,2C,29,2A,2F,3B,46,48,40,3B,3B,38,35,37,3D,49,
61,77,90,98,8E,82,77,6C,68,65,64,6F,82,8A,83,7A,
6E,69,66,68,69,65,61,5F,5F,67,72,7B,7C,75,67,5B,
53,59,69,75,7C,7C,78,7A,82,8A,96,A8,BB,C1,B7,AC,
A8,A2,9C,82,5C,41,33,2E,36,34,32,33,34,35,34,33,
34,35,35,36,36,36,35,35,34,35,35,35,35,36,36,36,
35,35,34,34,33,34,34,35,36,36,37,39,3A,3B,3C,3C,
3D,3C,3B,39,38,37,36,36,36,38,3B,3D,3F,41,43,44,
43,42,41,42,46,4B,50,53,54,57,5C,62,66,68,69,68,
6C,6F,72,74,75,75,75,76,7C,7E,81,82,82,81,81,81,
7F,82,85,88,89,88,88,88,89,8A,8A,89,88,87,87,87,
83,84,86,87,88,88,89,89,8C,8C,8D,8C,8B,8B,8D,8F,
8F,90,91,92,92,93,92,92,92,92,92,92,93,94,96,96,
96,95,94,92,93,92,8D,89,84,7F,72,5F,46,3C,42,42,
3C,38,33,30,2D,2B,2C,2E,2E,2D,2C,2D,2F,32,36,38,
37,36,35,34,32,31,31,30,34,34,36,37,37,3F,4C,53,
57,53,4E,4B,4A,4A,4C,4D,4C,49,47,48,4A,4B,4C,4E,
4F,45,39,30,32,37,3E,4F,68,81,9B,A5,A3,A1,9F,9C,
97,95,94,95,97,97,98,9A,9B,9A,9A,99,99,99,9A,9A,
9A,99,99,98,98,98,99,99,99,99,99,98,98,97,96,96,
97,96,96,95,95,95,95,95,95,95,94,94,94,93,92,92,
8F,8E,8D,8D,8C,8B,8A,89,89,87,85,84,83,82,81,81,
81,84,85,8E,A1,AF,BB,C8,D4,D8,D8,D5,D3,D3,D3,D6,
D5,D5,D6,D6,D7,D7,D7,D7,D7,D7,D7,D7,D6,D6,D5,D5,
D6,D6,D5,D4,D3,D2,D1,D1,D1,D1,D2,D2,D1,D0,CF,CF,
CF,D0,D0,D1,D1,D1,D0,CF,D0,D0,D2,D3,D3,D3,D3,D3,
32,32,32,32,32,32,32,32,31,32,32,32,32,32,31,31,
30,38,45,52,5D,63,64,64,63,64,66,6A,70,78,80,85,
87,89,8D,92,98,9E,A3,A7,AB,AC,AE,AF,AF,AF,AF,AF,
AF,AF,AF,B0,B1,B1,B0,B0,B0,AD,A5,9E,9A,91,82,78,
70,67,5B,50,48,44,48,4E,58,67,7C,82,79,6D,64,5C,
5D,5E,5C,55,4A,43,43,46,4C,54,5C,57,47,3B,35,31,
30,2B,29,2B,33,3F,48,48,3F,39,39,36,33,36,3C,48,
57,6F,8C,96,8E,83,78,6F,6E,6A,67,70,83,8C,86,7E,
71,6D,6C,6D,6D,68,61,5D,59,60,6C,77,7C,78,6B,60,
50,55,65,71,78,78,72,73,74,7E,8E,A4,BE,C9,C2,B8,
AF,9C,7C,5F,47,36,32,30,31,31,32,34,36,36,34,33,
35,35,35,35,35,35,36,36,35,36,36,36,36,36,36,37,
35,34,34,33,33,33,34,34,35,35,37,38,39,3B,3B,3C,
3C,3B,3A,39,38,37,37,36,37,38,3A,3B,3C,3D,3F,40,
41,40,3F,40,43,47,4B,4D,4F,52,58,5E,63,66,67,68,
69,6C,70,73,74,74,75,75,7A,7C,7E,7F,7E,7D,7C,7D,
7D,80,84,87,88,89,89,89,8A,8A,8A,8A,89,88,88,88,
87,88,89,8A,8B,8B,8B,8C,8E,8F,90,90,8F,90,92,94,
94,95,96,98,99,9A,9A,9A,9A,99,98,97,96,96,96,96,
97,96,94,91,91,91,8F,8C,86,7A,64,4F,3C,37,40,43,
3D,39,34,31,2E,2C,2D,2F,2E,2E,2D,2E,30,33,36,38,
37,37,36,35,34,33,32,31,34,33,35,36,38,41,4E,55,
58,54,4F,4B,4A,4A,4C,4D,4C,49,48,49,4B,4D,4D,4E,
4D,44,38,2F,32,37,3E,4F,68,82,9D,A7,A6,A3,9F,9C,
97,95,94,95,97,97,98,9A,9B,9A,9A,99,99,99,9A,9A,
99,99,98,98,98,98,98,99,99,99,98,98,98,97,96,96,
97,96,96,95,95,94,94,94,94,94,94,94,93,92,92,91,
8E,8E,8D,8C,8C,8B,8A,89,88,87,85,83,82,82,81,80,
81,84,85,8F,A2,B1,BD,C9,D6,DA,DA,D6,D5,D4,D4,D6,
D5,D5,D6,D6,D7,D7,D7,D7,D7,D7,D7,D7,D7,D6,D5,D5,
D6,D5,D4,D3,D2,D2,D1,D1,D2,D2,D2,D2,D2,D1,D0,D0,
CF,CF,D0,D1,D1,D1,D0,CF,D0,D1,D2,D4,D4,D4,D4,D3,
32,32,32,32,32,32,32,32,32,32,32,32,32,32,32,31,
2F,37,45,53,5E,64,65,65,64,64,66,6A,70,79,80,85,
87,89,8D,92,97,9E,A3,A7,AA,AC,AD,AE,AF,AF,AF,AF,
AF,AF,AF,B0,B1,B1,B0,B0,B0,AD,A5,9E,9B,91,83,79,
70,69,60,55,49,43,48,4E,57,64,76,80,7D,74,67,5D,
5C,5C,59,53,4A,45,46,49,50,57,5C,55,44,3A,36,34,
2F,2A,29,2E,37,43,4A,49,3E,38,36,33,31,35,3C,48,
52,6A,87,91,89,7E,77,70,6F,6C,6A,71,80,88,83,7D,
75,71,70,71,6F,68,5F,59,55,5B,66,72,7B,7A,70,66,
57,58,63,6B,71,71,6C,6D,6D,7A,8C,A6,C1,CC,C2,B6,
AA,8E,5F,44,39,31,34,33,2E,32,36,39,38,37,35,35,
35,35,35,35,35,35,36,36,36,36,37,37,37,37,37,37,
34,34,33,33,33,33,33,33,34,34,36,37,38,3A,3A,3B,
3A,3A,3A,39,38,38,38,37,37,38,38,39,39,3A,3B,3C,
3F,3E,3E,3E,40,43,45,47,49,4D,53,5A,60,63,65,65,
64,68,6D,71,72,73,74,74,78,79,7B,7C,7B,7A,7A,7A,
7C,7F,83,86,88,89,89,89,8B,8C,8C,8B,8A,89,8A,8A,
89,8A,8C,8D,8D,8D,8D,8D,90,91,92,92,92,93,96,98,
97,99,9B,9D,9F,A0,A1,A1,A0,9F,9D,9B,99,97,97,96,
99,97,94,91,91,92,91,8F,88,75,55,3F,34,35,3F,41,
3D,39,34,31,2E,2D,2D,2F,2F,2F,2F,30,32,34,37,38,
37,37,37,36,36,34,33,31,35,34,35,36,38,42,4F,57,
5A,56,50,4C,4A,4A,4B,4C,4B,49,48,49,4C,4E,4E,4E,
4A,40,36,2F,33,37,3E,4F,68,83,9E,A9,A8,A4,9F,9B,
98,96,95,96,97,98,99,9A,9B,9B,9A,99,99,9A,9A,9A,
99,99,98,98,98,98,98,98,98,98,98,98,97,97,96,96,
97,97,96,95,94,94,94,94,94,94,94,93,93,92,91,91,
8E,8D,8C,8C,8C,8B,8A,89,87,86,84,83,82,81,81,80,
80,84,86,90,A3,B2,BE,CA,D6,DB,DB,D7,D6,D4,D4,D7,
D5,D5,D6,D6,D7,D7,D7,D7,D7,D7,D7,D7,D7,D6,D6,D5,
D5,D5,D4,D3,D2,D2,D2,D1,D2,D2,D2,D2,D2,D1,D1,D0,
CF,CF,D0,D1,D1,D1,D0,CF,D0,D0,D1,D2,D2,D2,D1,D0,
31,31,32,32,32,32,32,32,31,32,32,32,32,32,32,32,
2E,37,45,53,5E,64,65,65,65,65,66,6A,70,79,81,85,
87,89,8D,92,98,9E,A3,A7,AA,AC,AD,AE,AE,AE,AE,AE,
AF,AF,AF,B0,B1,B1,B0,B0,B0,AD,A5,9E,9B,92,83,7A,
70,69,63,59,49,43,48,4D,55,61,70,7C,80,79,69,5E,
5D,5A,56,51,4A,46,48,4C,53,58,5A,50,3F,37,35,33,
2D,29,29,30,3A,47,4D,4B,3E,36,34,30,30,35,3D,4A,
55,6B,85,8D,82,77,72,6F,6D,6E,6E,72,7B,7F,7C,79,
77,75,73,73,71,69,5F,58,52,57,60,6D,77,7A,74,6C,
63,5F,63,66,69,6A,68,6B,72,81,94,AB,C2,C6,B5,A3,
93,76,49,36,34,32,37,35,30,37,3D,3E,3A,37,37,39,
36,36,35,35,35,35,36,37,37,37,37,37,37,37,37,37,
34,34,33,33,33,32,32,32,33,34,35,36,37,38,39,39,
39,39,39,39,39,39,38,38,38,38,38,38,37,38,39,3A,
3E,3D,3D,3D,3D,3F,41,42,42,46,4D,54,5A,5D,5F,60,
60,65,6B,6F,72,73,73,74,76,78,7A,7A,7A,7A,7A,7B,
7B,7E,82,86,88,89,8A,8A,8D,8D,8D,8C,8B,8B,8B,8C,
8B,8C,8E,8E,8E,8E,8E,8E,90,91,92,93,93,95,97,9A,
9D,9E,A0,A3,A5,A6,A7,A7,A4,A3,A0,9D,9A,98,97,96,
99,98,94,92,92,93,93,91,89,6E,44,2E,2C,32,3D,40,
3C,39,34,31,2F,2D,2E,2F,30,30,30,31,33,35,37,39,
37,37,36,37,36,35,33,32,35,34,35,36,37,42,50,59,
5B,57,52,4D,4A,4A,4B,4C,4A,48,48,49,4C,4E,4E,4D,
44,3C,35,30,33,37,3C,4E,68,83,9F,AA,A9,A5,9F,9A,
98,96,95,96,98,98,99,9B,9B,9B,9A,9A,9A,9A,9A,9B,
99,98,98,98,98,98,98,98,98,98,98,98,97,97,96,96,
97,97,96,95,94,94,94,93,94,94,93,93,92,91,90,90,
8D,8C,8C,8B,8B,8B,89,88,87,85,83,82,82,81,80,80,
80,83,86,91,A4,B3,BF,CB,D6,DB,DB,D7,D6,D4,D4,D6,
D5,D5,D6,D6,D7,D7,D7,D6,D6,D6,D7,D7,D6,D6,D5,D5,
D5,D4,D3,D3,D2,D2,D2,D2,D2,D2,D2,D2,D2,D2,D1,D1,
D0,D1,D1,D2,D2,D1,D0,D0,CE,CE,CF,CF,CF,CE,CC,CC,
31,31,31,31,31,31,32,32,31,31,32,32,32,32,32,31,
2F,37,45,54,5F,64,66,66,64,64,65,69,70,79,81,85,
87,89,8D,92,98,9E,A4,A7,AA,AC,AD,AE,AE,AE,AE,AE,
AF,AF,AF,B0,B1,B1,B0,B0,B1,AE,A6,9F,9C,93,84,7B,
71,69,64,5A,49,42,48,4B,53,5D,69,75,7E,79,6A,5F,
5E,59,53,4F,4A,47,4A,4E,58,5A,59,4C,3B,35,34,31,
2D,29,2A,32,3C,49,4E,4B,3E,35,32,2F,30,37,3F,4C,
57,6C,83,88,79,6D,69,69,6D,71,72,74,79,7B,7A,7A,
78,76,73,73,70,6A,60,59,51,55,5C,67,72,79,77,72,
6A,64,64,63,64,66,65,69,72,80,92,A5,B5,B3,9D,88,
73,5A,3D,32,32,33,35,34,33,39,3F,3E,38,34,36,39,
37,36,36,35,35,36,36,36,37,37,37,37,37,36,36,36,
34,34,33,33,33,32,32,32,33,33,34,35,36,37,37,37,
38,39,39,39,39,39,39,39,38,38,38,38,37,38,39,3A,
3D,3D,3C,3B,3B,3C,3D,3E,3F,42,47,4D,52,56,58,59,
5C,61,68,6E,70,72,72,73,74,76,78,79,79,7A,7B,7D,
79,7D,81,85,88,89,8A,8A,8D,8D,8D,8C,8B,8B,8C,8D,
8C,8D,8F,90,8F,8F,8F,8E,91,92,93,93,94,96,98,9B,
A0,A1,A3,A5,A7,A7,A8,A7,A5,A4,A1,9E,9C,9A,99,98,
9A,98,95,93,94,94,92,8F,87,67,38,22,26,31,3D,41,
3B,38,34,31,2F,2D,2E,30,31,31,32,33,35,36,38,39,
37,36,36,36,36,35,33,32,35,34,34,35,37,42,51,5A,
5D,59,53,4E,4B,4A,4A,4B,49,48,48,49,4C,4F,4E,4B,
40,3A,36,33,35,36,3B,4C,68,83,A0,AB,AA,A5,9F,9A,
98,96,95,96,98,98,9A,9B,9B,9B,9A,9A,9A,9A,9A,9B,
98,98,98,98,98,98,98,98,99,99,98,98,98,97,96,96,
97,97,96,95,95,94,94,94,93,93,93,92,92,91,90,8F,
8D,8C,8C,8B,8B,8A,89,88,86,85,83,82,81,81,80,80,
80,84,87,92,A5,B4,BF,CB,D6,DB,DA,D7,D5,D3,D3,D5,
D5,D5,D6,D6,D6,D6,D6,D6,D6,D6,D6,D6,D6,D6,D5,D5,
D4,D4,D3,D2,D2,D2,D2,D2,D2,D2,D2,D2,D2,D2,D2,D1,
D1,D1,D2,D2,D2,D1,D0,D0,CE,CE,CF,CF,CE,CD,CB,CB,
30,30,30,30,31,31,31,31,30,31,31,31,31,31,31,31,
30,38,45,53,5E,64,66,66,64,63,64,68,70,79,81,85,
87,89,8D,92,98,9E,A4,A7,AB,AC,AE,AE,AE,AE,AD,AE,
AF,AF,AF,B0,B1,B1,B0,B0,B1,AE,A6,A0,9D,94,85,7C,
73,69,63,59,47,42,49,4B,51,5A,62,6E,79,77,69,61,
5D,56,50,4C,49,48,4B,4F,5E,5D,57,48,38,34,35,32,
2E,2B,2C,33,3D,49,4E,4B,3C,34,32,30,32,39,41,4E,
56,6A,81,83,72,63,5F,5E,66,6C,6F,71,76,79,7B,7D,
78,76,73,72,71,6C,64,5E,56,58,5C,64,6E,76,78,76,
6C,66,66,64,63,63,61,65,6B,78,86,94,9F,9B,84,6F,
56,42,38,33,30,32,31,31,35,38,3B,39,34,31,33,37,
37,37,37,36,36,36,36,36,37,37,37,37,36,36,36,36,
34,34,34,33,33,32,32,32,32,33,34,35,35,36,36,36,
38,38,39,39,39,39,39,39,38,39,39,39,39,39,39,3A,
3D,3D,3C,3B,3A,3A,3B,3D,3F,40,42,46,4A,4E,51,53,
57,5C,64,6A,6D,6F,6F,70,71,73,75,77,77,78,7A,7C,
78,7B,80,84,87,88,89,89,8D,8D,8D,8C,8B,8B,8C,8D,
8D,8E,90,91,91,90,90,90,93,94,95,95,96,97,9A,9C,
A0,A1,A3,A5,A6,A6,A5,A5,A5,A4,A2,9F,9D,9C,9B,9A,
9B,98,94,93,94,94,8F,8A,7F,61,33,1F,27,32,3D,42,
3B,38,34,32,30,2E,2F,31,32,32,33,34,36,37,38,39,
37,35,34,35,35,35,33,31,34,32,33,34,36,42,52,5C,
5E,5A,54,4E,4B,4A,4A,4B,49,49,48,49,4C,4F,4E,4B,
3E,3A,38,37,38,36,39,4B,69,84,A1,AC,AB,A6,A0,9A,
98,96,95,96,97,98,99,9B,9B,9A,9A,99,99,99,9A,9A,
99,98,98,98,98,98,98,98,99,99,99,98,98,97,96,96,
97,97,96,95,95,94,94,94,93,93,93,92,91,90,8F,8F,
8D,8C,8B,8B,8A,8A,88,87,86,85,83,82,81,81,80,80,
80,84,88,93,A7,B5,C0,CB,D6,DB,DA,D7,D5,D3,D2,D4,
D5,D5,D5,D6,D6,D6,D6,D5,D5,D5,D5,D6,D5,D5,D5,D5,
D4,D3,D3,D2,D2,D2,D2,D2,D2,D2,D2,D2,D2,D2,D2,D2,
D0,D0,D1,D1,D0,CF,CE,CD,CE,CE,CE,CF,CE,CD,CC,CB,
2F,2F,2F,30,30,30,31,31,30,30,30,31,31,31,31,31,
2F,38,45,53,5D,64,66,66,64,63,64,68,6F,79,81,85,
87,89,8D,92,98,9E,A3,A7,AC,AD,AE,AF,AE,AE,AD,AD,
AF,AF,AF,B0,B1,B1,B0,B0,B1,AE,A6,A0,9D,94,86,7C,
76,69,62,57,45,41,49,4C,4F,58,5E,68,75,74,68,62,
5C,55,4E,4B,49,48,4B,50,5F,5D,54,44,36,33,36,34,
2F,2C,2D,34,3D,48,4D,4A,3A,33,32,32,34,3B,42,4E,
54,69,80,82,6F,5E,59,58,5C,62,66,6A,71,77,7B,7F,
7A,78,75,74,73,70,6A,64,5D,5D,5E,63,6C,74,77,76,
6C,67,68,65,63,61,5D,61,6B,76,80,88,90,8B,75,61,
46,35,38,35,2F,30,2E,2F,37,39,39,36,32,30,33,35,
38,38,37,37,37,36,36,36,37,37,37,36,36,36,35,35,
34,34,34,33,33,33,32,32,32,33,33,34,35,35,35,35,
38,38,39,39,39,39,39,39,38,39,3A,3A,3A,3A,3A,3B,
3E,3D,3C,3B,39,39,3B,3C,3E,3E,3E,3F,41,46,4A,4D,
52,58,60,66,6A,6B,6C,6D,6E,70,72,74,74,76,78,79,
77,7A,7F,83,86,87,88,89,8D,8D,8C,8B,8A,8A,8B,8C,
8D,8F,91,92,92,91,91,91,94,96,97,97,97,99,9C,9E,
A2,A3,A4,A5,A6,A5,A4,A4,A4,A3,A2,A0,9E,9D,9D,9C,
9B,98,94,93,95,93,8D,86,75,5B,31,20,29,33,3C,41,
3B,38,34,32,30,2F,2F,31,32,33,34,35,36,38,39,39,
36,35,34,34,35,34,33,31,33,31,32,33,36,42,53,5D,
5F,5A,54,4E,4B,4A,4A,4A,49,49,48,49,4D,50,4E,4A,
3D,3B,3B,3A,3A,36,39,4A,69,84,A1,AD,AB,A6,A0,9B,
97,95,94,96,97,97,99,9A,9A,9A,99,99,99,99,99,9A,
99,99,99,99,98,98,98,98,99,99,99,99,98,97,97,96,
97,97,96,96,95,95,95,95,93,93,92,92,91,90,8F,8E,
8D,8C,8B,8B,8A,89,88,87,86,85,83,82,81,81,80,80,
81,85,89,94,A8,B6,C1,CC,D6,DB,DA,D7,D5,D3,D2,D4,
D5,D5,D5,D5,D6,D5,D5,D5,D5,D5,D5,D5,D5,D5,D5,D4,
D3,D3,D2,D2,D2,D2,D2,D2,D2,D2,D2,D2,D2,D2,D2,D2,
CE,CE,CE,CE,CE,CC,CB,CA,CB,CB,CC,CD,CC,CC,CB,CA,
2E,2E,2E,2F,2F,2F,2F,2F,2F,30,30,30,2F,30,31,31,
31,38,45,52,5C,62,64,65,64,64,65,69,70,79,81,86,
87,8A,8D,92,98,9F,A5,A9,AB,AD,AE,AF,AE,AE,AD,AE,
AF,AF,AF,B0,B1,B1,B0,AF,B0,AD,A6,A0,9E,95,86,7C,
75,6C,5C,4E,48,45,46,4B,4F,54,5B,64,6C,6E,65,5B,
58,4F,4C,48,46,47,49,51,60,60,53,43,35,32,38,38,
31,31,2E,33,3C,43,4A,49,39,33,33,32,35,3C,43,4D,
54,68,83,86,76,67,59,53,51,53,56,5B,64,71,7B,81,
7F,7E,7A,76,74,73,72,6F,69,67,64,64,6B,73,78,78,
6D,6C,68,65,62,5B,58,5D,6C,76,82,8A,8C,84,74,64,
49,3E,35,31,2C,2B,30,34,37,35,33,32,33,34,35,35,
38,39,39,38,37,37,37,37,37,36,35,35,35,35,34,33,
34,34,34,33,33,33,33,32,33,34,34,34,34,34,35,36,
37,38,38,38,38,38,39,3A,3A,3A,3A,3A,3B,3C,3D,3E,
40,3F,3C,3A,39,3A,3E,41,40,3E,3B,39,3A,3C,41,45,
4B,51,59,60,65,67,69,69,6D,6E,6F,70,70,71,73,75,
76,7A,7F,83,85,86,87,88,8B,8C,8C,8B,8A,8A,8B,8C,
8F,91,94,95,95,95,95,96,9A,9A,9B,9A,9A,9B,9E,A0,
A2,A3,A3,A3,A4,A4,A4,A4,A4,A3,A2,A2,A2,A2,A1,A0,
9D,9A,96,94,96,93,87,7A,69,4D,34,28,2D,36,39,3E,
39,37,35,32,31,30,30,30,32,33,34,36,37,39,39,3A,
37,36,35,34,34,34,33,32,32,31,32,34,37,44,54,5E,
61,5C,54,4E,4A,49,49,49,49,47,49,4A,4B,4E,4F,4A,
3F,39,41,3F,3B,39,3A,48,68,86,A0,AD,AB,A6,A3,9B,
97,95,94,95,96,97,98,99,9A,99,99,98,98,98,99,99,
9A,99,99,99,99,99,9A,9A,99,99,99,99,98,97,96,96,
98,97,97,96,95,94,94,94,93,92,92,91,91,90,8F,8E,
8D,8D,8D,8C,8A,89,88,87,85,84,84,82,81,80,80,80,
81,84,89,95,A7,B6,C3,CD,D7,DB,DB,D8,D7,D5,D3,D4,
D5,D5,D5,D5,D5,D5,D5,D6,D5,D5,D5,D5,D5,D5,D5,D5,
D3,D3,D2,D2,D3,D3,D2,D1,D2,D1,D1,D1,D2,D2,D1,D0,
CE,CD,CC,CC,CB,CA,C9,C8,C6,C8,C9,C9,C7,C5,C3,C3,
2E,2E,2E,2F,2F,2F,2F,2F,2F,2F,2F,2F,2F,2F,30,31,
31,39,45,51,5A,60,63,64,64,64,66,6A,71,7A,82,87,
87,8A,8E,92,98,9F,A5,A9,AC,AD,AE,AF,AE,AE,AD,AD,
AF,AF,AF,B0,B1,B0,B0,AF,B0,AD,A6,A0,9D,95,86,7D,
76,6B,5A,4D,49,47,48,4C,4E,55,5D,64,69,69,62,59,
53,4A,47,43,41,43,46,50,60,60,53,43,36,32,38,37,
34,34,30,34,3C,42,47,45,38,32,32,31,33,3A,40,4A,
53,68,86,8B,7C,6B,59,50,49,48,49,4D,58,66,74,7E,
7F,7E,7C,79,78,78,77,76,6F,6D,69,68,6D,75,79,7A,
71,72,71,70,6B,60,58,58,66,6C,73,77,78,74,6A,60,
4D,41,38,33,2E,2D,31,35,36,35,33,32,34,35,35,35,
37,38,38,38,37,36,36,37,36,35,34,34,34,34,34,33,
34,34,34,34,33,33,33,33,33,34,34,34,34,34,35,36,
37,38,39,38,38,38,38,39,39,39,39,39,3A,3B,3C,3D,
40,3F,3D,3A,39,3A,3E,41,43,40,3C,38,36,38,3B,3E,
43,49,53,5B,61,65,67,68,69,6B,6C,6D,6D,6F,72,74,
76,7A,7F,83,85,86,87,88,8B,8C,8D,8D,8C,8C,8D,8E,
90,92,95,97,97,98,99,9A,9D,9D,9D,9D,9C,9D,9F,A1,
A2,A3,A3,A4,A4,A5,A5,A6,A7,A6,A6,A5,A5,A4,A3,A2,
9B,98,94,93,94,8F,80,72,5F,49,37,2D,30,36,38,3D,
38,37,35,33,31,31,31,31,32,33,34,36,38,39,39,3A,
37,36,35,35,34,34,33,33,33,32,33,34,38,44,55,5F,
61,5C,55,4E,4A,49,49,49,49,47,49,4A,4C,4F,4F,4A,
40,3C,44,42,3D,3A,3A,48,68,86,9F,AC,AB,A6,A3,9B,
97,95,94,95,97,97,98,9A,9B,9B,9A,99,99,99,9A,9A,
9A,9A,99,99,99,99,99,99,99,99,99,99,98,97,96,96,
98,97,97,96,95,94,94,93,93,92,92,91,90,8F,8E,8E,
8D,8D,8C,8B,8A,89,88,87,85,84,83,82,81,80,80,7F,
7F,83,88,95,A7,B6,C2,CB,D6,DA,DA,D8,D7,D5,D3,D5,
D5,D5,D5,D4,D4,D5,D5,D5,D5,D5,D5,D5,D5,D5,D5,D5,
D3,D3,D3,D3,D3,D3,D3,D2,D1,D0,D0,D0,D0,D0,D0,CF,
CE,CD,CD,CC,CB,CA,C8,C7,C4,C5,C6,C5,C3,C2,C1,C0,
2E,2E,2E,2E,2F,2F,2F,2F,2E,2E,2F,2F,2E,2E,2F,30,
32,39,44,4F,58,5E,61,62,64,65,67,6B,72,7B,83,88,
87,8A,8E,93,99,9F,A5,A9,AD,AE,AF,AF,AE,AD,AD,AD,
AF,AF,AF,AF,B0,B0,AF,AF,B0,AD,A5,9F,9D,95,87,7D,
77,6A,57,4B,49,49,49,4C,4E,55,5E,63,65,63,5C,55,
4B,43,40,3C,3B,3D,42,4D,60,61,54,45,38,34,39,3A,
38,38,33,36,3B,3F,43,40,36,31,32,30,31,37,3C,46,
50,67,87,90,84,71,5A,4D,42,3D,3A,3F,4A,59,6A,77,
7E,7E,7D,7B,7B,7C,7D,7B,77,74,70,6D,70,75,7A,7C,
77,7B,7E,7E,79,6A,5B,56,59,5A,5B,5A,5C,5D,5B,57,
51,45,3D,38,33,32,34,37,37,36,35,35,35,37,37,38,
38,38,39,38,37,37,36,36,36,35,34,33,33,34,33,33,
34,34,34,34,34,34,34,34,33,34,34,34,34,34,35,36,
38,39,39,39,38,37,38,38,38,38,38,39,39,3A,3B,3C,
3F,3F,3D,3A,39,3B,3F,42,45,42,3D,38,34,34,36,38,
3B,41,4B,55,5C,60,63,65,67,69,6B,6C,6D,6F,72,75,
78,7B,80,83,85,86,87,88,8B,8C,8D,8D,8D,8D,8F,90,
90,93,96,98,99,9A,9C,9D,A0,A0,A0,9F,9E,9E,A1,A3,
A3,A3,A3,A4,A5,A6,A7,A8,AA,A9,A9,A8,A8,A6,A4,A3,
9B,98,95,94,95,8D,7A,68,52,43,39,34,34,36,35,3A,
37,36,35,34,33,32,32,32,33,33,35,36,38,39,3A,3A,
38,37,36,35,35,34,34,33,35,33,34,35,39,46,57,61,
62,5D,55,4E,4A,49,49,49,49,47,49,4A,4C,4F,4F,4B,
40,3E,49,47,3F,3A,39,48,68,86,9F,AB,A9,A5,A3,9B,
98,96,95,96,97,98,99,9B,9C,9C,9B,9A,9A,9A,9A,9A,
9A,9A,99,99,99,99,99,99,99,99,99,98,98,97,96,96,
97,97,96,95,95,94,93,93,92,92,92,91,90,8F,8E,8D,
8D,8C,8C,8B,89,88,87,86,84,83,82,81,80,80,7F,7F,
7E,81,87,94,A7,B6,C0,C8,D5,D9,DA,D7,D6,D5,D4,D5,
D5,D5,D4,D4,D4,D4,D4,D4,D4,D4,D4,D4,D4,D4,D4,D4,
D3,D3,D3,D3,D3,D3,D2,D2,D1,D0,CF,CF,CF,D0,D0,CF,
CF,CF,CF,CF,CD,CC,CA,C9,C9,C9,C8,C6,C4,C1,C0,BF,
2E,2E,2E,2E,2E,2E,2E,2E,2D,2E,2E,2E,2E,2E,2F,30,
34,3A,44,4D,55,5B,5F,61,64,66,68,6D,74,7C,83,88,
87,8A,8E,93,99,A0,A6,A9,AD,AE,AF,AF,AF,AD,AD,AD,
AF,AE,AE,AF,B0,B0,AF,AE,B0,AD,A5,9F,9C,94,87,7E,
78,69,55,49,49,4A,49,4B,4E,56,5F,64,65,61,58,4F,
43,3C,3B,38,36,39,3E,49,5D,60,56,47,39,33,3A,3D,
3D,3C,35,36,3A,3C,41,3E,35,30,31,2F,2F,33,37,40,
4C,62,83,8F,85,73,5B,4B,42,3A,35,3A,44,51,62,6F,
7A,7B,7C,7C,7C,7D,7E,7D,7C,7A,75,72,72,76,7A,7D,
7C,81,84,85,80,71,60,57,55,54,51,4E,4E,50,50,4E,
4D,44,3F,3D,38,36,36,36,37,37,37,36,35,35,37,39,
38,38,39,39,39,38,37,37,36,35,33,33,33,34,34,34,
34,34,34,33,33,34,34,34,33,34,34,34,33,34,35,35,
39,39,39,39,38,38,38,38,38,38,38,38,39,39,3A,3A,
3E,3E,3D,3B,3A,3B,3E,42,45,44,3F,39,35,34,36,37,
37,3C,46,4F,56,5A,5D,60,65,67,6A,6C,6E,70,73,75,
77,7A,7F,82,84,85,86,87,8A,8B,8C,8C,8C,8D,8F,90,
8F,92,95,98,99,9B,9D,9E,A1,A1,A1,9F,9E,9E,A0,A2,
A4,A4,A4,A5,A6,A7,A9,AA,AA,A9,A9,A8,A7,A5,A3,A1,
9B,98,94,94,94,8B,75,61,48,3D,39,38,38,38,34,36,
36,36,36,35,35,34,34,34,33,34,35,36,38,39,3A,3B,
3A,38,36,35,35,34,34,33,36,34,34,35,39,46,58,62,
62,5D,56,4F,4B,49,49,49,49,47,48,4A,4B,4E,4E,4A,
41,41,4D,4B,41,3B,39,48,69,86,9E,A9,A8,A4,A2,9C,
99,97,96,97,98,99,9A,9C,9C,9C,9B,9A,9A,9A,9A,9A,
9A,99,99,98,98,98,98,98,99,99,99,98,97,97,96,95,
96,96,95,95,94,93,93,92,92,92,91,91,8F,8E,8D,8D,
8C,8B,8B,8A,88,87,86,85,83,82,81,80,7F,7F,7F,7F,
7E,80,86,93,A6,B5,BF,C7,D3,D8,D8,D6,D6,D5,D4,D5,
D5,D5,D4,D4,D3,D3,D3,D3,D4,D4,D4,D4,D4,D4,D4,D4,
D2,D2,D2,D3,D3,D3,D2,D1,D1,D0,CE,CD,CE,CE,CE,CE,
CD,CE,CE,CD,CC,CB,CA,CA,C8,C7,C5,C3,C0,BD,BA,B8,
2E,2E,2E,2E,2E,2E,2E,2E,2D,2D,2E,2E,2D,2E,2E,2F,
35,3A,43,4B,52,57,5C,5F,64,66,69,6E,75,7C,84,88,
88,8A,8F,94,9A,A0,A6,AA,AE,AF,B0,B0,AF,AE,AD,AD,
AF,AE,AE,AF,AF,B0,AF,AE,B0,AD,A5,9E,9C,94,86,7D,
78,69,54,49,49,4A,48,49,4F,57,61,67,68,62,54,47,
3D,37,38,35,34,36,3B,46,5B,60,59,4A,39,31,39,3E,
41,3F,37,36,38,3B,40,3D,34,30,31,2F,2E,30,32,3B,
46,5B,7C,88,81,71,59,49,44,3D,39,3E,47,51,5E,68,
71,75,78,7A,7B,7D,7E,7E,7F,7D,7B,78,76,77,7A,7D,
80,84,86,84,80,74,63,59,5E,5C,58,55,53,51,4D,4A,
43,3E,3D,3D,3A,36,35,33,35,37,38,36,32,31,34,37,
37,37,38,39,39,39,38,37,36,35,34,33,34,35,36,36,
34,33,33,33,33,33,34,34,33,33,34,34,33,34,34,35,
39,39,3A,39,39,38,38,39,38,38,38,38,38,39,39,39,
3C,3D,3D,3C,3A,3A,3D,40,45,45,43,3D,38,37,36,35,
34,38,41,4A,4F,52,55,58,5D,60,64,67,6B,6E,72,75,
73,76,7B,7E,80,81,82,83,88,89,8A,8B,8B,8C,8D,8F,
8F,91,95,97,99,9A,9C,9D,A1,A1,A1,9F,9E,9E,A0,A2,
A5,A5,A5,A5,A6,A7,A8,A9,A8,A8,A7,A6,A5,A2,9F,9D,
99,95,91,91,91,87,71,5C,45,3A,38,38,3B,3A,33,33,
36,36,36,37,36,36,35,35,34,34,35,37,38,3A,3B,3B,
3A,39,36,35,34,34,34,33,36,34,34,35,39,46,58,63,
63,5E,56,4F,4B,4A,4A,4A,49,47,48,4A,4B,4E,4E,4A,
41,42,50,4E,42,3B,39,49,6B,87,9E,A8,A6,A2,A2,9C,
99,97,96,96,98,99,9A,9C,9C,9B,9A,9A,99,99,99,9A,
99,99,98,98,97,97,97,98,98,98,98,98,97,96,95,95,
95,95,95,94,93,92,92,91,91,91,91,90,8F,8E,8D,8C,
8B,8B,8A,89,87,86,85,84,82,81,80,7F,7F,7E,7F,7F,
7F,82,87,94,A7,B5,C0,C8,D2,D7,D8,D6,D5,D4,D3,D5,
D5,D5,D4,D3,D3,D3,D3,D3,D3,D3,D3,D3,D4,D4,D4,D4,
D3,D3,D3,D3,D4,D3,D2,D1,D0,CE,CD,CC,CB,CC,CC,CB,
C9,C9,C8,C7,C7,C6,C5,C4,C2,C0,BD,BA,B7,B4,AF,AD,
2E,2E,2E,2E,2E,2E,2E,2E,2D,2E,2E,2E,2D,2E,2F,2F,
35,3A,41,48,4E,54,5A,5D,63,66,6A,6F,75,7D,84,88,
88,8A,8F,94,9B,A1,A7,AA,AE,AF,B0,B0,AF,AE,AD,AD,
AE,AE,AE,AE,AF,AF,AF,AE,B0,AC,A4,9E,9C,93,85,7C,
75,67,54,4A,4A,49,47,47,4E,56,60,68,6A,62,50,41,
38,34,36,34,33,35,3A,46,5E,64,5E,50,3D,33,39,3E,
42,41,39,37,39,3B,3F,3D,34,30,32,2F,2D,2D,2F,36,
42,56,75,82,7C,6E,58,49,47,42,3F,43,4B,54,5C,63,
66,6C,72,77,7A,7D,7E,7F,7F,80,80,7E,7B,78,7A,7D,
86,89,89,86,83,79,6A,5F,5E,5B,59,57,56,52,4C,48,
3D,3B,3C,3D,39,36,35,33,36,38,38,36,33,32,33,36,
35,35,37,38,3A,3A,38,37,36,35,34,34,35,36,37,38,
34,34,33,33,33,33,33,34,33,33,34,34,33,33,34,35,
38,39,39,39,39,38,39,3A,39,39,39,39,39,39,39,39,
3A,3C,3D,3C,3A,3A,3C,3E,44,47,46,41,3C,39,37,34,
32,35,3C,44,47,48,4A,4D,50,54,5A,60,65,6A,6F,72,
6E,72,76,79,7B,7C,7E,7F,83,85,86,87,88,89,8B,8D,
8E,91,94,97,98,99,9B,9C,A0,A0,A0,9F,9E,9E,A0,A2,
A5,A5,A5,A5,A5,A5,A5,A6,A5,A4,A3,A2,A0,9E,9B,99,
96,93,90,8F,8F,86,6F,5B,45,39,36,38,3C,3B,33,32,
35,36,37,38,38,37,36,36,34,35,36,37,38,3A,3B,3C,
3B,39,36,34,33,33,33,33,35,33,34,36,3A,47,58,62,
64,5F,57,50,4C,4B,4B,4B,4A,48,49,4B,4B,4E,4E,4A,
41,43,50,4E,43,3B,3A,4A,6C,87,9D,A7,A4,A1,A1,9B,
97,95,93,94,95,96,97,99,9A,99,99,98,98,98,98,98,
98,98,97,97,97,97,97,97,98,98,97,97,96,95,95,94,
94,94,93,93,92,91,90,90,90,90,90,8F,8F,8E,8D,8C,
8A,8A,89,88,86,85,84,83,81,80,7F,7E,7E,7E,7E,7F,
81,85,8B,98,A9,B7,C1,CA,D3,D7,D8,D6,D5,D4,D3,D4,
D5,D5,D4,D3,D3,D3,D3,D3,D3,D3,D3,D3,D4,D4,D4,D4,
D4,D4,D4,D4,D5,D4,D3,D2,D0,CE,CD,CC,CB,CB,CA,CA,
C8,C6,C4,C3,C2,C0,BC,B9,B6,B2,AC,A5,9F,99,92,8E,
30,2F,2F,2F,2F,2F,2F,2F,2E,2E,2E,2E,2E,2E,2F,30,
34,39,3F,45,4B,51,57,5C,62,65,6A,70,76,7C,83,88,
88,8A,8F,95,9B,A1,A7,AB,AE,AF,B0,B0,AF,AE,AE,AE,
AE,AE,AE,AE,AF,AF,AF,AE,AF,AC,A4,9E,9B,93,84,7A,
72,66,55,4C,4B,4A,47,48,4E,57,63,6B,6C,63,50,40,
38,34,36,35,34,37,3E,4A,60,65,60,53,42,37,3C,3F,
42,42,3B,39,3A,3B,3F,3C,34,31,33,30,2C,2C,2C,33,
3E,53,73,82,7E,72,5C,4D,4B,47,44,46,4D,55,5B,5D,
5D,64,6D,73,77,7A,7C,7D,7E,80,83,83,7E,78,78,7A,
89,8D,8E,8C,8B,83,73,68,5D,59,55,54,54,51,4C,47,
3E,3C,3D,3C,36,34,36,36,3A,39,37,37,36,36,36,36,
34,35,37,39,3B,3B,3A,39,36,35,34,34,35,37,39,3A,
35,34,33,33,33,33,33,34,33,33,34,33,33,33,34,35,
37,37,38,38,38,38,39,3A,3A,3A,3A,39,39,39,39,39,
38,3B,3D,3D,3A,39,3A,3B,42,47,49,46,41,3D,39,35,
33,34,39,3F,40,3E,3E,41,45,49,4F,56,5C,62,67,6A,
68,6B,6F,73,75,76,78,79,7C,7E,80,82,83,85,88,8A,
8D,8F,93,95,96,98,99,9B,9E,9E,9E,9D,9C,9D,9F,A1,
A5,A5,A5,A4,A4,A3,A2,A1,A1,A0,9E,9D,9B,98,96,94,
94,91,8F,8E,8E,84,6E,5A,45,39,35,37,3C,3C,35,34,
35,36,38,39,39,38,37,36,35,35,36,37,39,3A,3C,3C,
3B,38,36,33,33,32,32,32,35,33,35,36,3A,47,58,62,
64,5F,58,51,4D,4C,4C,4C,4C,4A,4B,4C,4C,4F,4E,4A,
42,43,50,4E,43,3C,3B,4C,6D,88,9D,A5,A3,9F,9F,9A,
95,92,90,91,91,92,94,95,96,95,95,94,94,94,95,95,
97,97,96,96,96,96,96,97,97,97,97,96,96,95,94,94,
93,93,92,92,91,90,90,8F,8F,8F,8F,8F,8E,8D,8D,8C,
8A,89,89,87,86,84,83,82,80,7F,7E,7D,7D,7D,7E,7E,
83,89,91,9E,AE,BA,C3,CC,D4,D8,D9,D6,D6,D4,D3,D4,
D5,D4,D4,D3,D3,D3,D3,D3,D3,D3,D3,D3,D4,D4,D4,D4,
D3,D3,D4,D4,D5,D4,D3,D2,CF,CE,CC,CB,CA,C9,C8,C7,
C4,C1,BE,BC,BA,B4,AB,A4,9B,94,89,7E,75,6C,64,5F,
30,30,30,30,30,30,30,2F,2E,2E,2F,2E,2E,2E,2F,30,
33,38,3E,44,49,4F,56,5A,61,65,6A,70,76,7C,83,88,
88,8A,8F,95,9B,A2,A7,AB,AE,AF,B0,B0,AF,AE,AE,AE,
AE,AE,AD,AE,AE,AF,AF,AE,AF,AC,A4,9E,9B,92,83,79,
6F,65,56,4D,4C,4A,48,49,52,5C,68,70,70,66,54,45,
39,35,37,36,35,39,41,4F,5E,62,5C,52,43,39,3C,3E,
42,42,3C,3B,3C,3C,3E,3B,34,31,33,30,2C,2B,2B,32,
3C,51,74,85,82,77,62,54,4E,4B,47,47,4C,54,59,59,
58,60,6A,71,75,77,79,79,7D,80,85,85,7F,78,76,78,
87,8D,90,90,91,8A,7A,6D,67,60,59,55,55,53,4E,49,
3F,3D,3C,39,32,31,35,37,3B,38,35,35,38,39,37,34,
34,35,37,3A,3D,3D,3C,3B,36,35,34,34,35,38,3A,3B,
35,35,34,33,33,33,33,34,33,33,34,33,33,33,34,35,
36,36,37,38,38,38,39,3A,3B,3B,3B,3A,3A,39,39,38,
37,3A,3D,3D,3A,38,39,3A,41,47,4B,49,45,41,3C,38,
36,36,39,3D,3C,38,37,39,3C,40,47,4D,53,58,5D,60,
61,64,68,6C,6E,6F,71,73,76,78,7B,7D,7F,81,85,87,
8A,8D,91,93,95,96,98,9A,9C,9C,9D,9C,9B,9C,9E,A0,
A4,A4,A4,A4,A3,A1,9F,9E,9E,9D,9A,98,97,95,92,91,
90,8E,8C,8D,8C,81,6B,57,45,39,35,37,3C,3C,36,35,
35,36,38,3A,3A,39,37,36,35,35,36,37,39,3A,3C,3D,
3A,38,35,33,32,32,32,32,34,33,35,37,3B,47,58,62,
64,5F,58,51,4D,4C,4C,4D,4D,4B,4C,4D,4D,4F,4F,4A,
42,43,50,4D,43,3C,3C,4D,6D,87,9C,A4,A1,9E,9E,99,
92,90,8E,8E,8F,8F,91,92,92,92,91,91,91,91,91,92,
96,96,96,96,96,96,96,96,97,96,96,96,95,94,94,93,
93,93,92,91,90,90,8F,8F,8F,8F,8F,8F,8E,8D,8D,8D,
89,89,88,87,85,84,82,82,80,7F,7E,7D,7D,7D,7E,7E,
84,8B,95,A3,B2,BC,C5,CD,D5,D9,DA,D7,D6,D4,D3,D4,
D5,D4,D4,D3,D3,D3,D3,D3,D3,D3,D3,D3,D4,D4,D4,D4,
D2,D2,D3,D3,D4,D3,D2,D1,CB,CA,C9,C8,C7,C5,C4,C2,
BB,B8,B4,B1,AD,A4,97,8E,83,7A,6E,62,58,50,48,44;